{"type":"FeatureCollection","features":[{"type":"Feature","geometry":{"type":"Polygon","coordinates":[[[-7.46639666,38.92637388],[-7.49763311,38.86694099],[-7.46550507,38.83709284],[-7.47124396,38.82453344],[-7.50125616,38.82243092],[-7.56422451,38.76197325],[-7.49100366,38.71301395],[-7.46042399,38.77468223],[-7.39167306,38.80161924],[-7.42429228,38.84801251],[-7.40458789,38.84865117],[-7.42772998,38.87692424],[-7.42274415,38.90321678],[-7.46639666,38.92637388]]]},"properties":{"con_name":"Borba","con_code":"0703","dis_name":"\u00c9vora"}},{"type":"Feature","geometry":{"type":"Polygon","coordinates":[[[-8.00889438,39.47320707],[-7.99502078,39.47982101],[-8.00492941,39.49708958],[-7.98176365,39.51601357],[-7.97001915,39.54876067],[-7.95489668,39.56503076],[-7.85109962,39.50986915],[-7.80898814,39.5657832],[-7.86438853,39.638162],[-7.91486728,39.66847911],[-7.95770699,39.66138981],[-7.95780177,39.74105441],[-7.99043391,39.72846176],[-8.03763335,39.74782958],[-8.0551767,39.73586122],[-8.05796628,39.67194216],[-8.07883559,39.65699784],[-8.0535726,39.61650647],[-8.10831012,39.61335035],[-8.08152633,39.58776166],[-8.08657353,39.55033261],[-8.06130569,39.52430064],[-8.06518448,39.47210288],[-8.00889438,39.47320707]]]},"properties":{"con_name":"Ma\u00e7\u00e3o","con_code":"1413","dis_name":"Santar\u00e9m"}},{"type":"Feature","geometry":{"type":"Polygon","coordinates":[[[-7.74919601,41.20877725],[-7.76395508,41.22144976],[-7.7501339,41.23563782],[-7.75536227,41.27301871],[-7.78808451,41.24599326],[-7.82855162,41.26580563],[-7.89573061,41.24892776],[-7.85096671,41.23689886],[-7.84808068,41.22252023],[-7.83641309,41.23141572],[-7.83780274,41.20091428],[-7.77719236,41.17473936],[-7.75230156,41.1769826],[-7.74919601,41.20877725]]]},"properties":{"con_name":"Santa Marta de Penagui\u00e3o","con_code":"1711","dis_name":"Vila Real"}},{"type":"Feature","geometry":{"type":"Polygon","coordinates":[[[-7.36330938,41.44197904],[-7.29830853,41.46458132],[-7.2839546,41.51562777],[-7.2291123,41.5227975],[-7.258717,41.59143909],[-7.20889568,41.71177783],[-7.17204028,41.74475401],[-7.18902308,41.78323042],[-7.22199932,41.76864699],[-7.28060602,41.77402068],[-7.32973081,41.72417349],[-7.36595919,41.71515523],[-7.36451613,41.67386466],[-7.376517,41.70004415],[-7.41498272,41.70321908],[-7.43306317,41.68557053],[-7.42840025,41.64613099],[-7.45387132,41.63940177],[-7.45407632,41.60725607],[-7.50709024,41.58127365],[-7.52806567,41.59036991],[-7.4838061,41.50181352],[-7.44658754,41.49690503],[-7.41090252,41.52403169],[-7.38347067,41.48994418],[-7.40557308,41.46060452],[-7.36330938,41.44197904]]]},"properties":{"con_name":"Valpa\u00e7os","con_code":"1712","dis_name":"Vila Real"}},{"type":"Feature","geometry":{"type":"MultiPolygon","coordinates":[[[[-8.98663126,37.01841112],[-8.98646508,37.01843151],[-8.98644658,37.01849669],[-8.98660992,37.01851237],[-8.98663126,37.01841112]]],[[[-8.99734945,37.02204435],[-8.99722694,37.02208174],[-8.99730711,37.0224231],[-8.99754502,37.02225603],[-8.99734945,37.02204435]]],[[[-8.99142062,37.03061594],[-8.99269021,37.03049258],[-8.99351294,37.0296326],[-8.99139176,37.02955039],[-8.99142062,37.03061594]]],[[[-8.98115512,37.05152257],[-8.98101825,37.05172926],[-8.98134164,37.05193788],[-8.98127647,37.05152675],[-8.98115512,37.05152257]]],[[[-8.98056328,37.05453567],[-8.98042236,37.05458055],[-8.98077857,37.05470794],[-8.9807688,37.05463719],[-8.98056328,37.05453567]]],[[[-8.98150653,37.05515343],[-8.98164858,37.05520972],[-8.98186787,37.05513562],[-8.9814869,37.0550067],[-8.98150653,37.05515343]]],[[[-8.9805349,37.05521769],[-8.98027075,37.0552922],[-8.98026073,37.05540193],[-8.98046637,37.05551526],[-8.9805349,37.05521769]]],[[[-8.98104283,37.0554605],[-8.98125831,37.0556497],[-8.98133665,37.05562716],[-8.98100754,37.05532063],[-8.98104283,37.0554605]]],[[[-8.98006297,37.05642189],[-8.98000608,37.05663449],[-8.98028093,37.05664136],[-8.98019177,37.05651918],[-8.98006297,37.05642189]]],[[[-8.97923083,37.05658578],[-8.97911668,37.0567851],[-8.97935924,37.05696213],[-8.97937614,37.0567227],[-8.97923083,37.05658578]]],[[[-8.97943378,37.05697277],[-8.97944497,37.05703856],[-8.97969623,37.05705839],[-8.97950722,37.05687404],[-8.97943378,37.05697277]]],[[[-8.97971428,37.0573165],[-8.97954024,37.05726567],[-8.97973209,37.05750298],[-8.97978908,37.05745058],[-8.97971428,37.0573165]]],[[[-8.97710523,37.05831058],[-8.9773201,37.05836402],[-8.97694905,37.05801597],[-8.97683453,37.05819168],[-8.97710523,37.05831058]]],[[[-8.97321611,37.06147584],[-8.97316023,37.06162842],[-8.97335554,37.06167028],[-8.9733774,37.06163382],[-8.97321611,37.06147584]]],[[[-8.97353236,37.0615855],[-8.97382452,37.06164245],[-8.97389387,37.06152797],[-8.9734446,37.06144764],[-8.97353236,37.0615855]]],[[[-8.95419913,37.09763364],[-8.95408509,37.09768741],[-8.95406943,37.09786178],[-8.95425091,37.09781421],[-8.95419913,37.09763364]]],[[[-8.95457762,37.09786069],[-8.9543673,37.09777925],[-8.95430925,37.09803997],[-8.95444983,37.0980161],[-8.95457762,37.09786069]]],[[[-8.95474368,37.09807128],[-8.95458749,37.0980666],[-8.95452412,37.09818715],[-8.95470282,37.09816302],[-8.95474368,37.09807128]]],[[[-8.91618087,37.01466395],[-8.91608123,37.01459027],[-8.91595216,37.01468105],[-8.91609401,37.01481707],[-8.91618087,37.01466395]]],[[[-8.91599093,37.01491164],[-8.91557529,37.01496521],[-8.91540669,37.01526727],[-8.91572448,37.01531239],[-8.91599093,37.01491164]]],[[[-8.91642435,37.01558169],[-8.91667609,37.0157715],[-8.91701603,37.01543694],[-8.91662361,37.01522437],[-8.91642435,37.01558169]]],[[[-8.91736059,37.01606432],[-8.91789242,37.01569317],[-8.91764151,37.01504941],[-8.91712426,37.01584305],[-8.91736059,37.01606432]]],[[[-8.92026686,37.01587305],[-8.92003686,37.01577681],[-8.91989815,37.01594596],[-8.9201443,37.01610471],[-8.92026686,37.01587305]]],[[[-8.91834093,37.01628877],[-8.91922865,37.01660763],[-8.91943771,37.0156869],[-8.91841931,37.01530241],[-8.91834093,37.01628877]]],[[[-8.91976686,37.01632239],[-8.919985,37.01629355],[-8.91996801,37.01616067],[-8.91984314,37.01615753],[-8.91976686,37.01632239]]],[[[-8.91693554,37.01722526],[-8.91694312,37.01745993],[-8.91738416,37.01733961],[-8.91716365,37.01714942],[-8.91693554,37.01722526]]],[[[-8.91441831,37.02012093],[-8.91431371,37.020211],[-8.91439946,37.02038668],[-8.9145144,37.02022076],[-8.91441831,37.02012093]]],[[[-8.90741564,37.02285048],[-8.90731744,37.02280877],[-8.90738333,37.02293413],[-8.90741564,37.02285048]]],[[[-8.90789792,37.02302421],[-8.90775695,37.02302017],[-8.90768116,37.02322503],[-8.90772125,37.02325468],[-8.90789792,37.02302421]]],[[[-8.90627168,37.02354005],[-8.90619954,37.02361774],[-8.90627478,37.02369077],[-8.90634582,37.02367039],[-8.90627168,37.02354005]]],[[[-8.90930235,37.15552487],[-8.95848199,37.09417145],[-8.99700516,37.02324607],[-8.96378942,37.02527312],[-8.94980508,36.99373041],[-8.8942693,37.04252886],[-8.77226125,37.07122626],[-8.77931098,37.11025266],[-8.84882378,37.15030149],[-8.84638503,37.16541114],[-8.90930235,37.15552487]]],[[[-8.95375051,37.09743365],[-8.95379214,37.09748643],[-8.95398812,37.09740552],[-8.95392857,37.09732871],[-8.95375051,37.09743365]]],[[[-8.95391197,37.09769744],[-8.95381806,37.09770908],[-8.95372521,37.09782011],[-8.95388711,37.09784322],[-8.95391197,37.09769744]]]]},"properties":{"con_name":"Vila do Bispo","con_code":"0815","dis_name":"Faro"}},{"type":"Feature","geometry":{"type":"Polygon","coordinates":[[[-8.4585711,41.73376371],[-8.37492536,41.77038566],[-8.30680682,41.76117568],[-8.29153039,41.78194434],[-8.27224986,41.77104851],[-8.19615388,41.81245136],[-8.16736044,41.80758282],[-8.16177236,41.86097505],[-8.1717214,41.87909166],[-8.22696099,41.87099779],[-8.28390248,41.85732266],[-8.33531369,41.81471576],[-8.47237056,41.8016388],[-8.47541517,41.74025861],[-8.4585711,41.73376371]]]},"properties":{"con_name":"Ponte da Barca","con_code":"1606","dis_name":"Viana do Castelo"}},{"type":"Feature","geometry":{"type":"MultiPolygon","coordinates":[[[[-8.87166595,41.795168],[-8.84375282,41.78074593],[-8.83112247,41.8030077],[-8.75574969,41.79620686],[-8.74784476,41.82775336],[-8.69026293,41.81414765],[-8.67010195,41.84674587],[-8.75986384,41.88054914],[-8.7816788,41.91641934],[-8.81233036,41.91304296],[-8.87152978,41.86390078],[-8.87166595,41.795168]]],[[[-8.87415752,41.86020001],[-8.87523551,41.86014776],[-8.87567642,41.85872513],[-8.87408286,41.858753],[-8.87415752,41.86020001]]]]},"properties":{"con_name":"Caminha","con_code":"1602","dis_name":"Viana do Castelo"}},{"type":"Feature","geometry":{"type":"Polygon","coordinates":[[[-7.78231307,40.23000071],[-7.73375043,40.23688875],[-7.61889584,40.29958887],[-7.58343246,40.38757064],[-7.59949724,40.42123677],[-7.62848511,40.41973088],[-7.63779824,40.44986422],[-7.67624095,40.4781629],[-7.74176763,40.49013331],[-7.72111365,40.53551683],[-7.82273543,40.50812211],[-7.82729769,40.48181542],[-7.79694659,40.45742301],[-7.84922674,40.42752735],[-7.82688226,40.40321991],[-7.79716855,40.40504642],[-7.80506278,40.34929641],[-7.75917314,40.33494929],[-7.76532911,40.31640041],[-7.80436256,40.30757894],[-7.82578281,40.26577065],[-7.78231307,40.23000071]]]},"properties":{"con_name":"Seia","con_code":"0912","dis_name":"Guarda"}},{"type":"Feature","geometry":{"type":"Polygon","coordinates":[[[-8.53934452,40.83377759],[-8.55085942,40.84898896],[-8.52646562,40.8618911],[-8.52323708,40.89053587],[-8.57159781,40.87457731],[-8.60302784,40.97276931],[-8.65311933,40.96477828],[-8.69598097,40.81623935],[-8.66621308,40.81963348],[-8.66718032,40.7957315],[-8.64172582,40.81578072],[-8.53934452,40.83377759]]]},"properties":{"con_name":"Ovar","con_code":"0115","dis_name":"Aveiro"}},{"type":"Feature","geometry":{"type":"Polygon","coordinates":[[[-8.9340865,39.68777604],[-8.94159145,39.67727493],[-8.91468428,39.66816146],[-8.91116183,39.63687445],[-8.81754514,39.69552914],[-8.8020451,39.67556277],[-8.71880612,39.66588216],[-8.70218481,39.6374184],[-8.64946835,39.66064376],[-8.63207571,39.69552965],[-8.67918215,39.70886804],[-8.66418299,39.72505943],[-8.67986944,39.76937503],[-8.62333534,39.79621421],[-8.67604875,39.83014083],[-8.72974729,39.83952317],[-8.76085655,39.89834075],[-8.93223255,39.9654264],[-8.96816591,39.88650808],[-8.89376815,39.87945938],[-8.9281139,39.8631034],[-8.89562934,39.81781625],[-8.91176952,39.80120973],[-8.90447468,39.78522737],[-8.86802069,39.77340688],[-8.87400881,39.74255685],[-8.91707662,39.72036499],[-8.9340865,39.68777604]]]},"properties":{"con_name":"Leiria","con_code":"1009","dis_name":"Leiria"}},{"type":"Feature","geometry":{"type":"Polygon","coordinates":[[[-8.38238591,40.90212184],[-8.29796801,40.87159526],[-8.27973011,40.84484646],[-8.231518,40.86469454],[-8.19051293,40.84612297],[-8.16744019,40.86618073],[-8.10642141,40.8551654],[-8.13260014,40.94799801],[-8.08917218,40.98755528],[-8.09108351,41.00897036],[-8.14291806,40.97855657],[-8.21295692,40.99404206],[-8.20375483,41.00943256],[-8.22531145,41.01586157],[-8.24313106,41.00050743],[-8.24055432,40.96360311],[-8.30957193,40.96225874],[-8.3591726,40.98888576],[-8.35693019,41.00215888],[-8.38418584,41.00365303],[-8.43417103,40.95607889],[-8.43183067,40.93569333],[-8.38238591,40.90212184]]]},"properties":{"con_name":"Arouca","con_code":"0104","dis_name":"Aveiro"}},{"type":"Feature","geometry":{"type":"MultiPolygon","coordinates":[[[[-16.3821092,33.01864622],[-16.39439616,33.00597546],[-16.38192987,32.99611834],[-16.37989782,32.99782534],[-16.3821092,33.01864622]]],[[[-16.38149445,33.01004283],[-16.38143375,33.0099469],[-16.38134497,33.0099717],[-16.38144558,33.01008053],[-16.38149445,33.01004283]]],[[[-16.38261228,33.01998478],[-16.38262542,33.01992141],[-16.38245303,33.01996797],[-16.38251026,33.0200127],[-16.38261228,33.01998478]]],[[[-16.3843607,33.02018601],[-16.38424652,33.0203535],[-16.38449725,33.02001809],[-16.38441561,33.02000015],[-16.3843607,33.02018601]]],[[[-16.40436138,33.03819767],[-16.40219952,33.03928535],[-16.41041293,33.04177909],[-16.40912656,33.03457146],[-16.40436138,33.03819767]]],[[[-16.40139664,33.03932666],[-16.40247667,33.03886744],[-16.4024138,33.0385826],[-16.40137194,33.03873393],[-16.40139664,33.03932666]]],[[[-16.40779888,33.04077584],[-16.40769789,33.04068101],[-16.40758286,33.04079406],[-16.4078456,33.04089923],[-16.40779888,33.04077584]]],[[[-16.3892705,33.04290929],[-16.38921804,33.04284212],[-16.38911748,33.04291335],[-16.38919327,33.0429365],[-16.3892705,33.04290929]]],[[[-16.38899799,33.04317184],[-16.38886612,33.04326243],[-16.38905382,33.04337654],[-16.38913214,33.04331979],[-16.38899799,33.04317184]]],[[[-16.38936311,33.04332263],[-16.38935989,33.04326653],[-16.38926442,33.04327351],[-16.3892901,33.0433456],[-16.38936311,33.04332263]]],[[[-16.3869365,33.04828889],[-16.38713047,33.04775791],[-16.38656457,33.04895479],[-16.38668431,33.04891013],[-16.3869365,33.04828889]]],[[[-16.38358282,33.05097517],[-16.38392421,33.05074686],[-16.38389956,33.05051669],[-16.38326258,33.05083593],[-16.38358282,33.05097517]]],[[[-16.38041154,33.0562951],[-16.38033229,33.05627529],[-16.38032814,33.05638366],[-16.38040435,33.05635919],[-16.38041154,33.0562951]]],[[[-16.37690339,33.05905394],[-16.3769361,33.0586385],[-16.37689302,33.05853804],[-16.37684679,33.0591368],[-16.37690339,33.05905394]]],[[[-16.37673936,33.05959738],[-16.37667395,33.05960302],[-16.37666699,33.05975673],[-16.37673772,33.05971754],[-16.37673936,33.05959738]]],[[[-16.37956684,33.06377702],[-16.37942772,33.06344325],[-16.37904582,33.06400239],[-16.37922867,33.06402794],[-16.37956684,33.06377702]]],[[[-16.37865481,33.06480241],[-16.37862297,33.06441033],[-16.37839093,33.06441732],[-16.37836064,33.06495042],[-16.37865481,33.06480241]]],[[[-16.37700908,33.0652406],[-16.37705737,33.06481169],[-16.37698689,33.06479179],[-16.37663403,33.0653767],[-16.37700908,33.0652406]]],[[[-16.37707687,33.06706053],[-16.37710062,33.06681439],[-16.37677219,33.06704067],[-16.37691338,33.06718968],[-16.37707687,33.06706053]]],[[[-16.37751515,33.02467837],[-16.32951458,33.06012343],[-16.2930298,33.05995934],[-16.29948277,33.08429614],[-16.29449335,33.09961232],[-16.32222098,33.10731576],[-16.36014713,33.08307054],[-16.3718088,33.08131253],[-16.397861,33.04065534],[-16.37751515,33.02467837]]],[[[-16.37665683,33.06736667],[-16.37660937,33.06717319],[-16.37635856,33.06740246],[-16.37650753,33.06746778],[-16.37665683,33.06736667]]],[[[-16.37561641,33.06877802],[-16.37551738,33.06864693],[-16.37538807,33.06878643],[-16.37553815,33.06892158],[-16.37561641,33.06877802]]],[[[-16.37572586,33.07177019],[-16.37559814,33.07160183],[-16.37541791,33.07185743],[-16.3755725,33.07187354],[-16.37572586,33.07177019]]],[[[-16.37622349,33.07242183],[-16.376025,33.07231659],[-16.3758618,33.07270709],[-16.37610206,33.0725711],[-16.37622349,33.07242183]]],[[[-16.37106275,33.07816106],[-16.3710928,33.07805174],[-16.37094193,33.07811576],[-16.37101212,33.07814695],[-16.37106275,33.07816106]]],[[[-16.37076057,33.08219283],[-16.37065412,33.0821919],[-16.37063091,33.08230062],[-16.37072199,33.08227395],[-16.37076057,33.08219283]]],[[[-16.36515466,33.0829764],[-16.36507548,33.08292749],[-16.36506816,33.08301769],[-16.36514825,33.08304485],[-16.36515466,33.0829764]]],[[[-16.35993919,33.08507934],[-16.36023679,33.08475956],[-16.35987528,33.08458451],[-16.35977374,33.08484358],[-16.35993919,33.08507934]]],[[[-16.34448382,33.09532907],[-16.34459283,33.09528371],[-16.34454101,33.0950569],[-16.34440736,33.09511047],[-16.34448382,33.09532907]]],[[[-16.34541949,33.09546838],[-16.34541851,33.09521857],[-16.34476409,33.09514814],[-16.34491355,33.09578823],[-16.34541949,33.09546838]]],[[[-16.31808736,33.10342276],[-16.31772492,33.10327557],[-16.31744467,33.10344329],[-16.31760885,33.10351363],[-16.31808736,33.10342276]]],[[[-16.37077127,33.10392503],[-16.37046066,33.10258243],[-16.36873431,33.10231892],[-16.36924062,33.10336788],[-16.37077127,33.10392503]]],[[[-16.32604057,33.10421613],[-16.32572433,33.10397525],[-16.32518957,33.10387172],[-16.32529073,33.10400964],[-16.32604057,33.10421613]]],[[[-16.32610656,33.10428989],[-16.32605454,33.10432172],[-16.32615209,33.10437578],[-16.32610656,33.10428989]]],[[[-16.32098821,33.10641759],[-16.32093507,33.10635299],[-16.32083704,33.10638165],[-16.32088148,33.10648317],[-16.32098821,33.10641759]]],[[[-16.32211407,33.10845895],[-16.32215265,33.10898436],[-16.32298874,33.10895112],[-16.32277392,33.10837441],[-16.32211407,33.10845895]]],[[[-16.28886429,33.05739091],[-16.28125474,33.05208957],[-16.27751973,33.0528706],[-16.28095925,33.05692367],[-16.28886429,33.05739091]]],[[[-16.29322276,33.06085807],[-16.29283761,33.06022501],[-16.29199209,33.06009596],[-16.29226234,33.0603639],[-16.29322276,33.06085807]]],[[[-16.29336747,33.06124539],[-16.29328594,33.06119497],[-16.29306968,33.06117897],[-16.2932009,33.06126437],[-16.29336747,33.06124539]]],[[[-16.29595536,33.07212885],[-16.29577159,33.07197399],[-16.29564497,33.07212369],[-16.29566035,33.07221424],[-16.29595536,33.07212885]]],[[[-16.29534041,33.07239651],[-16.29550742,33.07228681],[-16.2951923,33.07239805],[-16.29534041,33.07239651]]],[[[-16.29246021,33.07554741],[-16.29205041,33.07526131],[-16.29199164,33.07527848],[-16.29232478,33.0755454],[-16.29246021,33.07554741]]],[[[-16.30098183,33.09690812],[-16.30103264,33.0968596],[-16.30100942,33.09680297],[-16.30094582,33.09684309],[-16.30098183,33.09690812]]],[[[-16.30461534,33.09803071],[-16.30456545,33.09794428],[-16.30443892,33.09801721],[-16.30451513,33.09803432],[-16.30461534,33.09803071]]],[[[-16.29085111,33.10304993],[-16.28850368,33.10186702],[-16.28722563,33.10311854],[-16.28866324,33.10444053],[-16.29085111,33.10304993]]],[[[-16.31552308,33.10321073],[-16.31522432,33.10314037],[-16.31512513,33.10323467],[-16.31542978,33.10333585],[-16.31552308,33.10321073]]],[[[-16.31340228,33.10339674],[-16.31335277,33.10314941],[-16.3126011,33.10310235],[-16.31282428,33.10340859],[-16.31340228,33.10339674]]],[[[-16.313906,33.10343445],[-16.3138186,33.10327061],[-16.3136224,33.10337794],[-16.31377929,33.10350672],[-16.313906,33.10343445]]],[[[-16.31436222,33.10348985],[-16.31435849,33.10337576],[-16.31416986,33.10339834],[-16.31418864,33.10351828],[-16.31436222,33.10348985]]],[[[-16.31524515,33.10346652],[-16.31500433,33.10331603],[-16.31468394,33.10341295],[-16.31495561,33.1036043],[-16.31524515,33.10346652]]],[[[-16.28561697,33.11386011],[-16.28556791,33.11341291],[-16.28523149,33.11349412],[-16.28546599,33.11384742],[-16.28561697,33.11386011]]],[[[-16.28672521,33.11431002],[-16.28645587,33.11346052],[-16.28570612,33.11361735],[-16.28643676,33.11447375],[-16.28672521,33.11431002]]],[[[-16.28604527,33.12666237],[-16.28689344,33.12583773],[-16.28619616,33.12429318],[-16.28398274,33.12610461],[-16.28604527,33.12666237]]]]},"properties":{"con_name":"Porto Santo","con_code":"3201","dis_name":"Madeira"}},{"type":"Feature","geometry":{"type":"Polygon","coordinates":[[[-7.54855789,41.18804803],[-7.52355172,41.17967868],[-7.50291271,41.19945099],[-7.43189207,41.21080152],[-7.4142456,41.24836938],[-7.38863721,41.24296128],[-7.39261529,41.28217392],[-7.36223871,41.3038462],[-7.37568639,41.31364192],[-7.36412146,41.32684815],[-7.38703856,41.32770284],[-7.39672624,41.35748801],[-7.44985835,41.38955155],[-7.58877641,41.4036053],[-7.60121262,41.3625017],[-7.53149742,41.23337945],[-7.54855789,41.18804803]]]},"properties":{"con_name":"Alij\u00f3","con_code":"1701","dis_name":"Vila Real"}},{"type":"Feature","geometry":{"type":"Polygon","coordinates":[[[-8.03560828,39.74710543],[-7.92841644,39.80411895],[-7.91585762,39.8548652],[-7.98567637,39.87708617],[-8.00293483,39.90142645],[-8.04000384,39.90341153],[-8.08689872,39.9432312],[-8.11546076,39.94837254],[-8.14916923,39.88534523],[-8.18620046,39.88130117],[-8.21009134,39.85089321],[-8.27431063,39.84302896],[-8.27201781,39.81947043],[-8.29294478,39.80867405],[-8.27636763,39.77395645],[-8.24233631,39.77841118],[-8.23213086,39.72697926],[-8.16966407,39.7598783],[-8.09954632,39.72782625],[-8.03560828,39.74710543]]]},"properties":{"con_name":"Sert\u00e3","con_code":"0509","dis_name":"Castelo Branco"}},{"type":"Feature","geometry":{"type":"Polygon","coordinates":[[[-8.50334386,39.63186337],[-8.46401093,39.56640404],[-8.49129661,39.54317065],[-8.38215227,39.47660602],[-8.35072766,39.52661606],[-8.24141578,39.59279373],[-8.26767213,39.60586074],[-8.23640603,39.64426295],[-8.2861901,39.65331881],[-8.30442893,39.67927689],[-8.32930905,39.64594204],[-8.33362896,39.69538596],[-8.38403781,39.68063362],[-8.42347874,39.69331637],[-8.43052165,39.67350564],[-8.46411973,39.70777158],[-8.50199869,39.67781354],[-8.50334386,39.63186337]]]},"properties":{"con_name":"Tomar","con_code":"1418","dis_name":"Santar\u00e9m"}},{"type":"Feature","geometry":{"type":"Polygon","coordinates":[[[-8.71791091,38.96273472],[-8.7097173,38.97746137],[-8.67435909,38.96949779],[-8.61689883,38.9953177],[-8.57541673,39.03460001],[-8.59504463,39.07786817],[-8.58223664,39.09035403],[-8.60416158,39.12058034],[-8.64443582,39.11287272],[-8.71168955,39.13262574],[-8.76151878,39.06508386],[-8.80830351,39.04536377],[-8.81241865,39.01457883],[-8.71791091,38.96273472]]]},"properties":{"con_name":"Salvaterra de Magos","con_code":"1415","dis_name":"Santar\u00e9m"}},{"type":"Feature","geometry":{"type":"Polygon","coordinates":[[[-7.94979885,41.00058309],[-7.91458806,41.02092747],[-7.85070004,41.11111093],[-7.87333469,41.14885784],[-7.90150114,41.11934669],[-7.95164994,41.12270076],[-8.0270311,41.09684338],[-7.98546262,41.03546145],[-7.99093391,41.00832968],[-7.94979885,41.00058309]]]},"properties":{"con_name":"Resende","con_code":"1813","dis_name":"Viseu"}},{"type":"Feature","geometry":{"type":"Polygon","coordinates":[[[-7.85114256,41.61510215],[-7.91786972,41.65092828],[-7.89309101,41.66986288],[-7.89470501,41.70155784],[-7.8668871,41.71040257],[-7.84641138,41.69197109],[-7.83069461,41.72781124],[-7.76483504,41.7082357],[-7.65884441,41.72830027],[-7.63139932,41.77497189],[-7.57970106,41.8054848],[-7.61473412,41.83261552],[-7.60185214,41.8665446],[-7.58408982,41.87567839],[-7.58587326,41.88187113],[-7.65387144,41.88119845],[-7.70414249,41.90733979],[-7.84518776,41.88127907],[-7.84151851,41.86647505],[-7.87280525,41.84485469],[-7.89221203,41.85951086],[-7.8846895,41.9243158],[-7.90634307,41.92709575],[-7.92125231,41.87779115],[-7.97456607,41.87530946],[-8.01314943,41.8294901],[-8.05124252,41.8194701],[-8.06177961,41.76063028],[-8.11946507,41.68923808],[-8.03729544,41.70075388],[-7.98468328,41.68182492],[-7.99660593,41.60308346],[-7.88123875,41.58795295],[-7.85114256,41.61510215]]]},"properties":{"con_name":"Montalegre","con_code":"1706","dis_name":"Vila Real"}},{"type":"Feature","geometry":{"type":"Polygon","coordinates":[[[-9.0836066,38.92913127],[-9.07052418,38.90520307],[-9.1178234,38.89140605],[-9.09897842,38.86499576],[-9.11639853,38.86100547],[-9.118434,38.83903958],[-9.08679949,38.86074278],[-9.07438962,38.85131262],[-9.08633277,38.79622532],[-9.02537552,38.86027383],[-8.99592666,38.7932508],[-8.91137903,38.88832674],[-8.89138877,38.94448023],[-8.8506688,38.95988904],[-8.87831213,38.9728942],[-8.8415765,39.01783196],[-8.88970634,39.0315748],[-8.87895186,39.0123877],[-8.9091676,39.00625856],[-8.91167624,39.02795597],[-8.94042857,39.00071613],[-9.02628064,39.01713245],[-9.03886765,39.00809195],[-9.02556472,38.96017125],[-9.09441429,38.96723065],[-9.0836066,38.92913127]]]},"properties":{"con_name":"Vila Franca de Xira","con_code":"1114","dis_name":"Lisboa"}},{"type":"Feature","geometry":{"type":"Polygon","coordinates":[[[-7.75323371,40.52698717],[-7.58147704,40.57295881],[-7.56312448,40.64178363],[-7.57926295,40.65143208],[-7.68010911,40.62428089],[-7.73663235,40.63365616],[-7.74916984,40.65025946],[-7.82511264,40.6335473],[-7.89681432,40.58946081],[-7.84305184,40.57797945],[-7.79048811,40.54218349],[-7.75279162,40.54641886],[-7.75323371,40.52698717]]]},"properties":{"con_name":"Mangualde","con_code":"1806","dis_name":"Viseu"}},{"type":"Feature","geometry":{"type":"Polygon","coordinates":[[[-9.3511846,39.19176813],[-9.33170967,39.19540781],[-9.31417623,39.17474304],[-9.23717522,39.19830841],[-9.23470543,39.2161841],[-9.17844037,39.19784017],[-9.20239006,39.24768232],[-9.18701995,39.268861],[-9.20047751,39.30231639],[-9.25560968,39.31772866],[-9.29693872,39.28345873],[-9.34057631,39.29193454],[-9.3511846,39.19176813]]]},"properties":{"con_name":"Lourinh\u00e3","con_code":"1108","dis_name":"Lisboa"}},{"type":"Feature","geometry":{"type":"Polygon","coordinates":[[[-7.89483272,41.25010898],[-7.82855162,41.26580563],[-7.78808451,41.24599326],[-7.75536227,41.27301871],[-7.76099345,41.21566771],[-7.64817764,41.17968515],[-7.65158507,41.24858786],[-7.6370111,41.26021834],[-7.65368467,41.26483645],[-7.61328374,41.30620336],[-7.60029964,41.3531164],[-7.69748873,41.4133606],[-7.78868738,41.41141049],[-7.81593707,41.39184149],[-7.834283,41.34350427],[-7.92128955,41.29062255],[-7.89483272,41.25010898]]]},"properties":{"con_name":"Vila Real","con_code":"1714","dis_name":"Vila Real"}},{"type":"Feature","geometry":{"type":"Polygon","coordinates":[[[-7.38986728,39.1462335],[-7.35315555,39.11904721],[-7.37156366,39.09263866],[-7.34407663,39.08558632],[-7.3427246,39.06612763],[-7.30979709,39.06445416],[-7.29934146,39.04688336],[-7.21507276,39.04795415],[-7.14835437,39.00658864],[-7.11664908,39.01723069],[-7.11062673,39.03987441],[-7.14693362,39.0678404],[-7.12899767,39.09810473],[-7.14947474,39.12118155],[-7.13507804,39.17146933],[-7.24145984,39.20825512],[-7.31483788,39.18912642],[-7.36459609,39.19568321],[-7.34481091,39.17665718],[-7.38986728,39.1462335]]]},"properties":{"con_name":"Arronches","con_code":"1202","dis_name":"Portalegre"}},{"type":"Feature","geometry":{"type":"Polygon","coordinates":[[[-7.37353566,40.90531932],[-7.33644258,40.90406948],[-7.33817463,40.8669465],[-7.3069131,40.87862256],[-7.19923662,40.82313229],[-7.13349542,40.91617355],[-7.18555759,40.93581866],[-7.16680881,40.97170954],[-7.18533739,41.00192483],[-7.16757802,41.01215484],[-7.21093643,41.03748212],[-7.24609789,41.00645082],[-7.33351416,41.02347157],[-7.37904721,41.01335998],[-7.37882093,40.99122218],[-7.32527222,40.97196061],[-7.33118264,40.94037492],[-7.37353566,40.90531932]]]},"properties":{"con_name":"M\u00eada","con_code":"0909","dis_name":"Guarda"}},{"type":"Feature","geometry":{"type":"Polygon","coordinates":[[[-9.09837667,39.0207861],[-8.94042857,39.00071613],[-8.93575604,39.03543872],[-8.96065568,39.03831287],[-8.93956166,39.08412277],[-8.95561755,39.10985256],[-8.91869574,39.1060591],[-8.93637205,39.15504156],[-8.94745956,39.14714297],[-8.97119494,39.17876019],[-9.0123119,39.18813272],[-9.10741271,39.16762457],[-9.15443351,39.18389038],[-9.13592913,39.13205702],[-9.16389152,39.10631141],[-9.12731522,39.0752841],[-9.12671022,39.03561141],[-9.09837667,39.0207861]]]},"properties":{"con_name":"Alenquer","con_code":"1101","dis_name":"Lisboa"}},{"type":"Feature","geometry":{"type":"Polygon","coordinates":[[[-16.98481079,32.7527232],[-16.98345025,32.72417018],[-17.03076043,32.66101086],[-16.97054924,32.64425727],[-16.9640634,32.7096921],[-16.92867929,32.73565226],[-16.94349443,32.75958072],[-16.98481079,32.7527232]]]},"properties":{"con_name":"C\u00e2mara de Lobos","con_code":"3102","dis_name":"Madeira"}},{"type":"Feature","geometry":{"type":"Polygon","coordinates":[[[-8.41583118,40.76809218],[-8.40615269,40.7880283],[-8.43474587,40.80055861],[-8.40194253,40.80183779],[-8.398054,40.81735567],[-8.42449399,40.86725507],[-8.3993842,40.8729577],[-8.38511984,40.9049522],[-8.40834172,40.92766925],[-8.435789,40.93739757],[-8.45579729,40.93037476],[-8.48076832,40.87998223],[-8.52326564,40.89051082],[-8.52646562,40.8618911],[-8.55085942,40.84898896],[-8.52506927,40.83169479],[-8.54895187,40.81509871],[-8.5491263,40.7918067],[-8.50866258,40.75888469],[-8.45325636,40.78083752],[-8.41583118,40.76809218]]]},"properties":{"con_name":"Oliveira de Azem\u00e9is","con_code":"0113","dis_name":"Aveiro"}},{"type":"Feature","geometry":{"type":"Polygon","coordinates":[[[-6.41978483,41.34361215],[-6.37683685,41.35933161],[-6.39348218,41.36986286],[-6.38832945,41.38555336],[-6.31766043,41.38574215],[-6.33326949,41.410327],[-6.30004675,41.42870395],[-6.30528197,41.44970973],[-6.2509893,41.50019678],[-6.25775057,41.51411087],[-6.18915931,41.5748318],[-6.30229699,41.66181188],[-6.38170026,41.67101732],[-6.37263474,41.60695242],[-6.41232041,41.55165144],[-6.37003114,41.52837282],[-6.38598465,41.49149741],[-6.41842609,41.49730224],[-6.43464336,41.53600613],[-6.4671446,41.55059278],[-6.49973587,41.51162206],[-6.47943611,41.49163092],[-6.48666815,41.46630669],[-6.53149789,41.45581355],[-6.41978483,41.34361215]]]},"properties":{"con_name":"Miranda do douro","con_code":"0406","dis_name":"Bragan\u00e7a"}},{"type":"Feature","geometry":{"type":"Polygon","coordinates":[[[-25.36780784,37.77313584],[-25.31989641,37.72446773],[-25.26740989,37.74580366],[-25.17073887,37.74224479],[-25.14101862,37.77366035],[-25.19955842,37.7863013],[-25.21413844,37.80975419],[-25.36780784,37.77313584]]]},"properties":{"con_name":"Povoa\u00e7\u00e3o","con_code":"4204","dis_name":"A\u00e7ores"}},{"type":"Feature","geometry":{"type":"Polygon","coordinates":[[[-7.97770032,40.13967315],[-7.99550602,40.13716114],[-7.9828243,40.17154722],[-7.9960577,40.18877934],[-8.00415785,40.17386702],[-8.06282943,40.167203],[-8.09711539,40.20093306],[-8.17041859,40.20882104],[-8.17323294,40.17634156],[-8.1515385,40.147805],[-8.17909866,40.08973603],[-8.14374382,40.07278233],[-8.15600418,40.02194006],[-8.1080503,39.962125],[-8.07644869,40.00593132],[-8.03133485,40.01651784],[-8.05731199,40.09899567],[-8.00304257,40.11467898],[-7.95638692,40.10438761],[-7.94866638,40.11727292],[-7.97770032,40.13967315]]]},"properties":{"con_name":"G\u00f3is","con_code":"0606","dis_name":"Coimbra"}},{"type":"Feature","geometry":{"type":"Polygon","coordinates":[[[-8.30097332,40.17965393],[-8.24555608,40.17610115],[-8.17359967,40.20554811],[-8.18715491,40.23108472],[-8.16362927,40.24927844],[-8.25236507,40.25388388],[-8.31903763,40.23758049],[-8.34031332,40.21861486],[-8.30097332,40.17965393]]]},"properties":{"con_name":"Vila Nova de Poiares","con_code":"0617","dis_name":"Coimbra"}},{"type":"Feature","geometry":{"type":"Polygon","coordinates":[[[-9.15700378,38.57393914],[-9.17834789,38.61127914],[-9.16474258,38.6453458],[-9.12891033,38.65549111],[-9.1510475,38.67203052],[-9.1462996,38.68841397],[-9.26297015,38.66272407],[-9.21896942,38.61682628],[-9.18782157,38.55032124],[-9.15700378,38.57393914]]]},"properties":{"con_name":"Almada","con_code":"1503","dis_name":"Set\u00fabal"}},{"type":"Feature","geometry":{"type":"Polygon","coordinates":[[[-7.94211412,37.14404782],[-7.90589055,37.12510703],[-7.82366041,37.12251521],[-7.84274034,37.18862192],[-7.81754405,37.19260856],[-7.82977077,37.21609783],[-7.8088722,37.21954321],[-7.7859173,37.25784878],[-7.85594855,37.26876565],[-7.91057024,37.2535214],[-7.91198748,37.21223075],[-7.92680013,37.22646219],[-7.96599897,37.19911373],[-7.94211412,37.14404782]]]},"properties":{"con_name":"S\u00e3o Br\u00e1s de Alportel","con_code":"0812","dis_name":"Faro"}},{"type":"Feature","geometry":{"type":"Polygon","coordinates":[[[-8.04558521,40.38119845],[-7.97385688,40.40515271],[-7.9040578,40.45335053],[-7.93371919,40.48603058],[-7.94348954,40.5374984],[-7.96551163,40.5352922],[-7.95915354,40.51748739],[-8.06852697,40.43385423],[-8.04558521,40.38119845]]]},"properties":{"con_name":"Carregal do Sal","con_code":"1802","dis_name":"Viseu"}},{"type":"Feature","geometry":{"type":"Polygon","coordinates":[[[-7.53302212,39.00812573],[-7.4528656,38.96444459],[-7.46611417,38.92603737],[-7.42292591,38.90348767],[-7.42182322,38.86491572],[-7.39050021,38.87961359],[-7.39874533,38.90095171],[-7.35474462,38.9122507],[-7.37105674,38.91743221],[-7.35891705,38.92722572],[-7.37116134,38.94288945],[-7.34138241,39.00845769],[-7.29796153,39.04632649],[-7.37156366,39.09263866],[-7.35315555,39.11904721],[-7.38129191,39.14232879],[-7.52169953,39.1906285],[-7.52428934,39.16682395],[-7.56810899,39.14311459],[-7.51205135,39.04361353],[-7.53739339,39.02305794],[-7.53302212,39.00812573]]]},"properties":{"con_name":"Monforte","con_code":"1211","dis_name":"Portalegre"}},{"type":"Feature","geometry":{"type":"Polygon","coordinates":[[[-8.43986018,41.24463822],[-8.33301703,41.25284167],[-8.32308753,41.29474386],[-8.33421758,41.29853689],[-8.31729745,41.31694292],[-8.33999436,41.33516938],[-8.3947928,41.33342218],[-8.39726225,41.31105857],[-8.42989818,41.29797486],[-8.45033405,41.26202756],[-8.45216036,41.24333689],[-8.43986018,41.24463822]]]},"properties":{"con_name":"Pa\u00e7os de Ferreira","con_code":"1309","dis_name":"Porto"}},{"type":"Feature","geometry":{"type":"Polygon","coordinates":[[[-28.65548528,38.52389017],[-28.6213928,38.51609944],[-28.59817437,38.59397863],[-28.66262567,38.63017929],[-28.71492157,38.64409431],[-28.75505642,38.61076645],[-28.83479281,38.60254154],[-28.76073268,38.5625486],[-28.75317681,38.52192283],[-28.65548528,38.52389017]]]},"properties":{"con_name":"Horta","con_code":"4701","dis_name":"A\u00e7ores"}},{"type":"Feature","geometry":{"type":"Polygon","coordinates":[[[-8.06925448,37.9982646],[-8.14107252,37.96466786],[-8.29360876,37.9933232],[-8.29937797,37.89917826],[-8.33619241,37.86458844],[-8.32617406,37.81347102],[-8.28870833,37.78761314],[-8.2054211,37.80612405],[-8.17769229,37.7855437],[-8.16402325,37.80528062],[-8.13802003,37.78007395],[-8.04812994,37.81787474],[-8.08315098,37.88476206],[-8.04818599,37.95632867],[-8.06925448,37.9982646]]]},"properties":{"con_name":"Aljustrel","con_code":"0201","dis_name":"Beja"}},{"type":"Feature","geometry":{"type":"Polygon","coordinates":[[[-8.13974898,37.62931081],[-8.14617267,37.57874984],[-8.16568586,37.60225686],[-8.21669229,37.56397195],[-8.26498451,37.56029213],[-8.23784635,37.51590594],[-8.24113845,37.49104957],[-8.20839723,37.45266888],[-8.23859093,37.44202754],[-8.27561412,37.38715841],[-8.18720192,37.34107965],[-8.06584677,37.31893673],[-8.02804422,37.35437735],[-7.9902132,37.3633846],[-8.00667349,37.37710761],[-7.99985077,37.3980713],[-7.8884915,37.41500927],[-7.92290009,37.4693594],[-7.90009829,37.48928415],[-7.92911427,37.49696771],[-7.90152383,37.51922683],[-7.93233922,37.5471469],[-7.88654148,37.56578091],[-7.9038389,37.58579553],[-7.98973072,37.56124022],[-7.99908867,37.60935597],[-8.13974898,37.62931081]]]},"properties":{"con_name":"Almod\u00f4var","con_code":"0202","dis_name":"Beja"}},{"type":"Feature","geometry":{"type":"Polygon","coordinates":[[[-31.11400359,39.66927127],[-31.082518,39.69915339],[-31.10562531,39.72598348],[-31.1288356,39.70226439],[-31.11400359,39.66927127]]]},"properties":{"con_name":"Corvo","con_code":"4901","dis_name":"A\u00e7ores"}},{"type":"Feature","geometry":{"type":"Polygon","coordinates":[[[-25.58650293,37.7700517],[-25.56628884,37.77944199],[-25.48058753,37.76065144],[-25.43659351,37.78563556],[-25.37377155,37.77034511],[-25.3670844,37.7845093],[-25.35863522,37.77731365],[-25.27199558,37.79185441],[-25.30050649,37.80693312],[-25.31677858,37.86676961],[-25.42637858,37.82279126],[-25.47128073,37.82506408],[-25.48792034,37.84759729],[-25.55320608,37.81548097],[-25.61671799,37.82696629],[-25.63885574,37.7915987],[-25.58650293,37.7700517]]]},"properties":{"con_name":"Ribeira Grande","con_code":"4205","dis_name":"A\u00e7ores"}},{"type":"Feature","geometry":{"type":"Polygon","coordinates":[[[-27.27067755,38.80178372],[-27.2738151,38.73191306],[-27.17974697,38.71890216],[-27.16130931,38.73249633],[-27.10600677,38.67824975],[-27.05661898,38.67689168],[-27.04120849,38.6959041],[-27.06215001,38.72277727],[-27.04356449,38.73611847],[-27.10197619,38.78531785],[-27.27067755,38.80178372]]]},"properties":{"con_name":"Praia da Vit\u00f3ria","con_code":"4302","dis_name":"A\u00e7ores"}},{"type":"Feature","geometry":{"type":"Polygon","coordinates":[[[-28.36364265,38.41233556],[-28.27148724,38.41220924],[-28.23986017,38.38207002],[-28.17748354,38.40948763],[-28.08146946,38.39960788],[-28.0282014,38.41542127],[-28.0732195,38.44660449],[-28.169872,38.43290022],[-28.35562013,38.4770423],[-28.40030756,38.46933429],[-28.37606469,38.45610876],[-28.36364265,38.41233556]]]},"properties":{"con_name":"Lajes do Pico","con_code":"4601","dis_name":"A\u00e7ores"}},{"type":"Feature","geometry":{"type":"MultiPolygon","coordinates":[[[[-8.76324833,40.11842152],[-8.73221701,40.03217589],[-8.67546536,40.0300919],[-8.6411178,40.01112172],[-8.64285763,39.99041797],[-8.61495356,39.99230059],[-8.59151181,40.02761398],[-8.55398634,40.02520792],[-8.53881213,39.94884374],[-8.52223255,39.9845306],[-8.49062146,39.98610708],[-8.45725526,40.01237027],[-8.49643497,40.04696635],[-8.53729846,40.04831522],[-8.55831361,40.08405264],[-8.58704489,40.0931414],[-8.58222602,40.13273906],[-8.56033119,40.14125764],[-8.59610108,40.16045612],[-8.66709719,40.17413683],[-8.68005969,40.1477432],[-8.6473987,40.12668804],[-8.69359226,40.11210616],[-8.76324833,40.11842152]]],[[[-8.42873811,40.00331342],[-8.43326141,40.00296076],[-8.4271065,39.99765429],[-8.42461306,40.00070937],[-8.42873811,40.00331342]]],[[[-8.57847051,40.1564749],[-8.57508666,40.15354715],[-8.57302896,40.15444768],[-8.57845827,40.15772198],[-8.57847051,40.1564749]]]]},"properties":{"con_name":"Soure","con_code":"0615","dis_name":"Coimbra"}},{"type":"Feature","geometry":{"type":"Polygon","coordinates":[[[-7.72144974,38.68454905],[-7.67119948,38.62726475],[-7.66686794,38.60774877],[-7.69339188,38.60150117],[-7.68780022,38.57418072],[-7.66703834,38.5667355],[-7.68416278,38.55173442],[-7.66150521,38.54119456],[-7.62546547,38.56599044],[-7.60962377,38.55010623],[-7.65285436,38.52113965],[-7.63332378,38.5119374],[-7.63324934,38.48925266],[-7.56944161,38.47564079],[-7.54238703,38.49241959],[-7.52002363,38.52530332],[-7.56366935,38.54705699],[-7.54310386,38.57602591],[-7.50248124,38.59004403],[-7.52181855,38.66094411],[-7.49100366,38.71301395],[-7.54114747,38.75512808],[-7.54681196,38.73228629],[-7.60936931,38.74110257],[-7.6704741,38.71562762],[-7.68983682,38.72443916],[-7.68752445,38.70128254],[-7.72144974,38.68454905]]]},"properties":{"con_name":"Redondo","con_code":"0710","dis_name":"\u00c9vora"}},{"type":"Feature","geometry":{"type":"Polygon","coordinates":[[[-9.23044831,38.69407485],[-9.23794295,38.68258375],[-9.2077842,38.68146514],[-9.11363388,38.70925733],[-9.08633277,38.79622532],[-9.09939717,38.7963702],[-9.09912562,38.77521761],[-9.14988773,38.79585375],[-9.19317665,38.77227647],[-9.23044831,38.69407485]]]},"properties":{"con_name":"Lisboa","con_code":"1106","dis_name":"Lisboa"}},{"type":"Feature","geometry":{"type":"Polygon","coordinates":[[[-8.00884932,39.47305805],[-7.94208503,39.41865261],[-7.97115779,39.37398779],[-7.9013756,39.33407414],[-7.7688264,39.37822716],[-7.74544877,39.41065245],[-7.78106135,39.4165424],[-7.83617804,39.46795404],[-7.86887077,39.47407222],[-7.88160702,39.49456132],[-7.85144468,39.51170657],[-7.95477121,39.56508587],[-8.00884932,39.47305805]]]},"properties":{"con_name":"Gavi\u00e3o","con_code":"1209","dis_name":"Portalegre"}},{"type":"Feature","geometry":{"type":"Polygon","coordinates":[[[-7.26224014,40.68527028],[-7.22601722,40.67604221],[-7.2011928,40.70056573],[-7.18236129,40.60025682],[-7.16340938,40.6034779],[-7.15681751,40.63356262],[-7.12002731,40.64400751],[-7.09772039,40.63538784],[-7.10502811,40.60064451],[-7.03197473,40.59548579],[-7.00390026,40.67267843],[-7.00796614,40.71126645],[-6.95383215,40.74198139],[-7.02982089,40.81819042],[-7.08656873,40.82479481],[-7.12220858,40.86461081],[-7.09612696,40.92299712],[-7.10156227,40.97113861],[-7.21923265,40.79436783],[-7.21959595,40.77520631],[-7.18978136,40.76420631],[-7.19338027,40.74005736],[-7.24413192,40.73677592],[-7.26224014,40.68527028]]]},"properties":{"con_name":"Pinhel","con_code":"0910","dis_name":"Guarda"}},{"type":"Feature","geometry":{"type":"Polygon","coordinates":[[[-9.03716586,38.57963376],[-8.99714168,38.59306513],[-9.01203839,38.59583407],[-9.01114808,38.62705936],[-9.04973271,38.64255516],[-9.03251449,38.69011722],[-9.09485586,38.65491178],[-9.06076484,38.62875986],[-9.03716586,38.57963376]]]},"properties":{"con_name":"Barreiro","con_code":"1504","dis_name":"Set\u00fabal"}},{"type":"Feature","geometry":{"type":"Polygon","coordinates":[[[-7.52960514,40.69446621],[-7.48092501,40.7029417],[-7.46574688,40.74444207],[-7.42198187,40.76753615],[-7.46045202,40.79008615],[-7.45408184,40.81418632],[-7.51406102,40.86933692],[-7.55845087,40.8731877],[-7.6281086,40.78150312],[-7.5708661,40.74915494],[-7.59775353,40.72647849],[-7.58621346,40.7094828],[-7.52960514,40.69446621]]]},"properties":{"con_name":"Aguiar da Beira","con_code":"0901","dis_name":"Guarda"}},{"type":"Feature","geometry":{"type":"Polygon","coordinates":[[[-8.37481015,41.05018656],[-8.34728652,41.04060824],[-8.25214028,41.10092339],[-8.22963396,41.14346708],[-8.1914525,41.16575183],[-8.23420405,41.18787085],[-8.23142474,41.20530736],[-8.17664319,41.21605526],[-8.1735082,41.23386996],[-8.27686638,41.24800949],[-8.34676864,41.1916029],[-8.34459582,41.17314215],[-8.38010845,41.15550157],[-8.37108839,41.14029042],[-8.39256895,41.12675145],[-8.37141161,41.09389449],[-8.37481015,41.05018656]]]},"properties":{"con_name":"Penafiel","con_code":"1311","dis_name":"Porto"}},{"type":"Feature","geometry":{"type":"MultiPolygon","coordinates":[[[[-17.23070802,32.84008588],[-17.26592526,32.8140536],[-17.1915351,32.72451515],[-17.14068483,32.70299751],[-17.11506069,32.74621177],[-17.075554,32.77083908],[-17.13905947,32.77007875],[-17.16256249,32.80851279],[-17.19650971,32.80903016],[-17.23070802,32.84008588]]],[[[-17.24698815,32.79043965],[-17.24710257,32.79041284],[-17.24699037,32.79036122],[-17.24698815,32.79043965]]],[[[-17.24973163,32.79729361],[-17.24986586,32.79726063],[-17.24991278,32.79720713],[-17.24969606,32.79720823],[-17.24973163,32.79729361]]],[[[-17.18801929,32.72371766],[-17.18811119,32.72373996],[-17.18808204,32.72365955],[-17.18801929,32.72371766]]]]},"properties":{"con_name":"Calheta","con_code":"3101","dis_name":"Madeira"}},{"type":"Feature","geometry":{"type":"Polygon","coordinates":[[[-7.36508512,41.44032699],[-7.36159065,41.36478266],[-7.2999378,41.33375226],[-7.20081958,41.38863026],[-7.14187162,41.37354428],[-7.11773674,41.39139135],[-7.12435186,41.40761715],[-7.05671345,41.41344129],[-7.03123199,41.43818617],[-7.03777414,41.48217842],[-7.06999529,41.50523081],[-7.03911046,41.53784387],[-7.03624217,41.57923856],[-7.08378447,41.58476517],[-7.08183227,41.61479491],[-7.11059278,41.6269865],[-7.10096716,41.65421018],[-7.12955668,41.67724347],[-7.1288385,41.70566166],[-7.18867738,41.73522514],[-7.258717,41.59143909],[-7.2291123,41.5227975],[-7.2839546,41.51562777],[-7.29830853,41.46458132],[-7.36508512,41.44032699]]]},"properties":{"con_name":"Mirandela","con_code":"0407","dis_name":"Bragan\u00e7a"}},{"type":"Feature","geometry":{"type":"Polygon","coordinates":[[[-7.91111786,41.11980613],[-7.87609943,41.15635435],[-7.8351886,41.15339844],[-7.8214864,41.1801384],[-7.87763338,41.18669354],[-7.8903425,41.20244],[-7.91111786,41.11980613]]]},"properties":{"con_name":"Mes\u00e3o Frio","con_code":"1704","dis_name":"Vila Real"}},{"type":"Feature","geometry":{"type":"Polygon","coordinates":[[[-8.17271914,40.20484598],[-8.09711539,40.20093306],[-8.06282943,40.167203],[-8.00415785,40.17386702],[-7.9960577,40.18877934],[-7.9828243,40.17154722],[-7.99550602,40.13716114],[-7.98108424,40.13632272],[-7.91108879,40.17519682],[-7.88319232,40.21081096],[-7.86780497,40.19010407],[-7.83955779,40.18628047],[-7.82796139,40.20353297],[-7.80887977,40.18185407],[-7.7823925,40.23002293],[-7.82553437,40.26629827],[-7.84371635,40.25956287],[-7.92227368,40.29404376],[-7.94652551,40.28339656],[-7.94597499,40.30061279],[-7.96732173,40.3041309],[-8.04388172,40.24073187],[-8.07618185,40.27591402],[-8.10487942,40.26608991],[-8.11435639,40.30149011],[-8.15987356,40.28615704],[-8.17642287,40.25830122],[-8.20724327,40.25663336],[-8.16362927,40.24927844],[-8.18715491,40.23108472],[-8.17271914,40.20484598]]]},"properties":{"con_name":"Arganil","con_code":"0601","dis_name":"Coimbra"}},{"type":"Feature","geometry":{"type":"Polygon","coordinates":[[[-8.8230943,40.38839057],[-8.70765096,40.37133687],[-8.68386966,40.44175052],[-8.78402888,40.52036476],[-8.8230943,40.38839057]]]},"properties":{"con_name":"Mira","con_code":"0608","dis_name":"Coimbra"}},{"type":"Feature","geometry":{"type":"Polygon","coordinates":[[[-8.11835904,38.46207018],[-8.09904605,38.44214385],[-8.09319514,38.39476178],[-8.06133765,38.39429428],[-8.06440173,38.36606992],[-8.00266761,38.40182826],[-7.94155108,38.41213874],[-7.91860263,38.38454863],[-7.93942748,38.37347489],[-7.94117869,38.35125887],[-7.88986161,38.3726691],[-7.84044489,38.3406814],[-7.83094264,38.36729739],[-7.78329933,38.40538542],[-7.76209216,38.40068322],[-7.7453404,38.43359196],[-7.67496366,38.43444668],[-7.6723894,38.40619112],[-7.61242687,38.38224256],[-7.55493507,38.48573339],[-7.58975329,38.4763718],[-7.64232934,38.4990622],[-7.63241881,38.51029278],[-7.65285436,38.52113965],[-7.60962377,38.55010623],[-7.62546547,38.56599044],[-7.66150521,38.54119456],[-7.68416278,38.55173442],[-7.66707114,38.56618693],[-7.68780022,38.57418072],[-7.69339188,38.60150117],[-7.66686794,38.60774877],[-7.67720905,38.64299473],[-7.79510332,38.7681962],[-7.79987694,38.73794679],[-7.8378498,38.7336747],[-7.83596978,38.70763522],[-7.8521024,38.69851686],[-7.83443886,38.67981372],[-7.85254012,38.64707459],[-7.89225547,38.62785838],[-7.89456142,38.64802463],[-7.91540853,38.64212955],[-7.91063293,38.66111547],[-7.96851937,38.70012108],[-7.97712001,38.68622872],[-8.01183465,38.68884856],[-8.01507791,38.67078527],[-8.03803098,38.68981197],[-8.0644912,38.68235994],[-8.02911117,38.60696159],[-8.05808879,38.59962932],[-8.0629654,38.60836397],[-8.07352393,38.61328757],[-8.06909539,38.59993216],[-8.09852142,38.59587209],[-8.10304801,38.61795853],[-8.15927149,38.62688901],[-8.15676764,38.56394434],[-8.08010889,38.53139236],[-8.08638951,38.47760598],[-8.11035166,38.47969725],[-8.11835904,38.46207018]]]},"properties":{"con_name":"\u00c9vora","con_code":"0705","dis_name":"\u00c9vora"}},{"type":"Feature","geometry":{"type":"Polygon","coordinates":[[[-8.56634161,39.31657504],[-8.46483108,39.37749041],[-8.43580576,39.45912616],[-8.55689692,39.39852169],[-8.57829242,39.36169936],[-8.56760336,39.3464229],[-8.59122693,39.33382213],[-8.56634161,39.31657504]]]},"properties":{"con_name":"Goleg\u00e3","con_code":"1412","dis_name":"Santar\u00e9m"}},{"type":"Feature","geometry":{"type":"Polygon","coordinates":[[[-7.57096331,37.25254024],[-7.53421316,37.25800427],[-7.53469701,37.20653364],[-7.50681282,37.16717681],[-7.42334799,37.19978996],[-7.41257123,37.22149088],[-7.43353239,37.24973624],[-7.42169122,37.27378489],[-7.44217791,37.31129989],[-7.43708186,37.37029873],[-7.5641712,37.39456806],[-7.61277883,37.37674841],[-7.63333688,37.29369401],[-7.57096331,37.25254024]]]},"properties":{"con_name":"Castro Marim","con_code":"0804","dis_name":"Faro"}},{"type":"Feature","geometry":{"type":"Polygon","coordinates":[[[-7.90374982,40.45658367],[-7.82196807,40.50866209],[-7.77907579,40.50988547],[-7.75166123,40.54515497],[-7.79048811,40.54218349],[-7.84305184,40.57797945],[-7.8969018,40.58873013],[-7.94348954,40.5374984],[-7.93371919,40.48603058],[-7.90374982,40.45658367]]]},"properties":{"con_name":"Nelas","con_code":"1809","dis_name":"Viseu"}},{"type":"Feature","geometry":{"type":"Polygon","coordinates":[[[-8.24847814,40.80352943],[-8.21899135,40.79478014],[-8.24478965,40.76019499],[-8.10964134,40.7292205],[-8.05154932,40.74993497],[-8.03426814,40.74161299],[-8.01911189,40.76449241],[-7.96612137,40.76305844],[-7.92751256,40.79912695],[-7.97044997,40.82135725],[-7.96241515,40.84109726],[-7.99937015,40.85043598],[-7.99186787,40.87584803],[-8.00669428,40.86835529],[-8.01392274,40.89740821],[-8.04812228,40.88772146],[-8.03616807,40.91822606],[-8.10569273,40.93653612],[-8.12808727,40.89881464],[-8.10642141,40.8551654],[-8.16744019,40.86618073],[-8.19051293,40.84612297],[-8.23310962,40.8641244],[-8.25509576,40.85585264],[-8.23676351,40.82749159],[-8.24847814,40.80352943]]]},"properties":{"con_name":"S\u00e3o Pedro do Sul","con_code":"1816","dis_name":"Viseu"}},{"type":"Feature","geometry":{"type":"Polygon","coordinates":[[[-7.91410111,38.96445493],[-7.87595285,38.90835846],[-7.78994711,38.89579322],[-7.75202676,38.90824477],[-7.73287636,38.93920019],[-7.69808912,38.91240028],[-7.68343882,38.929373],[-7.63767752,38.91146638],[-7.61653985,38.94562926],[-7.56464299,38.95245446],[-7.53970871,38.98153408],[-7.59092373,39.01308421],[-7.63807912,38.99066927],[-7.66511551,39.01796096],[-7.70761515,39.02232044],[-7.74523222,38.99715741],[-7.76024002,39.01013547],[-7.81401579,38.99125129],[-7.84959807,39.01566777],[-7.8639439,38.98753255],[-7.89553286,39.00471879],[-7.88846721,38.97757235],[-7.91410111,38.96445493]]]},"properties":{"con_name":"Sousel","con_code":"1215","dis_name":"Portalegre"}},{"type":"Feature","geometry":{"type":"Polygon","coordinates":[[[-9.00465784,39.18637757],[-8.97119494,39.17876019],[-8.94745956,39.14714297],[-8.93637205,39.15504156],[-8.91869574,39.1060591],[-8.95561755,39.10985256],[-8.93956166,39.08412277],[-8.96065568,39.03831287],[-8.93575604,39.03543872],[-8.93027698,39.01802485],[-8.91167624,39.02795597],[-8.91359653,39.0076772],[-8.87950834,39.01169515],[-8.88970634,39.0315748],[-8.81858234,39.02929269],[-8.78186101,39.05838703],[-8.80755967,39.10448401],[-8.86803473,39.12861539],[-8.91260756,39.16997145],[-8.81892591,39.19470856],[-8.8769984,39.2517017],[-8.91158581,39.23491274],[-8.98382792,39.24956396],[-9.00465784,39.18637757]]]},"properties":{"con_name":"Azambuja","con_code":"1103","dis_name":"Lisboa"}},{"type":"Feature","geometry":{"type":"Polygon","coordinates":[[[-8.29311314,37.99339613],[-8.11024142,37.9695571],[-8.1157998,37.98214471],[-8.08976917,38.00027776],[-8.04112298,38.00839625],[-8.05514831,38.02151765],[-8.03544286,38.02475548],[-8.04242475,38.04353951],[-8.00722127,38.08401885],[-8.00299091,38.14107478],[-7.97706144,38.15660104],[-8.00975156,38.17169143],[-8.09653531,38.15055957],[-8.12949415,38.22407207],[-8.22058336,38.20241741],[-8.23985441,38.1794221],[-8.2843277,38.18657754],[-8.2910511,38.13868209],[-8.33359998,38.15520395],[-8.36335845,38.10390119],[-8.38893637,38.11496541],[-8.40964656,38.07276968],[-8.36383737,38.02197291],[-8.31899875,38.02616188],[-8.29311314,37.99339613]]]},"properties":{"con_name":"Ferreira do Alentejo","con_code":"0208","dis_name":"Beja"}},{"type":"Feature","geometry":{"type":"Polygon","coordinates":[[[-7.90991124,37.58668594],[-7.88654148,37.56578091],[-7.93233922,37.5471469],[-7.90152383,37.51922683],[-7.92907674,37.4967114],[-7.90018504,37.48942343],[-7.92290009,37.4693594],[-7.88717174,37.43299307],[-7.71299804,37.50177627],[-7.62021522,37.48987878],[-7.57442831,37.52909203],[-7.51245866,37.5262945],[-7.52265587,37.55580361],[-7.50665608,37.55736687],[-7.50375331,37.60479283],[-7.48876581,37.60399168],[-7.44357071,37.66460629],[-7.45221631,37.67805069],[-7.42811368,37.74135858],[-7.51976768,37.77553361],[-7.53953126,37.76212312],[-7.58160394,37.77427707],[-7.63943602,37.74596955],[-7.64953503,37.75733097],[-7.63311469,37.81137316],[-7.66197579,37.82919259],[-7.69157188,37.83195349],[-7.74724187,37.7935987],[-7.76862772,37.80606112],[-7.77341415,37.84414735],[-7.85915795,37.83673539],[-7.91998203,37.80087932],[-7.89369767,37.76255101],[-7.86573489,37.76210523],[-7.88964399,37.74953886],[-7.86490043,37.73208879],[-7.88687477,37.7169773],[-7.8490216,37.66090954],[-7.90020361,37.65641802],[-7.89679073,37.63668091],[-7.87140332,37.63683556],[-7.87791058,37.62406864],[-7.93403832,37.64026055],[-7.90508174,37.61535969],[-7.90991124,37.58668594]]]},"properties":{"con_name":"M\u00e9rtola","con_code":"0209","dis_name":"Beja"}},{"type":"Feature","geometry":{"type":"Polygon","coordinates":[[[-8.12949415,38.22407207],[-8.09653531,38.15055957],[-8.00425672,38.16491552],[-7.92668751,38.21218315],[-7.96194171,38.25348051],[-7.93374266,38.26821394],[-7.9471049,38.3049332],[-7.98141562,38.31817772],[-8.01990667,38.30070677],[-8.05507688,38.32832958],[-8.1327379,38.31281023],[-8.16202424,38.32698183],[-8.1296963,38.26629992],[-8.12949415,38.22407207]]]},"properties":{"con_name":"Alvito","con_code":"0203","dis_name":"Beja"}},{"type":"Feature","geometry":{"type":"Polygon","coordinates":[[[-8.50753016,40.28943505],[-8.45436315,40.27917356],[-8.44906873,40.31711044],[-8.40958822,40.32386169],[-8.40517787,40.35199001],[-8.35723119,40.34809352],[-8.35414706,40.39560694],[-8.45199792,40.39760122],[-8.50530205,40.41613927],[-8.48099205,40.37580984],[-8.4849946,40.31534303],[-8.52985361,40.31565018],[-8.52482016,40.29135337],[-8.50753016,40.28943505]]]},"properties":{"con_name":"Mealhada","con_code":"0111","dis_name":"Aveiro"}},{"type":"Feature","geometry":{"type":"Polygon","coordinates":[[[-25.60631846,37.74451701],[-25.56628166,37.74341289],[-25.50964753,37.70642065],[-25.48373913,37.71787949],[-25.50202466,37.7692764],[-25.56628884,37.77944199],[-25.60631846,37.74451701]]]},"properties":{"con_name":"Lagoa","con_code":"4201","dis_name":"A\u00e7ores"}},{"type":"Feature","geometry":{"type":"Polygon","coordinates":[[[-25.61692557,37.82699135],[-25.6895704,37.84193996],[-25.71879257,37.88731632],[-25.78123312,37.91063074],[-25.82134848,37.90034264],[-25.85481201,37.85968893],[-25.84061627,37.82800271],[-25.68739937,37.73290884],[-25.60004599,37.74946122],[-25.58670895,37.76992304],[-25.63885574,37.7915987],[-25.61692557,37.82699135]]]},"properties":{"con_name":"Ponta delgada","con_code":"4203","dis_name":"A\u00e7ores"}},{"type":"Feature","geometry":{"type":"Polygon","coordinates":[[[-8.76325889,40.11896667],[-8.69359226,40.11210616],[-8.6473987,40.12668804],[-8.68005969,40.1477432],[-8.65471209,40.17592852],[-8.55435425,40.14033537],[-8.56408748,40.18020796],[-8.54750926,40.19965339],[-8.57500342,40.22320358],[-8.5884348,40.28244381],[-8.60858644,40.27227787],[-8.63375472,40.3035317],[-8.74524287,40.31104443],[-8.69987548,40.17289812],[-8.77512354,40.11413788],[-8.76325889,40.11896667]],[[-8.57878443,40.15641316],[-8.57845827,40.15772198],[-8.57302896,40.15444768],[-8.57508666,40.15354715],[-8.57878443,40.15641316]]]},"properties":{"con_name":"Montemor-o-Velho","con_code":"0610","dis_name":"Coimbra"}},{"type":"Feature","geometry":{"type":"Polygon","coordinates":[[[-7.96686585,40.30358127],[-7.94597499,40.30061279],[-7.9471186,40.28358491],[-7.88314523,40.28546279],[-7.8429826,40.2594265],[-7.81826921,40.26935906],[-7.80436256,40.30757894],[-7.76518897,40.31649227],[-7.7601694,40.33585368],[-7.80506278,40.34929641],[-7.79716855,40.40504642],[-7.84512882,40.41408575],[-7.84823421,40.42886781],[-7.79694659,40.45742301],[-7.82831518,40.4985454],[-7.94750566,40.42268611],[-7.89897475,40.35335137],[-7.91732169,40.32228959],[-7.97842584,40.32427907],[-7.96686585,40.30358127]]]},"properties":{"con_name":"Oliveira do Hospital","con_code":"0611","dis_name":"Coimbra"}},{"type":"Feature","geometry":{"type":"Polygon","coordinates":[[[-7.3146448,41.338641],[-7.36159065,41.36478266],[-7.36085364,41.43170574],[-7.37369632,41.45334109],[-7.40557308,41.46060452],[-7.38350982,41.49018357],[-7.41878158,41.52780113],[-7.44658754,41.49690503],[-7.48118683,41.49984469],[-7.47275947,41.46945124],[-7.4970148,41.43964649],[-7.52182266,41.45088423],[-7.5604117,41.43791522],[-7.58877641,41.4036053],[-7.44985835,41.38955155],[-7.41031334,41.37081796],[-7.38648585,41.3274947],[-7.3146448,41.338641]]]},"properties":{"con_name":"Mur\u00e7a","con_code":"1707","dis_name":"Vila Real"}},{"type":"Feature","geometry":{"type":"Polygon","coordinates":[[[-6.53209127,41.45030613],[-6.48652375,41.46652629],[-6.47943611,41.49163092],[-6.49973587,41.51162206],[-6.4671446,41.55059278],[-6.43464336,41.53600613],[-6.41650827,41.49638397],[-6.38681006,41.49078678],[-6.36707049,41.51045913],[-6.37127472,41.52986028],[-6.41231728,41.55125814],[-6.37263474,41.60695242],[-6.38852942,41.65083889],[-6.37838003,41.674356],[-6.44501769,41.68477119],[-6.49956692,41.65709888],[-6.55378947,41.69326722],[-6.57612533,41.65646508],[-6.64501943,41.66382927],[-6.63598375,41.63289751],[-6.67808761,41.56792288],[-6.6585613,41.49027366],[-6.67171916,41.45609197],[-6.62365211,41.46731072],[-6.60709091,41.45169793],[-6.53209127,41.45030613]]]},"properties":{"con_name":"Vimioso","con_code":"0411","dis_name":"Bragan\u00e7a"}},{"type":"Feature","geometry":{"type":"Polygon","coordinates":[[[-8.262735,41.06817117],[-8.20455496,41.09408638],[-8.13551444,41.0838059],[-8.09694287,41.10073673],[-8.11366183,41.13446112],[-8.06645438,41.15748245],[-8.04312758,41.19855826],[-8.08038369,41.22583619],[-8.16278353,41.22216899],[-8.13217869,41.25186239],[-8.14866068,41.25708722],[-8.17420816,41.23629227],[-8.17097159,41.21948761],[-8.23142474,41.20530736],[-8.23420405,41.18787085],[-8.1914525,41.16575183],[-8.22963396,41.14346708],[-8.25214028,41.10092339],[-8.2927945,41.08240625],[-8.262735,41.06817117]]]},"properties":{"con_name":"Marco de Canaveses","con_code":"1307","dis_name":"Porto"}},{"type":"Feature","geometry":{"type":"Polygon","coordinates":[[[-9.03954421,39.74136324],[-8.99654501,39.71371406],[-8.97231075,39.72739792],[-8.96646647,39.70334838],[-8.9341543,39.68847358],[-8.91707662,39.72036499],[-8.87400881,39.74255685],[-8.86884663,39.77555558],[-8.90447468,39.78522737],[-8.91176952,39.80120973],[-8.89562934,39.81781625],[-8.9281139,39.8631034],[-8.89376815,39.87945938],[-8.96859668,39.88622668],[-9.03954421,39.74136324]]]},"properties":{"con_name":"Marinha Grande","con_code":"1010","dis_name":"Leiria"}},{"type":"Feature","geometry":{"type":"Polygon","coordinates":[[[-8.30812527,41.7599673],[-8.30692011,41.72094606],[-8.36100377,41.68972668],[-8.32654181,41.67955567],[-8.27267215,41.70017315],[-8.24633224,41.65236603],[-8.19802128,41.65386609],[-8.08823812,41.71264338],[-8.04502421,41.81002358],[-8.19562766,41.81261812],[-8.27165644,41.77120616],[-8.2944382,41.78089513],[-8.30812527,41.7599673]]]},"properties":{"con_name":"Terras de Bouro","con_code":"0310","dis_name":"Braga"}},{"type":"Feature","geometry":{"type":"Polygon","coordinates":[[[-8.49841147,41.56904045],[-8.42837327,41.61003476],[-8.40747055,41.66247424],[-8.30692011,41.72094606],[-8.30832263,41.76107152],[-8.37492536,41.77038566],[-8.51834424,41.72625164],[-8.52176518,41.67957411],[-8.54736004,41.66327501],[-8.54666955,41.60163639],[-8.49841147,41.56904045]]]},"properties":{"con_name":"Vila Verde","con_code":"0313","dis_name":"Braga"}},{"type":"Feature","geometry":{"type":"Polygon","coordinates":[[[-8.60917341,40.54891733],[-8.63074945,40.49575745],[-8.5759444,40.46550446],[-8.53155598,40.49438086],[-8.45922258,40.50787058],[-8.50409277,40.5594635],[-8.56578258,40.56373344],[-8.59642715,40.52848367],[-8.60917341,40.54891733]]]},"properties":{"con_name":"Oliveira do Bairro","con_code":"0114","dis_name":"Aveiro"}},{"type":"Feature","geometry":{"type":"Polygon","coordinates":[[[-7.22330934,41.1362829],[-7.16375172,41.12613495],[-7.11688349,41.17903035],[-7.13013666,41.13763821],[-7.08385557,41.12599946],[-7.10231968,41.08090816],[-6.99473622,41.03307499],[-6.96761324,41.06122503],[-6.98733983,41.10695381],[-6.89231327,41.10653703],[-6.79817557,41.15471381],[-6.81258996,41.1964661],[-6.85240796,41.22657516],[-6.89784956,41.22313953],[-6.93293856,41.24705507],[-6.9666088,41.24676068],[-7.06927013,41.30918767],[-7.09706279,41.23442733],[-7.1489124,41.25799959],[-7.19488305,41.23180848],[-7.20194697,41.20821765],[-7.18716536,41.19271013],[-7.21015101,41.18045165],[-7.22330934,41.1362829]]]},"properties":{"con_name":"Torre de Moncorvo","con_code":"0409","dis_name":"Bragan\u00e7a"}},{"type":"Feature","geometry":{"type":"Polygon","coordinates":[[[-7.70910439,40.02869615],[-7.64005559,40.08001032],[-7.52063509,40.08011124],[-7.49760264,40.05907262],[-7.48272983,39.99641336],[-7.39847818,40.01939352],[-7.37616885,39.97782097],[-7.35721264,39.97885989],[-7.35725935,40.02020292],[-7.31869837,40.05391838],[-7.28447363,40.12408681],[-7.29108403,40.16196519],[-7.25190267,40.20124089],[-7.27315765,40.21535374],[-7.27307325,40.26570651],[-7.29670288,40.27148331],[-7.41886569,40.22066932],[-7.50349063,40.21556306],[-7.58051304,40.188112],[-7.56887838,40.16995077],[-7.58880065,40.15102807],[-7.65613111,40.16336579],[-7.67369594,40.13760759],[-7.73902194,40.13589995],[-7.73198745,40.10534473],[-7.77332482,40.06403125],[-7.78733557,40.08601983],[-7.81718305,40.07689735],[-7.79657296,40.07727138],[-7.80352399,40.02740375],[-7.74737419,40.01220029],[-7.70910439,40.02869615]]]},"properties":{"con_name":"Fund\u00e3o","con_code":"0504","dis_name":"Castelo Branco"}},{"type":"Feature","geometry":{"type":"Polygon","coordinates":[[[-8.51171713,40.89265199],[-8.48491555,40.87883336],[-8.47361208,40.89321671],[-8.48910366,40.91660537],[-8.51171713,40.89265199]]]},"properties":{"con_name":"S\u00e3o Jo\u00e3o da Madeira","con_code":"0116","dis_name":"Aveiro"}},{"type":"Feature","geometry":{"type":"Polygon","coordinates":[[[-8.40473067,40.7880531],[-8.36738374,40.79992246],[-8.33837612,40.77640021],[-8.28523109,40.78476216],[-8.27336897,40.76317341],[-8.23676351,40.82749159],[-8.25508779,40.8558422],[-8.27973011,40.84484646],[-8.29796801,40.87159526],[-8.38538662,40.90362953],[-8.3993842,40.8729577],[-8.42449399,40.86725507],[-8.398054,40.81735567],[-8.40194253,40.80183779],[-8.43474587,40.80055861],[-8.40473067,40.7880531]]]},"properties":{"con_name":"Vale de Cambra","con_code":"0119","dis_name":"Aveiro"}},{"type":"Feature","geometry":{"type":"Polygon","coordinates":[[[-8.16396715,39.62644623],[-8.1935813,39.53753291],[-8.13026935,39.49746343],[-8.11318592,39.50883583],[-8.1142602,39.54039816],[-8.08617668,39.54084725],[-8.08152633,39.58776166],[-8.10829725,39.61388301],[-8.16396715,39.62644623]]]},"properties":{"con_name":"Sardoal","con_code":"1417","dis_name":"Santar\u00e9m"}},{"type":"Feature","geometry":{"type":"Polygon","coordinates":[[[-7.1077087,38.188145],[-7.15057184,38.27584714],[-7.16968452,38.27928345],[-7.29138069,38.42767001],[-7.32223956,38.44003092],[-7.36549815,38.42010235],[-7.38994102,38.39002895],[-7.37708373,38.36683058],[-7.42840037,38.3469382],[-7.41588059,38.32044579],[-7.42984679,38.29549463],[-7.4082873,38.27639598],[-7.40657021,38.29864968],[-7.35613071,38.29922916],[-7.33714283,38.32101433],[-7.28035647,38.33011331],[-7.24414616,38.26312641],[-7.19014997,38.24642508],[-7.19914863,38.22405058],[-7.15954975,38.15989124],[-7.1077087,38.188145]]]},"properties":{"con_name":"Mour\u00e3o","con_code":"0708","dis_name":"\u00c9vora"}},{"type":"Feature","geometry":{"type":"Polygon","coordinates":[[[-7.63016217,37.28801914],[-7.63649316,37.32299515],[-7.60936586,37.37932037],[-7.54457883,37.39359513],[-7.43708186,37.37029873],[-7.46270683,37.4089891],[-7.4455004,37.41940615],[-7.46379536,37.48722259],[-7.49283997,37.52268466],[-7.57442831,37.52909203],[-7.62067291,37.48978328],[-7.71299804,37.50177627],[-7.89303818,37.43364218],[-7.87565865,37.38167974],[-7.76587929,37.3783275],[-7.72644893,37.30041443],[-7.68225505,37.29337706],[-7.67321932,37.27577063],[-7.63016217,37.28801914]]]},"properties":{"con_name":"Alcoutim","con_code":"0802","dis_name":"Faro"}},{"type":"Feature","geometry":{"type":"MultiPolygon","coordinates":[[[[-8.24885441,40.61830697],[-8.2037885,40.59283949],[-8.20461117,40.56399756],[-8.16065471,40.59895099],[-8.20823153,40.61063388],[-8.21701228,40.62870316],[-8.24885441,40.61830697]]],[[[-8.27357521,40.63122951],[-8.24444728,40.69570783],[-8.15636743,40.69661404],[-8.1295463,40.73517054],[-8.24478965,40.76019499],[-8.21899135,40.79478014],[-8.25202901,40.80379717],[-8.27291507,40.75667096],[-8.33358793,40.73700102],[-8.2969954,40.69289582],[-8.29450027,40.63514281],[-8.27357521,40.63122951]]]]},"properties":{"con_name":"Oliveira de Frades","con_code":"1810","dis_name":"Viseu"}},{"type":"Feature","geometry":{"type":"Polygon","coordinates":[[[-7.34272186,41.05726139],[-7.34166756,41.02781477],[-7.32103273,41.0169472],[-7.24609789,41.00645082],[-7.22354213,41.03434843],[-7.17808857,41.03022244],[-7.16760249,41.00682734],[-7.18533894,40.99412462],[-7.1668188,40.97122681],[-7.18555759,40.93581866],[-7.14165142,40.92296099],[-7.10259545,40.97305353],[-7.00237857,40.98033015],[-6.97666961,41.01704741],[-7.10231968,41.08090816],[-7.08385557,41.12599946],[-7.13013666,41.13763821],[-7.11466614,41.15082438],[-7.11800582,41.17935167],[-7.16395524,41.1260857],[-7.30457304,41.13952477],[-7.34272186,41.05726139]]]},"properties":{"con_name":"Vila Nova de Foz C\u00f4a","con_code":"0914","dis_name":"Guarda"}},{"type":"Feature","geometry":{"type":"Polygon","coordinates":[[[-9.14913567,39.50408343],[-9.12057729,39.46187662],[-9.0648568,39.47452447],[-8.98611684,39.45272517],[-8.98538352,39.43327958],[-9.01311958,39.41590023],[-8.98357862,39.3848228],[-8.94571213,39.39103651],[-8.86542654,39.56397558],[-8.91317208,39.58324999],[-8.93356144,39.62616586],[-8.91116183,39.63687445],[-8.91468428,39.66816146],[-8.93864128,39.67292328],[-8.93425963,39.68847348],[-8.96646647,39.70334838],[-8.97231075,39.72739792],[-8.99654501,39.71371406],[-9.04026049,39.74142302],[-9.07282848,39.64776726],[-9.04769311,39.63515349],[-8.97095673,39.64471103],[-8.98491234,39.61017386],[-8.99821449,39.61504825],[-8.98912391,39.58373996],[-9.00370865,39.57056656],[-9.06834879,39.5733633],[-9.0663008,39.51403082],[-9.11544879,39.54455994],[-9.14913567,39.50408343]]]},"properties":{"con_name":"Alcoba\u00e7a","con_code":"1001","dis_name":"Leiria"}},{"type":"Feature","geometry":{"type":"Polygon","coordinates":[[[-28.4443185,38.5582436],[-28.47708792,38.5604974],[-28.53306283,38.5364246],[-28.5391085,38.48432227],[-28.51617622,38.45166183],[-28.44635632,38.42085108],[-28.36377041,38.41233848],[-28.4443185,38.5582436]]]},"properties":{"con_name":"Madalena","con_code":"4602","dis_name":"A\u00e7ores"}},{"type":"Feature","geometry":{"type":"Polygon","coordinates":[[[-8.81962573,39.1975546],[-8.91268442,39.17016279],[-8.86803473,39.12861539],[-8.80755967,39.10448401],[-8.78186101,39.05838703],[-8.76610553,39.06258995],[-8.68284898,39.18775756],[-8.70383449,39.16874643],[-8.71448,39.20165698],[-8.73638936,39.17313776],[-8.77174072,39.21174732],[-8.81962573,39.1975546]]]},"properties":{"con_name":"Cartaxo","con_code":"1406","dis_name":"Santar\u00e9m"}},{"type":"Feature","geometry":{"type":"Polygon","coordinates":[[[-8.27749921,39.33765011],[-8.24851288,39.34676818],[-8.24350125,39.38661646],[-8.29784238,39.46155849],[-8.27246255,39.47095292],[-8.28219581,39.50183962],[-8.32983285,39.50350376],[-8.34452208,39.46378966],[-8.27749921,39.33765011]]]},"properties":{"con_name":"Const\u00e2ncia","con_code":"1408","dis_name":"Santar\u00e9m"}},{"type":"Feature","geometry":{"type":"Polygon","coordinates":[[[-8.2098082,40.05205843],[-8.23281886,40.02321991],[-8.24145636,39.95733586],[-8.21655786,39.94594697],[-8.16821289,40.00088649],[-8.17202853,40.036392],[-8.15213201,40.03325173],[-8.14374382,40.07278233],[-8.17909866,40.08973603],[-8.2098082,40.05205843]]]},"properties":{"con_name":"Castanheira de P\u00eara","con_code":"1007","dis_name":"Leiria"}},{"type":"Feature","geometry":{"type":"Polygon","coordinates":[[[-9.07295563,39.64756476],[-9.08598073,39.60445739],[-9.07483652,39.59182527],[-9.11544879,39.54455994],[-9.07347563,39.51104197],[-9.05975251,39.53221318],[-9.06834879,39.5733633],[-8.99877499,39.57254296],[-8.99821449,39.61504825],[-8.98491234,39.61017386],[-8.97095673,39.64471103],[-9.04769311,39.63515349],[-9.07295563,39.64756476]]]},"properties":{"con_name":"Nazar\u00e9","con_code":"1011","dis_name":"Leiria"}},{"type":"Feature","geometry":{"type":"Polygon","coordinates":[[[-8.13943962,37.63007666],[-7.99908867,37.60935597],[-7.98973072,37.56124022],[-7.92531026,37.57611375],[-7.90508174,37.61535969],[-7.93388944,37.64043247],[-7.87791058,37.62406864],[-7.87140332,37.63683556],[-7.89679073,37.63668091],[-7.90020361,37.65641802],[-7.8490216,37.66090954],[-7.88687477,37.7169773],[-7.86490043,37.73208879],[-7.88964399,37.74953886],[-7.86573489,37.76210523],[-7.89369767,37.76255101],[-7.92046908,37.79510732],[-7.92733722,37.77675364],[-7.96626822,37.80018381],[-7.96234315,37.81249477],[-8.00248036,37.79833762],[-8.02630127,37.82734816],[-8.12424959,37.78193515],[-8.16402325,37.80528062],[-8.18145058,37.79866633],[-8.17416755,37.78613724],[-8.24652155,37.72952631],[-8.19726133,37.72851532],[-8.16260043,37.68423289],[-8.15655072,37.63501968],[-8.13943962,37.63007666]]]},"properties":{"con_name":"Castro Verde","con_code":"0206","dis_name":"Beja"}},{"type":"Feature","geometry":{"type":"Polygon","coordinates":[[[-8.43378096,41.60485954],[-8.35037214,41.61323166],[-8.31417977,41.64533775],[-8.24195287,41.65692962],[-8.27714189,41.6855839],[-8.27220156,41.70005281],[-8.32654181,41.67955567],[-8.36442824,41.6925428],[-8.40747055,41.66247424],[-8.43378096,41.60485954]]]},"properties":{"con_name":"Amares","con_code":"0301","dis_name":"Braga"}},{"type":"Feature","geometry":{"type":"Polygon","coordinates":[[[-7.29705751,40.27128874],[-7.332556,40.2939322],[-7.27578784,40.33938651],[-7.2703929,40.40805745],[-7.29276867,40.41613179],[-7.34239862,40.40016774],[-7.3479542,40.37012886],[-7.39307094,40.34323762],[-7.37603753,40.34063936],[-7.38065038,40.25451179],[-7.33826083,40.2446891],[-7.29705751,40.27128874]]]},"properties":{"con_name":"Belmonte","con_code":"0501","dis_name":"Castelo Branco"}},{"type":"Feature","geometry":{"type":"MultiPolygon","coordinates":[[[[-8.99501294,38.46201697],[-8.99500945,38.46213788],[-8.99520936,38.46207912],[-8.99512422,38.46199074],[-8.99501294,38.46201697]]],[[[-8.971979,38.47824547],[-8.97283151,38.47840475],[-8.97328222,38.47749564],[-8.97214672,38.47785547],[-8.971979,38.47824547]]],[[[-8.74191375,38.51288667],[-8.74459009,38.57660283],[-8.80735315,38.5527125],[-8.82153562,38.5664353],[-8.88129508,38.56204545],[-8.88570243,38.54767882],[-8.95164711,38.53199892],[-9.0341789,38.58072111],[-9.05562411,38.49895205],[-9.01726584,38.45396036],[-8.93385484,38.48837157],[-8.9182397,38.51084301],[-8.78545409,38.46210871],[-8.75369352,38.47055772],[-8.73139129,38.49766189],[-8.74191375,38.51288667]]]]},"properties":{"con_name":"Set\u00fabal","con_code":"1512","dis_name":"Set\u00fabal"}},{"type":"Feature","geometry":{"type":"MultiPolygon","coordinates":[[[[-8.95282607,38.65226451],[-8.91036276,38.65978206],[-8.92988535,38.71605938],[-8.96675079,38.72750831],[-9.04464882,38.71603083],[-9.04481033,38.68387483],[-8.98590074,38.69686719],[-8.97262541,38.65576054],[-8.95282607,38.65226451]]],[[[-8.6109978,38.64482213],[-8.5010184,38.71549483],[-8.51084078,38.73606659],[-8.49097213,38.76131062],[-8.60721985,38.77736351],[-8.59611058,38.84127737],[-8.64790554,38.80949301],[-8.68598214,38.82655591],[-8.6969247,38.84039063],[-8.70803113,38.8454231],[-8.76654151,38.73786851],[-8.7089657,38.72170885],[-8.72544715,38.69767265],[-8.77542712,38.69486377],[-8.77925248,38.66944313],[-8.73018149,38.69082238],[-8.67755321,38.6771244],[-8.69243892,38.66292852],[-8.66354776,38.64755947],[-8.61837916,38.66222156],[-8.6109978,38.64482213]]]]},"properties":{"con_name":"Montijo","con_code":"1507","dis_name":"Set\u00fabal"}},{"type":"Feature","geometry":{"type":"Polygon","coordinates":[[[-8.40790928,38.06673657],[-8.38876394,38.11512353],[-8.36335845,38.10390119],[-8.33359998,38.15520395],[-8.2910511,38.13868209],[-8.2843277,38.18657754],[-8.24324793,38.18920322],[-8.27591052,38.2164357],[-8.30175708,38.18745747],[-8.37981017,38.18093759],[-8.45221473,38.23354028],[-8.46442296,38.26077008],[-8.48233016,38.24028728],[-8.51114135,38.24200291],[-8.6055004,38.26450684],[-8.61570624,38.30220783],[-8.68853619,38.29527343],[-8.76751001,38.31321933],[-8.82098834,38.43855713],[-8.81789245,38.46424404],[-8.91286746,38.50249755],[-8.82568473,38.41941127],[-8.78755482,38.33762938],[-8.77573224,38.22301024],[-8.7975033,38.12137788],[-8.70142736,38.09972735],[-8.6877897,38.10104562],[-8.69530829,38.12188722],[-8.65661272,38.12694891],[-8.63162295,38.08995758],[-8.45669243,38.02405522],[-8.41900521,38.03074327],[-8.40790928,38.06673657]]]},"properties":{"con_name":"Gr\u00e2ndola","con_code":"1505","dis_name":"Set\u00fabal"}},{"type":"Feature","geometry":{"type":"Polygon","coordinates":[[[-8.37543829,40.34073645],[-8.38948334,40.28563586],[-8.3536152,40.26847655],[-8.36431193,40.24766531],[-8.34031332,40.21861486],[-8.30039906,40.24511343],[-8.17642287,40.25830122],[-8.15987356,40.28615704],[-8.10824803,40.30318184],[-8.11632369,40.33215929],[-8.17084472,40.34506903],[-8.25084916,40.3232257],[-8.34606876,40.37077866],[-8.37543829,40.34073645]]]},"properties":{"con_name":"Penacova","con_code":"0613","dis_name":"Coimbra"}},{"type":"Feature","geometry":{"type":"Polygon","coordinates":[[[-8.2943028,40.65269681],[-8.29751904,40.69413514],[-8.3258182,40.71056509],[-8.33358793,40.73700102],[-8.27356104,40.76816817],[-8.28523109,40.78476216],[-8.33837612,40.77640021],[-8.39474193,40.79919732],[-8.41608854,40.77104292],[-8.41643107,40.69064703],[-8.37786306,40.69414921],[-8.36304406,40.65345258],[-8.32898706,40.63680114],[-8.2943028,40.65269681]]]},"properties":{"con_name":"Sever do Vouga","con_code":"0117","dis_name":"Aveiro"}},{"type":"Feature","geometry":{"type":"Polygon","coordinates":[[[-8.81448089,39.19829995],[-8.77174072,39.21174732],[-8.73638936,39.17313776],[-8.71448,39.20165698],[-8.70383449,39.16874643],[-8.66962672,39.23374612],[-8.63017741,39.24683687],[-8.61886844,39.28765612],[-8.5665282,39.31650373],[-8.59122693,39.33382213],[-8.56760336,39.3464229],[-8.57829242,39.36169936],[-8.55689692,39.39852169],[-8.59527991,39.40539591],[-8.62551889,39.43350965],[-8.69473486,39.39949897],[-8.71854219,39.41642462],[-8.75715979,39.39921782],[-8.75790867,39.42300282],[-8.71569005,39.43805642],[-8.73472579,39.46183697],[-8.802311,39.48300213],[-8.88547929,39.4723929],[-8.87593152,39.42155327],[-8.89928206,39.39567057],[-8.84894993,39.38867689],[-8.81974486,39.34735893],[-8.78974654,39.35115793],[-8.8211753,39.30525658],[-8.78306744,39.26119728],[-8.82050136,39.27317313],[-8.81490874,39.256333],[-8.83110936,39.24603054],[-8.87576737,39.25097468],[-8.81448089,39.19829995]]]},"properties":{"con_name":"Santar\u00e9m","con_code":"1416","dis_name":"Santar\u00e9m"}},{"type":"Feature","geometry":{"type":"MultiPolygon","coordinates":[[[[-8.90742402,37.16036915],[-8.90724795,37.1603703],[-8.90726282,37.1604704],[-8.90742502,37.16046763],[-8.90742402,37.16036915]]],[[[-8.9068445,37.17108577],[-8.90672454,37.17103682],[-8.90664264,37.17119828],[-8.90671808,37.17125284],[-8.9068445,37.17108577]]],[[[-8.90652162,37.17146469],[-8.90646215,37.17141868],[-8.90639688,37.17150984],[-8.90647054,37.17153413],[-8.90652162,37.17146469]]],[[[-8.9064771,37.17215625],[-8.90643649,37.17212634],[-8.90637117,37.17221317],[-8.9064771,37.17215625]]],[[[-8.91006182,37.17402333],[-8.91025835,37.17416998],[-8.91044744,37.17403061],[-8.90984234,37.17399827],[-8.91006182,37.17402333]]],[[[-8.9080475,37.17411807],[-8.90800365,37.17428955],[-8.90822036,37.17421966],[-8.9082195,37.17413505],[-8.9080475,37.17411807]]],[[[-8.90926552,37.17456133],[-8.90936178,37.17452646],[-8.9093317,37.17447025],[-8.90925694,37.17451507],[-8.90926552,37.17456133]]],[[[-8.91248348,37.17626728],[-8.91214676,37.1762958],[-8.91206574,37.17653169],[-8.91227408,37.17651149],[-8.91248348,37.17626728]]],[[[-8.9114047,37.1764809],[-8.91112216,37.17658916],[-8.91082376,37.17692919],[-8.91189441,37.17641514],[-8.9114047,37.1764809]]],[[[-8.91194229,37.17749183],[-8.91194543,37.17742522],[-8.9118157,37.17747852],[-8.91189171,37.17753325],[-8.91194229,37.17749183]]],[[[-8.91174421,37.17751295],[-8.91149594,37.17760244],[-8.9115757,37.17783717],[-8.91178231,37.17772526],[-8.91174421,37.17751295]]],[[[-8.91087786,37.17828381],[-8.9111916,37.17830724],[-8.91139259,37.17802111],[-8.91103996,37.17807019],[-8.91087786,37.17828381]]],[[[-8.91299808,37.18447408],[-8.91307413,37.18469604],[-8.91351106,37.18446475],[-8.91334726,37.18440465],[-8.91299808,37.18447408]]],[[[-8.91305339,37.1851211],[-8.91295023,37.18516422],[-8.91310802,37.18525383],[-8.91309317,37.1851786],[-8.91305339,37.1851211]]],[[[-8.91141849,37.18686896],[-8.91133568,37.18685392],[-8.91131725,37.18691297],[-8.91143647,37.18690912],[-8.91141849,37.18686896]]],[[[-8.9112793,37.18847001],[-8.91125127,37.18839505],[-8.91115743,37.188491],[-8.91123689,37.18849687],[-8.9112793,37.18847001]]],[[[-8.91272398,37.19121567],[-8.9126297,37.19119242],[-8.91262858,37.19124757],[-8.91272058,37.19126858],[-8.91272398,37.19121567]]],[[[-8.9138326,37.19178971],[-8.91375955,37.19179397],[-8.91394488,37.19183249],[-8.9138326,37.19178971]]],[[[-8.91420362,37.19245835],[-8.91409849,37.19246453],[-8.91408185,37.19251177],[-8.91422763,37.19250468],[-8.91420362,37.19245835]]],[[[-8.91870935,37.19575998],[-8.9186194,37.1957649],[-8.91861245,37.19583244],[-8.9186912,37.19585633],[-8.91870935,37.19575998]]],[[[-8.91846145,37.1960432],[-8.91836705,37.19617168],[-8.91859056,37.19630643],[-8.9185842,37.19624755],[-8.91846145,37.1960432]]],[[[-8.91820362,37.19667104],[-8.91812117,37.19666014],[-8.918124,37.19674914],[-8.91822573,37.19677288],[-8.91820362,37.19667104]]],[[[-8.91601161,37.19716572],[-8.9157582,37.1971345],[-8.91572503,37.19720545],[-8.9162198,37.19727858],[-8.91601161,37.19716572]]],[[[-8.90623785,37.17115236],[-8.90604,37.17150352],[-8.90611105,37.17155919],[-8.90623724,37.17138023],[-8.90623785,37.17115236]]],[[[-8.90617359,37.17163005],[-8.90614163,37.17174262],[-8.9062569,37.17175043],[-8.90628224,37.17169629],[-8.90617359,37.17163005]]],[[[-8.88075716,37.22941694],[-8.88069432,37.22946671],[-8.88068262,37.2295713],[-8.88077909,37.22958403],[-8.88075716,37.22941694]]],[[[-8.87929035,37.23316031],[-8.87936874,37.23329254],[-8.8795347,37.23314165],[-8.87948849,37.23308347],[-8.87929035,37.23316031]]],[[[-8.8791322,37.29525328],[-8.87909271,37.2951946],[-8.8789432,37.29511788],[-8.87904998,37.29534389],[-8.8791322,37.29525328]]],[[[-8.87724332,37.295397],[-8.8772421,37.29527311],[-8.87714248,37.29523554],[-8.87710388,37.29544941],[-8.87724332,37.295397]]],[[[-8.87793548,37.29486275],[-8.87769941,37.29519221],[-8.87871034,37.29603414],[-8.87902022,37.29571017],[-8.87793548,37.29486275]]],[[[-8.87768891,37.29541897],[-8.87746058,37.29522994],[-8.87774082,37.29577716],[-8.87774541,37.29572748],[-8.87768891,37.29541897]]],[[[-8.87704426,37.29560215],[-8.87702657,37.29586734],[-8.8775877,37.29624899],[-8.87741336,37.29561127],[-8.87704426,37.29560215]]],[[[-8.87730047,37.29628513],[-8.87723289,37.29614644],[-8.87716615,37.29609154],[-8.87718814,37.29625151],[-8.87730047,37.29628513]]],[[[-8.87821871,37.29650046],[-8.87823589,37.29643557],[-8.87814439,37.29645515],[-8.87821871,37.29650046]]],[[[-8.87814665,37.29695799],[-8.87818271,37.29688686],[-8.87809065,37.29687176],[-8.87804913,37.29692707],[-8.87814665,37.29695799]]],[[[-8.87727224,37.29701468],[-8.87708366,37.29680719],[-8.87686989,37.29672195],[-8.87681593,37.29710612],[-8.87727224,37.29701468]]],[[[-8.87768764,37.29757709],[-8.87768574,37.29738411],[-8.87746231,37.29737172],[-8.87752938,37.2975052],[-8.87768764,37.29757709]]],[[[-8.87697508,37.29780602],[-8.87692967,37.29772954],[-8.87680536,37.29764761],[-8.876857,37.29782838],[-8.87697508,37.29780602]]],[[[-8.87658289,37.30257314],[-8.87654737,37.30247137],[-8.87643717,37.30257406],[-8.87651397,37.30258429],[-8.87658289,37.30257314]]],[[[-8.87682266,37.30259461],[-8.87677913,37.30254893],[-8.87670468,37.30258309],[-8.87674749,37.30264599],[-8.87682266,37.30259461]]],[[[-8.8766942,37.30268587],[-8.87660734,37.30272012],[-8.87663938,37.30276659],[-8.87671692,37.30274889],[-8.8766942,37.30268587]]],[[[-8.8766029,37.31227008],[-8.87662011,37.31220816],[-8.87647272,37.31217764],[-8.87653515,37.31228618],[-8.8766029,37.31227008]]],[[[-8.87815138,37.31365266],[-8.87822901,37.31357432],[-8.87820107,37.3135089],[-8.87806308,37.31356312],[-8.87815138,37.31365266]]],[[[-8.87791111,37.31368679],[-8.87791054,37.31362958],[-8.87782485,37.31363408],[-8.87782558,37.31370778],[-8.87791111,37.31368679]]],[[[-8.87702674,37.31571495],[-8.87650649,37.31570678],[-8.87662352,37.31610015],[-8.87696337,37.31611864],[-8.87702674,37.31571495]]],[[[-8.87697924,37.31648066],[-8.87711291,37.31638819],[-8.87706292,37.31628308],[-8.87693211,37.31635725],[-8.87697924,37.31648066]]],[[[-8.87675235,37.31675248],[-8.87683071,37.31662143],[-8.87676582,37.31656219],[-8.87670893,37.31668401],[-8.87675235,37.31675248]]],[[[-8.87784142,37.31673878],[-8.87743861,37.31652588],[-8.87784914,37.31721311],[-8.87812358,37.31710596],[-8.87784142,37.31673878]]],[[[-8.87697653,37.31714301],[-8.87706165,37.31708058],[-8.87684466,37.31710942],[-8.87685142,37.31717813],[-8.87697653,37.31714301]]],[[[-8.87697286,37.3173882],[-8.87716065,37.31718997],[-8.87714181,37.31714422],[-8.87697123,37.31722324],[-8.87697286,37.3173882]]],[[[-8.87820136,37.31993123],[-8.87817619,37.31978128],[-8.87798517,37.31964201],[-8.87806773,37.31992567],[-8.87820136,37.31993123]]],[[[-8.87920885,37.32002659],[-8.87913875,37.31990756],[-8.87895457,37.31981024],[-8.87901704,37.32002456],[-8.87920885,37.32002659]]],[[[-8.87899895,37.32015703],[-8.87887582,37.31991247],[-8.87876183,37.31993093],[-8.87890614,37.32013825],[-8.87899895,37.32015703]]],[[[-8.87885507,37.32020957],[-8.87839078,37.3203417],[-8.87916911,37.32058214],[-8.87907147,37.32029218],[-8.87885507,37.32020957]]],[[[-8.87875992,37.32157421],[-8.87952918,37.32219565],[-8.87994744,37.32200578],[-8.87838586,37.3204831],[-8.87875992,37.32157421]]],[[[-8.84639078,37.16550841],[-8.79103821,37.18747541],[-8.75158446,37.23068182],[-8.73571389,37.29182359],[-8.74574786,37.30916694],[-8.69896287,37.34300533],[-8.7069584,37.36082087],[-8.67867373,37.36658641],[-8.68304558,37.40059709],[-8.73346342,37.39517291],[-8.74987022,37.43199231],[-8.80508885,37.43768687],[-8.80840629,37.41392824],[-8.84465584,37.35201183],[-8.87817649,37.32049659],[-8.8718837,37.31119908],[-8.87678019,37.29589511],[-8.8602049,37.26949163],[-8.87004869,37.24640203],[-8.9181973,37.1963659],[-8.90935122,37.18932505],[-8.90377973,37.15271377],[-8.84639078,37.16550841]]],[[[-8.86918908,37.27729302],[-8.86918307,37.27717421],[-8.86911076,37.27714763],[-8.86904561,37.2773696],[-8.86918908,37.27729302]]],[[[-8.86887956,37.27809108],[-8.86884033,37.27776714],[-8.86873707,37.2777804],[-8.86869149,37.27803288],[-8.86887956,37.27809108]]],[[[-8.86949674,37.27801705],[-8.86941097,37.27785901],[-8.86897449,37.27821663],[-8.86922598,37.27837158],[-8.86949674,37.27801705]]],[[[-8.8669141,37.2856604],[-8.86691598,37.28558768],[-8.86677422,37.28557477],[-8.86680386,37.28565325],[-8.8669141,37.2856604]]],[[[-8.86584013,37.28637058],[-8.86581178,37.28642391],[-8.86591156,37.28643303],[-8.86591087,37.2863623],[-8.86584013,37.28637058]]],[[[-8.86706041,37.28640842],[-8.86682275,37.28651784],[-8.86676917,37.28666756],[-8.86699379,37.28657372],[-8.86706041,37.28640842]]],[[[-8.8672961,37.28662906],[-8.86735498,37.28674646],[-8.86746926,37.28663582],[-8.86742154,37.28658701],[-8.8672961,37.28662906]]],[[[-8.8763972,37.29754385],[-8.87645238,37.29754738],[-8.87631964,37.29741045],[-8.8763972,37.29754385]]],[[[-8.87473908,37.29870442],[-8.87465251,37.29879001],[-8.87481522,37.29895901],[-8.87483948,37.29893589],[-8.87473908,37.29870442]]],[[[-8.8746364,37.29902195],[-8.87436484,37.29899031],[-8.87425855,37.29926101],[-8.87437991,37.2992844],[-8.8746364,37.29902195]]],[[[-8.87477489,37.30028214],[-8.87486353,37.30031609],[-8.87484936,37.30024004],[-8.87477489,37.30028214]]],[[[-8.87523289,37.30040585],[-8.87523968,37.30031661],[-8.87515916,37.30032865],[-8.87516198,37.30040918],[-8.87523289,37.30040585]]],[[[-8.8761512,37.30048487],[-8.87593429,37.30048335],[-8.87625482,37.30068839],[-8.87629297,37.30065652],[-8.8761512,37.30048487]]],[[[-8.8748004,37.30199354],[-8.87472829,37.30192119],[-8.87460349,37.30206542],[-8.87473683,37.30217045],[-8.8748004,37.30199354]]],[[[-8.87518881,37.30237944],[-8.87490067,37.30214329],[-8.87482186,37.30216883],[-8.87527138,37.30258616],[-8.87518881,37.30237944]]],[[[-8.87591265,37.30688708],[-8.87577558,37.30682802],[-8.87566906,37.30683617],[-8.87603343,37.3069885],[-8.87591265,37.30688708]]],[[[-8.8759213,37.30765154],[-8.87571691,37.30754831],[-8.87565889,37.30756669],[-8.87600492,37.30787302],[-8.8759213,37.30765154]]],[[[-8.87312584,37.31002099],[-8.87310543,37.30991804],[-8.87302173,37.3099646],[-8.87306937,37.31003711],[-8.87312584,37.31002099]]],[[[-8.87254718,37.31148416],[-8.87256541,37.3116628],[-8.87284534,37.31165853],[-8.87265837,37.31142228],[-8.87254718,37.31148416]]],[[[-8.87629522,37.31186286],[-8.87630101,37.31194662],[-8.87637961,37.31190954],[-8.87629522,37.31186286]]],[[[-8.87505636,37.31200805],[-8.8749857,37.31200381],[-8.87489313,37.31203115],[-8.87497057,37.31209364],[-8.87505636,37.31200805]]],[[[-8.87614079,37.31212648],[-8.87618502,37.31202448],[-8.87604146,37.31206286],[-8.87604859,37.31212219],[-8.87614079,37.31212648]]],[[[-8.87594364,37.31230206],[-8.87579104,37.31223517],[-8.87580248,37.31241188],[-8.87590426,37.31240278],[-8.87594364,37.31230206]]],[[[-8.87623344,37.31250847],[-8.87613431,37.3124534],[-8.87614395,37.31261922],[-8.87623939,37.31261979],[-8.87623344,37.31250847]]],[[[-8.87617407,37.31272193],[-8.87614274,37.3126568],[-8.87607351,37.31268264],[-8.87614257,37.31279962],[-8.87617407,37.31272193]]],[[[-8.87615156,37.31303562],[-8.87614289,37.31294575],[-8.87608575,37.31291728],[-8.8760493,37.31297284],[-8.87615156,37.31303562]]],[[[-8.87653262,37.31313919],[-8.8764702,37.31305551],[-8.87642794,37.31313985],[-8.87648516,37.31316489],[-8.87653262,37.31313919]]],[[[-8.87651048,37.31641946],[-8.87661581,37.31624463],[-8.87654794,37.31619235],[-8.87639158,37.31646607],[-8.87651048,37.31641946]]],[[[-8.84470415,37.35619285],[-8.84476831,37.3562932],[-8.84476085,37.35612475],[-8.84470415,37.35619285]]],[[[-8.83282853,37.37667113],[-8.83268262,37.37666776],[-8.83265285,37.37673218],[-8.83283997,37.37673594],[-8.83282853,37.37667113]]],[[[-8.82968326,37.37875077],[-8.83002995,37.37877044],[-8.8300865,37.37872065],[-8.82983155,37.37863412],[-8.82968326,37.37875077]]],[[[-8.82960968,37.37773046],[-8.82969559,37.37779068],[-8.82979069,37.37778075],[-8.82964963,37.37766634],[-8.82960968,37.37773046]]],[[[-8.82971716,37.37888798],[-8.82963923,37.3789698],[-8.82964153,37.3790233],[-8.82979523,37.37891806],[-8.82971716,37.37888798]]],[[[-8.82377552,37.38754143],[-8.8236526,37.38752161],[-8.82360695,37.38761684],[-8.82378791,37.38762443],[-8.82377552,37.38754143]]],[[[-8.82331036,37.38768426],[-8.82324334,37.38764032],[-8.8231666,37.38769456],[-8.82333759,37.38777113],[-8.82331036,37.38768426]]],[[[-8.82352081,37.38768069],[-8.82339731,37.38759824],[-8.8233185,37.38764781],[-8.82353998,37.38781347],[-8.82352081,37.38768069]]],[[[-8.82287137,37.38893048],[-8.82282804,37.38885964],[-8.82264532,37.38895739],[-8.82282214,37.38902898],[-8.82287137,37.38893048]]],[[[-8.81138641,37.41095902],[-8.81134884,37.41090122],[-8.81110574,37.41107308],[-8.81122948,37.41116797],[-8.81138641,37.41095902]]],[[[-8.8088149,37.41418413],[-8.80890763,37.41433442],[-8.80895874,37.41429025],[-8.80892103,37.41422956],[-8.8088149,37.41418413]]],[[[-8.80899138,37.41442702],[-8.80921571,37.4147282],[-8.80947091,37.41481873],[-8.80946224,37.41464552],[-8.80899138,37.41442702]]],[[[-8.80858399,37.41458432],[-8.80849658,37.41456131],[-8.80886573,37.41491302],[-8.80867967,37.4147356],[-8.80858399,37.41458432]]],[[[-8.80837315,37.42160026],[-8.80828484,37.42145336],[-8.80814738,37.421532],[-8.80830661,37.42159993],[-8.80837315,37.42160026]]],[[[-8.80844526,37.42164256],[-8.80850657,37.42172708],[-8.80861342,37.42174945],[-8.80860438,37.42169904],[-8.80844526,37.42164256]]],[[[-8.80855708,37.42184167],[-8.80839309,37.42182026],[-8.80873401,37.42206906],[-8.8087618,37.42203196],[-8.80855708,37.42184167]]],[[[-8.80917833,37.42235952],[-8.80896931,37.42226819],[-8.80890921,37.4223189],[-8.8092226,37.42244541],[-8.80917833,37.42235952]]],[[[-8.80905007,37.42242972],[-8.80892309,37.42234179],[-8.80887617,37.42235035],[-8.80909067,37.42248508],[-8.80905007,37.42242972]]],[[[-8.80882733,37.42242145],[-8.80870938,37.42239599],[-8.80901984,37.42257289],[-8.80892067,37.42246173],[-8.80882733,37.42242145]]],[[[-8.80833104,37.42499556],[-8.80830821,37.42481919],[-8.80816578,37.42474693],[-8.80814453,37.42482075],[-8.80833104,37.42499556]]],[[[-8.80714463,37.43135591],[-8.80729281,37.43155112],[-8.80756461,37.43138352],[-8.80743189,37.43119903],[-8.80714463,37.43135591]]],[[[-8.80666494,37.43222955],[-8.80668203,37.43248417],[-8.80710338,37.43233634],[-8.80694259,37.43202047],[-8.80666494,37.43222955]]],[[[-8.80685494,37.43257707],[-8.80735574,37.43297173],[-8.80770757,37.43245525],[-8.80728907,37.43234303],[-8.80685494,37.43257707]]],[[[-8.80676578,37.43315457],[-8.80665308,37.43298547],[-8.80652666,37.43282329],[-8.80680652,37.43328877],[-8.80676578,37.43315457]]],[[[-8.8062462,37.43332395],[-8.80601139,37.43313157],[-8.80644632,37.43355293],[-8.80631546,37.4333987],[-8.8062462,37.43332395]]],[[[-8.80610413,37.43344433],[-8.80582967,37.43325343],[-8.80637937,37.43372188],[-8.80630226,37.43362781],[-8.80610413,37.43344433]]],[[[-8.80502358,37.434991],[-8.80495664,37.43519942],[-8.80526166,37.43516868],[-8.80518824,37.435058],[-8.80502358,37.434991]]]]},"properties":{"con_name":"Aljezur","con_code":"0803","dis_name":"Faro"}},{"type":"Feature","geometry":{"type":"Polygon","coordinates":[[[-9.14980983,38.7957902],[-9.10623625,38.77480535],[-9.08633277,38.79622532],[-9.06875563,38.84212698],[-9.08679949,38.86074278],[-9.118434,38.83903958],[-9.11639853,38.86100547],[-9.09897842,38.86499576],[-9.1178234,38.89140605],[-9.07411839,38.89804246],[-9.08355817,38.92926128],[-9.11080428,38.92241506],[-9.14969439,38.940512],[-9.1899261,38.90332344],[-9.23467558,38.90709568],[-9.22696572,38.86887565],[-9.2460011,38.84267046],[-9.23436595,38.82726612],[-9.14980983,38.7957902]]]},"properties":{"con_name":"Loures","con_code":"1107","dis_name":"Lisboa"}},{"type":"Feature","geometry":{"type":"MultiPolygon","coordinates":[[[[-9.47728773,38.72596406],[-9.47719951,38.72601768],[-9.47742796,38.72597299],[-9.47733241,38.72596706],[-9.47728773,38.72596406]]],[[[-9.47784477,38.75447137],[-9.47771291,38.75465376],[-9.47845825,38.75434369],[-9.47829411,38.75422146],[-9.47784477,38.75447137]]],[[[-9.47977131,38.75544783],[-9.47967656,38.75550486],[-9.47976487,38.7555396],[-9.47977131,38.75544783]]],[[[-9.479258,38.75552635],[-9.47906904,38.75557744],[-9.47909676,38.75575475],[-9.47919979,38.75562367],[-9.479258,38.75552635]]],[[[-9.47904811,38.7556755],[-9.47897606,38.75564292],[-9.4788617,38.75594824],[-9.47897649,38.75592314],[-9.47904811,38.7556755]]],[[[-9.48036788,38.75556372],[-9.47984826,38.75590597],[-9.47984573,38.75637691],[-9.48007755,38.75627416],[-9.48036788,38.75556372]]],[[[-9.48307907,38.75705999],[-9.48320595,38.7570597],[-9.48341503,38.75665419],[-9.48302006,38.75665173],[-9.48307907,38.75705999]]],[[[-9.48197063,38.75693499],[-9.48180778,38.75698046],[-9.48183013,38.75733024],[-9.48196937,38.75721081],[-9.48197063,38.75693499]]],[[[-9.48280236,38.75711273],[-9.48272375,38.75719615],[-9.48274888,38.7572536],[-9.48289417,38.75721066],[-9.48280236,38.75711273]]],[[[-9.48260253,38.757326],[-9.4826399,38.75726423],[-9.48253038,38.75724549],[-9.48250117,38.75731303],[-9.48260253,38.757326]]],[[[-9.48275682,38.75776027],[-9.48260262,38.75767251],[-9.48251167,38.75778436],[-9.4825592,38.75784038],[-9.48275682,38.75776027]]],[[[-9.47553334,38.72927173],[-9.47591129,38.72928864],[-9.47612724,38.72918978],[-9.47563419,38.72919833],[-9.47553334,38.72927173]]],[[[-9.47600127,38.7294692],[-9.47594674,38.72952919],[-9.47616851,38.72951394],[-9.47608532,38.72946824],[-9.47600127,38.7294692]]],[[[-9.47390926,38.74034986],[-9.47382627,38.74047511],[-9.47388181,38.74051141],[-9.47398642,38.74039824],[-9.47390926,38.74034986]]],[[[-9.47401443,38.74042593],[-9.47407333,38.7405619],[-9.47416012,38.74047353],[-9.47401443,38.74042593]]],[[[-9.4734222,38.74112496],[-9.47356631,38.74124761],[-9.47368137,38.74120711],[-9.47357613,38.74112094],[-9.4734222,38.74112496]]],[[[-9.47515707,38.75281249],[-9.47505133,38.75290891],[-9.47522225,38.75295117],[-9.47524746,38.75287864],[-9.47515707,38.75281249]]],[[[-9.47558979,38.75304378],[-9.4754065,38.75308417],[-9.47524744,38.75342936],[-9.47542454,38.75337211],[-9.47558979,38.75304378]]],[[[-9.47565747,38.75319946],[-9.47560245,38.75328927],[-9.47570264,38.75332045],[-9.47572703,38.75326496],[-9.47565747,38.75319946]]],[[[-9.47741041,38.75423344],[-9.47728599,38.75429693],[-9.47725802,38.75447993],[-9.47755536,38.75436833],[-9.47741041,38.75423344]]],[[[-9.47700377,38.75431964],[-9.47695923,38.75452057],[-9.47724115,38.75422476],[-9.47716383,38.75422385],[-9.47700377,38.75431964]]],[[[-9.32683236,38.67596405],[-9.30854551,38.74450587],[-9.36269414,38.73858183],[-9.38207095,38.75791863],[-9.44095041,38.76899274],[-9.47357339,38.76675485],[-9.48377749,38.7573479],[-9.47746854,38.70183816],[-9.42344397,38.68937418],[-9.39217754,38.70202641],[-9.32683236,38.67596405]]],[[[-9.47265841,38.74121777],[-9.47262477,38.74129445],[-9.47286632,38.74132644],[-9.47278896,38.74126689],[-9.47265841,38.74121777]]],[[[-9.47309575,38.74441151],[-9.47305279,38.74447586],[-9.47323615,38.74450808],[-9.47325061,38.74445684],[-9.47309575,38.74441151]]],[[[-9.4731105,38.74496611],[-9.47305843,38.74492491],[-9.47298821,38.74498318],[-9.4730543,38.7450117],[-9.4731105,38.74496611]]],[[[-9.47321164,38.7456443],[-9.47311952,38.7457248],[-9.47319753,38.74581885],[-9.47332699,38.74566855],[-9.47321164,38.7456443]]],[[[-9.47304288,38.74580296],[-9.47290714,38.74587541],[-9.4729219,38.74594541],[-9.47309901,38.74586393],[-9.47304288,38.74580296]]],[[[-9.47381914,38.75162661],[-9.47372563,38.75147942],[-9.47363455,38.75152965],[-9.47374872,38.75159436],[-9.47381914,38.75162661]]],[[[-9.47327221,38.75172044],[-9.47330365,38.75179638],[-9.47366538,38.75184366],[-9.47357783,38.75175657],[-9.47327221,38.75172044]]]]},"properties":{"con_name":"Cascais","con_code":"1105","dis_name":"Lisboa"}},{"type":"Feature","geometry":{"type":"Polygon","coordinates":[[[-9.15415519,39.18393173],[-9.10741271,39.16762457],[-9.00474637,39.18639551],[-8.9752245,39.28713638],[-9.06640304,39.30985419],[-9.12118897,39.27093213],[-9.14357848,39.22864095],[-9.17239401,39.2214067],[-9.17844037,39.19784017],[-9.15415519,39.18393173]]]},"properties":{"con_name":"Cadaval","con_code":"1104","dis_name":"Lisboa"}},{"type":"Feature","geometry":{"type":"MultiPolygon","coordinates":[[[[-7.46902716,37.17567899],[-7.43521368,37.17610406],[-7.39330485,37.16618502],[-7.41933849,37.21322221],[-7.46967314,37.19038396],[-7.46902716,37.17567899]]],[[[-7.57126957,37.25183871],[-7.57462098,37.17474636],[-7.569614,37.14236706],[-7.50539977,37.1707912],[-7.53469701,37.20653364],[-7.53421316,37.25800427],[-7.57126957,37.25183871]]]]},"properties":{"con_name":"Vila Real de Santo Ant\u00f3nio","con_code":"0816","dis_name":"Faro"}},{"type":"Feature","geometry":{"type":"Polygon","coordinates":[[[-28.39800718,38.47002412],[-28.35562013,38.4770423],[-28.169872,38.43290022],[-28.1217422,38.45040789],[-28.19122677,38.46244201],[-28.36838185,38.55115399],[-28.44418266,38.5582633],[-28.39800718,38.47002412]]]},"properties":{"con_name":"S\u00e3o Roque do Pico","con_code":"4603","dis_name":"A\u00e7ores"}},{"type":"Feature","geometry":{"type":"Polygon","coordinates":[[[-7.99889965,38.12086541],[-7.96238434,38.10582736],[-7.83910444,38.14687402],[-7.83700364,38.18245151],[-7.8808735,38.21621945],[-7.85316985,38.2231004],[-7.84656629,38.25806024],[-7.9471049,38.3049332],[-7.93374266,38.26821394],[-7.96194171,38.25348051],[-7.92668751,38.21218315],[-7.9516211,38.1844482],[-7.99632338,38.17137485],[-7.97706144,38.15660104],[-8.00299091,38.14107478],[-7.99889965,38.12086541]]]},"properties":{"con_name":"Cuba","con_code":"0207","dis_name":"Beja"}},{"type":"Feature","geometry":{"type":"Polygon","coordinates":[[[-8.8752928,39.2514396],[-8.83110936,39.24603054],[-8.81490874,39.256333],[-8.82050136,39.27317313],[-8.79505862,39.26058682],[-8.78306744,39.26119728],[-8.8211753,39.30525658],[-8.78974654,39.35115793],[-8.81974486,39.34735893],[-8.84894993,39.38867689],[-8.89928206,39.39567057],[-8.87593152,39.42155327],[-8.88780077,39.4646128],[-8.9034209,39.46600747],[-8.94571213,39.39103651],[-8.99180447,39.37575371],[-8.99450285,39.29669729],[-8.9752245,39.28713638],[-8.98131407,39.24938133],[-8.91158581,39.23491274],[-8.8752928,39.2514396]]]},"properties":{"con_name":"Rio Maior","con_code":"1414","dis_name":"Santar\u00e9m"}},{"type":"Feature","geometry":{"type":"Polygon","coordinates":[[[-7.80860075,37.00152038],[-7.72336098,37.05408499],[-7.76073337,37.13065501],[-7.83947274,37.12370082],[-7.83683774,37.08114034],[-7.88836356,37.06739248],[-7.88138011,37.0110777],[-7.80860075,37.00152038]]]},"properties":{"con_name":"Olh\u00e3o","con_code":"0810","dis_name":"Faro"}},{"type":"Feature","geometry":{"type":"Polygon","coordinates":[[[-8.81132203,41.61170484],[-8.69682394,41.64068928],[-8.64633547,41.6327874],[-8.65659463,41.68581326],[-8.6420595,41.70141161],[-8.69971182,41.77520976],[-8.69026293,41.81414765],[-8.74398538,41.8297079],[-8.75574969,41.79620686],[-8.83112247,41.8030077],[-8.84375282,41.78074593],[-8.8742577,41.79604375],[-8.87828181,41.74279369],[-8.84445148,41.67398255],[-8.82651105,41.67208098],[-8.81132203,41.61170484]]]},"properties":{"con_name":"Viana do Castelo","con_code":"1609","dis_name":"Viana do Castelo"}},{"type":"Feature","geometry":{"type":"Polygon","coordinates":[[[-7.37558011,40.90488196],[-7.33118264,40.94037492],[-7.32527222,40.97196061],[-7.37882093,40.99122218],[-7.37904721,41.01335998],[-7.33321766,41.02421796],[-7.34278099,41.05750941],[-7.40787676,41.07012969],[-7.44597917,41.05238791],[-7.46035764,40.99092309],[-7.41788452,40.9218054],[-7.37558011,40.90488196]]]},"properties":{"con_name":"Penedono","con_code":"1812","dis_name":"Viseu"}},{"type":"Feature","geometry":{"type":"Polygon","coordinates":[[[-8.18663225,40.33785458],[-8.13417866,40.33309041],[-8.05072091,40.37573453],[-8.06852697,40.43385423],[-8.04504856,40.46009025],[-8.15457999,40.45303332],[-8.17875598,40.37619562],[-8.1652029,40.36743783],[-8.18663225,40.33785458]]]},"properties":{"con_name":"Santa Comba D\u00e3o","con_code":"1814","dis_name":"Viseu"}},{"type":"Feature","geometry":{"type":"Polygon","coordinates":[[[-9.17697303,39.21299078],[-9.08478451,39.29521625],[-9.08842723,39.32151673],[-9.12822218,39.33056641],[-9.14989106,39.31415133],[-9.18659314,39.338205],[-9.23484708,39.31598859],[-9.20047751,39.30231639],[-9.18701995,39.268861],[-9.20239006,39.24768232],[-9.17697303,39.21299078]]]},"properties":{"con_name":"Bombarral","con_code":"1005","dis_name":"Leiria"}},{"type":"Feature","geometry":{"type":"MultiPolygon","coordinates":[[[[-16.95728139,32.76173952],[-16.92504664,32.7265461],[-16.89251872,32.71789346],[-16.83994814,32.78705837],[-16.9037978,32.83761122],[-16.97131161,32.82706008],[-16.95176326,32.81591031],[-16.95728139,32.76173952]]],[[[-16.96061176,32.82912852],[-16.96062809,32.8292106],[-16.9607885,32.82926761],[-16.96067326,32.82905451],[-16.96061176,32.82912852]]],[[[-16.96068312,32.82932797],[-16.96059263,32.82919132],[-16.96053009,32.82922765],[-16.9605966,32.8293039],[-16.96068312,32.82932797]]],[[[-16.96066968,32.82940159],[-16.96061299,32.82934485],[-16.96054029,32.82934689],[-16.96058779,32.82942795],[-16.96066968,32.82940159]]],[[[-16.86461132,32.80997826],[-16.86379366,32.80987924],[-16.86310481,32.8111116],[-16.86413815,32.81107999],[-16.86461132,32.80997826]]],[[[-16.89023833,32.83036281],[-16.89015986,32.83018831],[-16.88956567,32.82984746],[-16.88966928,32.83048765],[-16.89023833,32.83036281]]]]},"properties":{"con_name":"Santana","con_code":"3109","dis_name":"Madeira"}},{"type":"Feature","geometry":{"type":"Polygon","coordinates":[[[-8.06627759,41.48791415],[-7.93869083,41.44704663],[-7.9379846,41.47776098],[-7.90264431,41.48926726],[-7.89345081,41.51365226],[-7.86135217,41.51178301],[-7.81214929,41.578499],[-7.85091281,41.61507287],[-7.90426661,41.58689798],[-7.99660593,41.60308346],[-8.00233133,41.61682529],[-8.06586859,41.56719305],[-8.06627759,41.48791415]]]},"properties":{"con_name":"Cabeceiras de Basto","con_code":"0304","dis_name":"Braga"}},{"type":"Feature","geometry":{"type":"Polygon","coordinates":[[[-8.23484888,41.01214704],[-8.2375496,41.05824378],[-8.289986,41.08002426],[-8.34728652,41.04060824],[-8.39889782,41.05185016],[-8.38418584,41.00365303],[-8.35693019,41.00215888],[-8.35321358,40.99861499],[-8.36112843,40.992148],[-8.3591726,40.98888576],[-8.32644541,40.98376806],[-8.30997459,40.96233862],[-8.24055432,40.96360311],[-8.23484888,41.01214704]]]},"properties":{"con_name":"Castelo de Paiva","con_code":"0106","dis_name":"Aveiro"}},{"type":"Feature","geometry":{"type":"Polygon","coordinates":[[[-6.98256368,41.02698595],[-6.80893101,41.03649649],[-6.75419382,41.10406167],[-6.7686936,41.13371879],[-6.68861433,41.20385754],[-6.74401858,41.24666824],[-6.78085077,41.20198158],[-6.81634671,41.18989566],[-6.79817557,41.15471381],[-6.80953305,41.14400675],[-6.90867926,41.10301961],[-6.98733983,41.10695381],[-6.96761848,41.06149467],[-6.99473622,41.03307499],[-6.98256368,41.02698595]]]},"properties":{"con_name":"Freixo de Espada \u00c0 Cinta","con_code":"0404","dis_name":"Bragan\u00e7a"}},{"type":"Feature","geometry":{"type":"Polygon","coordinates":[[[-8.54908879,40.15245887],[-8.54486627,40.17852009],[-8.48537345,40.16322107],[-8.49723777,40.12451538],[-8.46446337,40.11318156],[-8.42117565,40.1286361],[-8.40362881,40.09892276],[-8.36391878,40.11601088],[-8.36068709,40.13803234],[-8.37959744,40.15497932],[-8.34795869,40.15615145],[-8.36718066,40.18110807],[-8.31290355,40.19085357],[-8.36248125,40.24198421],[-8.3536152,40.26847655],[-8.38948334,40.28563586],[-8.37532605,40.3413034],[-8.40517787,40.35199001],[-8.40958822,40.32386169],[-8.44906873,40.31711044],[-8.45436315,40.27917356],[-8.5076517,40.28940259],[-8.50121442,40.24683685],[-8.55129942,40.25181332],[-8.56614348,40.29227497],[-8.5884348,40.28244381],[-8.57500342,40.22320358],[-8.55016406,40.21021863],[-8.56408748,40.18020796],[-8.54908879,40.15245887]]]},"properties":{"con_name":"Coimbra","con_code":"0603","dis_name":"Coimbra"}},{"type":"Feature","geometry":{"type":"Polygon","coordinates":[[[-7.49804401,40.5700922],[-7.50277677,40.59726354],[-7.46774355,40.60576683],[-7.4784127,40.62284891],[-7.41985106,40.68663231],[-7.46104419,40.71708991],[-7.42125318,40.75725411],[-7.46574688,40.74444207],[-7.48092501,40.7029417],[-7.54509497,40.68539152],[-7.54207743,40.65936839],[-7.56582076,40.6453299],[-7.58930766,40.58422468],[-7.58030885,40.57495869],[-7.52725802,40.60789353],[-7.53913046,40.57164084],[-7.51126098,40.55759313],[-7.49804401,40.5700922]]]},"properties":{"con_name":"Fornos de Algodres","con_code":"0905","dis_name":"Guarda"}},{"type":"Feature","geometry":{"type":"Polygon","coordinates":[[[-8.02670777,41.09679662],[-7.91186391,41.11988958],[-7.87557931,41.24204802],[-7.89588655,41.24897752],[-7.95664432,41.19478812],[-7.98634164,41.22020391],[-8.11366183,41.13446112],[-8.08272863,41.09174384],[-8.02670777,41.09679662]]]},"properties":{"con_name":"Bai\u00e3o","con_code":"1302","dis_name":"Porto"}},{"type":"Feature","geometry":{"type":"Polygon","coordinates":[[[-7.05167804,40.55214224],[-7.00255983,40.47718045],[-6.9489429,40.51746804],[-6.92587687,40.49921673],[-6.82266453,40.48316143],[-6.79526814,40.51136854],[-6.80086206,40.55035326],[-6.84535738,40.56595395],[-6.79401444,40.66129735],[-6.83054395,40.74276909],[-6.82558647,40.78342015],[-6.91275708,40.76536915],[-6.92947489,40.77537812],[-6.95461782,40.74018541],[-7.00796614,40.71126645],[-7.00390026,40.67267843],[-7.05167804,40.55214224]]]},"properties":{"con_name":"Almeida","con_code":"0902","dis_name":"Guarda"}},{"type":"Feature","geometry":{"type":"MultiPolygon","coordinates":[[[[-9.25647499,39.3176242],[-9.29188054,39.39134796],[-9.34103013,39.37956459],[-9.35338237,39.36117899],[-9.37932146,39.37607406],[-9.40949929,39.35982242],[-9.36741445,39.35030816],[-9.34057631,39.29193454],[-9.29693872,39.28345873],[-9.25647499,39.3176242]]],[[[-9.50568219,39.4193482],[-9.5122681,39.41935866],[-9.51702783,39.40993296],[-9.50447539,39.4138447],[-9.50568219,39.4193482]]]]},"properties":{"con_name":"Peniche","con_code":"1014","dis_name":"Leiria"}},{"type":"Feature","geometry":{"type":"Polygon","coordinates":[[[-8.30551685,41.54300021],[-8.29410578,41.52491116],[-8.2617646,41.54120353],[-8.24382035,41.51857089],[-8.22888718,41.55382558],[-8.19588085,41.56924832],[-8.18377077,41.54468393],[-8.1469238,41.5485468],[-8.14863268,41.58515091],[-8.20631868,41.59978982],[-8.18895027,41.61749327],[-8.21279051,41.63467339],[-8.24640464,41.62796566],[-8.26135964,41.65587411],[-8.29668108,41.65006449],[-8.33976943,41.61697455],[-8.34430995,41.59035026],[-8.29661504,41.56251328],[-8.30551685,41.54300021]]]},"properties":{"con_name":"P\u00f3voa de Lanhoso","con_code":"0309","dis_name":"Braga"}},{"type":"Feature","geometry":{"type":"Polygon","coordinates":[[[-6.92076273,41.24154201],[-6.91093213,41.25733628],[-6.87987396,41.25720078],[-6.87334732,41.28862396],[-6.83246629,41.31615622],[-6.82048316,41.3450965],[-6.88159303,41.36063827],[-6.85672452,41.40368951],[-6.94684541,41.4717257],[-7.00929491,41.41950906],[-7.06193135,41.41270584],[-7.03263238,41.37074249],[-7.06954852,41.30911928],[-6.98611748,41.25445875],[-6.92076273,41.24154201]]]},"properties":{"con_name":"Alf\u00e2ndega da F\u00e9","con_code":"0401","dis_name":"Bragan\u00e7a"}},{"type":"Feature","geometry":{"type":"Polygon","coordinates":[[[-9.02590838,38.57810385],[-8.95164711,38.53199892],[-8.88570243,38.54767882],[-8.88129508,38.56204545],[-8.82153562,38.5664353],[-8.80735315,38.5527125],[-8.74459009,38.57660283],[-8.74595358,38.51770792],[-8.71672139,38.51326967],[-8.68161583,38.54248974],[-8.63911394,38.54949118],[-8.65841737,38.6036694],[-8.61239071,38.64468964],[-8.61837916,38.66222156],[-8.66354776,38.64755947],[-8.69243892,38.66292852],[-8.67755321,38.6771244],[-8.73018149,38.69082238],[-8.77925248,38.66944313],[-8.77542712,38.69486377],[-8.72544715,38.69767265],[-8.7089657,38.72170885],[-8.80226841,38.74167663],[-8.83929837,38.67909181],[-8.94487368,38.66010041],[-8.95225795,38.6196419],[-8.98150835,38.63522595],[-8.97760618,38.60826901],[-9.01244973,38.60121465],[-8.99714168,38.59306513],[-9.02590838,38.57810385]]]},"properties":{"con_name":"Palmela","con_code":"1508","dis_name":"Set\u00fabal"}},{"type":"Feature","geometry":{"type":"Polygon","coordinates":[[[-7.90736305,41.30306759],[-7.834283,41.34350427],[-7.81593707,41.39184149],[-7.78868738,41.41141049],[-7.81998904,41.41394632],[-7.85510314,41.44428814],[-7.88906459,41.44363579],[-7.91504676,41.49179218],[-7.93809734,41.47757407],[-7.94147729,41.43025335],[-7.98114856,41.39439017],[-7.9675555,41.39196691],[-7.9726512,41.36040094],[-7.94734143,41.35263235],[-7.96395898,41.32958468],[-7.90736305,41.30306759]]]},"properties":{"con_name":"Mondim de Basto","con_code":"1705","dis_name":"Vila Real"}},{"type":"Feature","geometry":{"type":"Polygon","coordinates":[[[-8.16099058,40.60159608],[-8.13734684,40.6389582],[-8.09158894,40.63486416],[-8.03926554,40.66936175],[-8.01872049,40.69327573],[-8.01270678,40.74375731],[-8.1295463,40.73517054],[-8.15636743,40.69661404],[-8.24444728,40.69570783],[-8.2742784,40.63074263],[-8.24919424,40.61848592],[-8.21701228,40.62870316],[-8.20823153,40.61063388],[-8.16099058,40.60159608]]]},"properties":{"con_name":"Vouzela","con_code":"1824","dis_name":"Viseu"}},{"type":"Feature","geometry":{"type":"Polygon","coordinates":[[[-8.20966868,40.05211084],[-8.1515385,40.147805],[-8.17295363,40.20512138],[-8.24555608,40.17610115],[-8.30259225,40.18005168],[-8.28819025,40.16563887],[-8.31146882,40.11717701],[-8.29752093,40.09497695],[-8.20966868,40.05211084]]]},"properties":{"con_name":"Lous\u00e3","con_code":"0607","dis_name":"Coimbra"}},{"type":"Feature","geometry":{"type":"Polygon","coordinates":[[[-7.97740948,40.13970402],[-7.95272105,40.10716152],[-8.00527374,40.11454301],[-8.05731199,40.09899567],[-8.03137669,40.01642331],[-8.07644869,40.00593132],[-8.1317757,39.93641482],[-8.08782389,39.94250313],[-8.08580844,39.96531676],[-8.0333279,39.96051692],[-8.03158709,39.98460369],[-8.01728049,39.97113953],[-8.00516697,39.97268982],[-8.01389096,39.98926247],[-7.96328334,39.97720818],[-7.95280899,40.00248859],[-7.9019606,40.00286095],[-7.91591327,40.03277343],[-7.86178366,40.05888269],[-7.8083121,40.03573663],[-7.79653793,40.07712349],[-7.81692833,40.0772741],[-7.78733557,40.08601983],[-7.77365673,40.06388142],[-7.7317555,40.10600109],[-7.81391495,40.19542514],[-7.86780497,40.19010407],[-7.87645638,40.21037198],[-7.97740948,40.13970402]]]},"properties":{"con_name":"Pampilhosa da Serra","con_code":"0612","dis_name":"Coimbra"}},{"type":"Feature","geometry":{"type":"Polygon","coordinates":[[[-7.63858424,41.15867045],[-7.55647903,41.17314085],[-7.53149838,41.23327483],[-7.60121262,41.3625017],[-7.60138094,41.39352025],[-7.62791538,41.41254803],[-7.65094054,41.39609326],[-7.60029964,41.3531164],[-7.61328374,41.30620336],[-7.65368467,41.26483645],[-7.6370111,41.26021834],[-7.65546963,41.21757078],[-7.63894759,41.18594327],[-7.65817345,41.16479581],[-7.63858424,41.15867045]]]},"properties":{"con_name":"Sabrosa","con_code":"1710","dis_name":"Vila Real"}},{"type":"Feature","geometry":{"type":"Polygon","coordinates":[[[-7.45767506,38.22745966],[-7.500216,38.24721685],[-7.5417431,38.3026372],[-7.55721393,38.29770228],[-7.55976567,38.3323693],[-7.58420667,38.3607657],[-7.67104355,38.40514633],[-7.67496366,38.43444668],[-7.69231558,38.43860359],[-7.71702162,38.42387996],[-7.7453404,38.43359196],[-7.76209216,38.40068322],[-7.78329933,38.40538542],[-7.83094264,38.36729739],[-7.83816596,38.34117975],[-7.85921059,38.36350818],[-7.90689611,38.36807188],[-7.92234977,38.35601579],[-7.90855602,38.34983946],[-7.91496101,38.31231321],[-7.93649194,38.30138168],[-7.83908019,38.25157947],[-7.75907677,38.24658621],[-7.66961818,38.20022321],[-7.63500932,38.20952501],[-7.49780148,38.18845398],[-7.49659221,38.2060741],[-7.45767506,38.22745966]]]},"properties":{"con_name":"Portel","con_code":"0709","dis_name":"\u00c9vora"}},{"type":"Feature","geometry":{"type":"Polygon","coordinates":[[[-8.33951928,42.08389789],[-8.30420537,42.04091513],[-8.28644984,41.97540772],[-8.26583988,41.98100078],[-8.25187892,42.01185168],[-8.19400672,42.01735323],[-8.19171577,41.98978867],[-8.21704245,41.95281784],[-8.2102156,41.92360036],[-8.16301928,41.98269175],[-8.08276518,42.02824504],[-8.09660076,42.07225749],[-8.11870076,42.08230657],[-8.18217086,42.06510899],[-8.19875351,42.15431113],[-8.33951928,42.08389789]]]},"properties":{"con_name":"Melga\u00e7o","con_code":"1603","dis_name":"Viana do Castelo"}},{"type":"Feature","geometry":{"type":"Polygon","coordinates":[[[-9.23271032,39.4295485],[-9.21316853,39.39895907],[-9.10310048,39.38328646],[-9.0587807,39.33607901],[-9.09403955,39.32515124],[-9.08495179,39.29645622],[-9.0558175,39.31198731],[-9.02648809,39.2931974],[-8.99272928,39.29914871],[-9.00157397,39.35463683],[-8.9825099,39.38717596],[-9.01311958,39.41590023],[-8.98538352,39.43327958],[-8.98611684,39.45272517],[-9.0648568,39.47452447],[-9.12057729,39.46187662],[-9.15285536,39.50962482],[-9.23271032,39.4295485]]]},"properties":{"con_name":"Caldas da Rainha","con_code":"1006","dis_name":"Leiria"}},{"type":"Feature","geometry":{"type":"Polygon","coordinates":[[[-7.25089973,37.96461998],[-7.28609322,37.9653837],[-7.31212486,38.00294191],[-7.35836759,38.00445524],[-7.38607641,38.05198682],[-7.44926167,38.06806673],[-7.44080314,38.08497877],[-7.52594161,38.09037777],[-7.52572154,38.15586258],[-7.59343522,38.17014958],[-7.60956551,38.12651174],[-7.65142951,38.10398683],[-7.63270186,38.06356813],[-7.65241033,38.05397168],[-7.64183087,37.99325186],[-7.6823278,37.94031011],[-7.64001863,37.90491018],[-7.65543857,37.89293151],[-7.63292221,37.8102585],[-7.64933177,37.75480096],[-7.51976768,37.77553361],[-7.41897728,37.74348479],[-7.42089863,37.75942825],[-7.30207052,37.84040975],[-7.28215617,37.89764857],[-7.25485346,37.92316706],[-7.25089973,37.96461998]]]},"properties":{"con_name":"Serpa","con_code":"0213","dis_name":"Beja"}},{"type":"Feature","geometry":{"type":"Polygon","coordinates":[[[-7.837739,38.16240017],[-7.8196191,38.15797894],[-7.82190178,38.12442952],[-7.80350386,38.10866111],[-7.82256873,38.10033562],[-7.78553912,38.06407028],[-7.77392503,38.08393986],[-7.79591085,38.09174791],[-7.75656872,38.08812249],[-7.7441814,38.1168358],[-7.7126393,38.11957174],[-7.65289385,38.08416404],[-7.65134834,38.10410785],[-7.60817101,38.12819373],[-7.59539055,38.16900241],[-7.51677517,38.15528725],[-7.48692918,38.18255248],[-7.63500932,38.20952501],[-7.66961818,38.20022321],[-7.75907677,38.24658621],[-7.84656629,38.25806024],[-7.85316985,38.2231004],[-7.8808735,38.21621945],[-7.84712865,38.19778032],[-7.837739,38.16240017]]]},"properties":{"con_name":"Vidigueira","con_code":"0214","dis_name":"Beja"}},{"type":"Feature","geometry":{"type":"Polygon","coordinates":[[[-8.35398292,40.39558843],[-8.31757673,40.44119678],[-8.33558511,40.48596854],[-8.31149472,40.49590836],[-8.33214266,40.51055478],[-8.47340942,40.50703699],[-8.5759444,40.46550446],[-8.5724424,40.4002899],[-8.50480748,40.42224015],[-8.45199792,40.39760122],[-8.35398292,40.39558843]]]},"properties":{"con_name":"Anadia","con_code":"0103","dis_name":"Aveiro"}},{"type":"Feature","geometry":{"type":"Polygon","coordinates":[[[-28.06398203,38.6256029],[-27.82901796,38.53366835],[-27.75247335,38.54766248],[-28.01582057,38.6663849],[-28.06398203,38.6256029]]]},"properties":{"con_name":"Calheta de S\u00e3o Jorge","con_code":"4501","dis_name":"A\u00e7ores"}},{"type":"Feature","geometry":{"type":"Polygon","coordinates":[[[-8.4363478,39.45235854],[-8.34537696,39.46318255],[-8.32740307,39.5123838],[-8.35718562,39.52041275],[-8.38215227,39.47660602],[-8.42345926,39.51320321],[-8.44954734,39.50736678],[-8.46774732,39.44706716],[-8.4363478,39.45235854]]]},"properties":{"con_name":"Vila Nova da Barquinha","con_code":"1420","dis_name":"Santar\u00e9m"}},{"type":"Feature","geometry":{"type":"Polygon","coordinates":[[[-8.34377737,39.0997045],[-8.40082696,39.07113264],[-8.41290007,39.0990141],[-8.45025133,39.10615123],[-8.58313397,39.09201073],[-8.59504463,39.07786817],[-8.57541673,39.03460001],[-8.61689883,38.9953177],[-8.67435909,38.96949779],[-8.7097173,38.97746137],[-8.72759546,38.95347436],[-8.65317278,38.90137832],[-8.67587666,38.86191545],[-8.66882451,38.8203962],[-8.63931017,38.80928906],[-8.62930652,38.83066618],[-8.59611058,38.84127737],[-8.61279111,38.78250714],[-8.54815002,38.76274925],[-8.50037088,38.8074793],[-8.47112812,38.79394121],[-8.43018391,38.8342633],[-8.40905431,38.8229905],[-8.37743956,38.85637062],[-8.34174299,38.8388322],[-8.32126925,38.85925576],[-8.31017552,38.84493794],[-8.30152882,38.86910916],[-8.25091701,38.8184642],[-8.22246828,38.82954696],[-8.20491401,38.79927441],[-8.17420111,38.8012998],[-8.17560854,38.78266919],[-8.14156138,38.7729785],[-8.12431033,38.8049682],[-8.15073424,38.81993692],[-8.15994896,38.80658754],[-8.18791069,38.83813014],[-8.15873425,38.86639555],[-8.27218816,38.90739178],[-8.22120246,38.99591963],[-8.26033577,39.01229648],[-8.29083309,39.08043212],[-8.34377737,39.0997045]]]},"properties":{"con_name":"Coruche","con_code":"1409","dis_name":"Santar\u00e9m"}},{"type":"Feature","geometry":{"type":"Polygon","coordinates":[[[-8.22845442,38.98702142],[-8.27218816,38.90739178],[-8.15873425,38.86639555],[-8.18791069,38.83813014],[-8.15994896,38.80658754],[-8.15073424,38.81993692],[-8.12431033,38.8049682],[-8.07265122,38.85088393],[-8.0263697,38.82667287],[-7.97910657,38.84329073],[-7.94606222,38.86998918],[-7.95784326,38.88962446],[-7.88978716,38.92283955],[-7.92503021,38.97475897],[-8.02221775,38.94081296],[-8.01372686,38.98138218],[-8.070991,39.01577453],[-8.10316436,38.9691572],[-8.12028972,39.00398976],[-8.10380689,39.02273441],[-8.17477954,39.02059106],[-8.21866502,38.97826317],[-8.22845442,38.98702142]]]},"properties":{"con_name":"Mora","con_code":"0707","dis_name":"\u00c9vora"}},{"type":"Feature","geometry":{"type":"Polygon","coordinates":[[[-7.80976121,37.00225828],[-7.85192977,36.99812232],[-7.88711647,37.02346126],[-7.8860981,37.07266144],[-7.85799113,37.06951814],[-7.82887174,37.09402702],[-7.85170276,37.13108369],[-7.90589055,37.12510703],[-7.95646547,37.14577661],[-8.00487318,37.11525037],[-7.96477796,37.07555726],[-7.99071426,37.05195773],[-7.98204016,37.02113666],[-8.00046786,37.01026976],[-7.95292756,36.97988064],[-7.86880338,36.96309839],[-7.80976121,37.00225828]]]},"properties":{"con_name":"Faro","con_code":"0805","dis_name":"Faro"}},{"type":"Feature","geometry":{"type":"Polygon","coordinates":[[[-8.68274833,37.40022725],[-8.67867373,37.36658641],[-8.7069584,37.36082087],[-8.69896287,37.34300533],[-8.74574786,37.30916694],[-8.73571389,37.29182359],[-8.75430855,37.22655002],[-8.70787351,37.2343305],[-8.6894988,37.20991975],[-8.66245897,37.24843667],[-8.63897919,37.23478347],[-8.62239457,37.27894224],[-8.60252962,37.26665874],[-8.59324529,37.27984636],[-8.56826126,37.24778166],[-8.50194809,37.24323812],[-8.47788915,37.27804371],[-8.43673838,37.28488755],[-8.445658,37.30882642],[-8.41997866,37.34051813],[-8.43761545,37.36880018],[-8.51508446,37.37871763],[-8.57318935,37.41198454],[-8.62087767,37.40113436],[-8.63981925,37.3753587],[-8.68274833,37.40022725]]]},"properties":{"con_name":"Monchique","con_code":"0809","dis_name":"Faro"}},{"type":"Feature","geometry":{"type":"Polygon","coordinates":[[[-7.82472019,39.32796595],[-7.83022772,39.29589203],[-7.87601857,39.27924067],[-7.86582837,39.25329341],[-7.8787532,39.23545663],[-7.84029967,39.22961233],[-7.85579198,39.21586574],[-7.82274998,39.20111635],[-7.82011763,39.17461819],[-7.83595471,39.16637107],[-7.79870717,39.17079929],[-7.79002108,39.13342968],[-7.75098094,39.14147212],[-7.67043971,39.11590914],[-7.64722559,39.14667602],[-7.52389015,39.16734808],[-7.53582799,39.19995001],[-7.64795855,39.23511301],[-7.7764364,39.3249646],[-7.82472019,39.32796595]]]},"properties":{"con_name":"Alter do Ch\u00e3o","con_code":"1201","dis_name":"Portalegre"}},{"type":"Feature","geometry":{"type":"Polygon","coordinates":[[[-8.27695995,41.34416915],[-8.27718503,41.31434059],[-8.21119568,41.3113431],[-8.2036526,41.29391231],[-8.10961713,41.33187973],[-8.18552138,41.40996556],[-8.24711866,41.39366374],[-8.27785411,41.36941268],[-8.27695995,41.34416915]]]},"properties":{"con_name":"Felgueiras","con_code":"1303","dis_name":"Porto"}},{"type":"Feature","geometry":{"type":"MultiPolygon","coordinates":[[[[-7.42137708,40.69069104],[-7.29524631,40.70928388],[-7.25592485,40.69621232],[-7.24413192,40.73677592],[-7.2045129,40.72878402],[-7.18817558,40.74942621],[-7.21959595,40.77520631],[-7.1995655,40.82377283],[-7.3069131,40.87862256],[-7.33817463,40.8669465],[-7.33644258,40.90406948],[-7.37546492,40.90457541],[-7.37996204,40.86873634],[-7.40322599,40.87853666],[-7.46706687,40.80323563],[-7.42198187,40.76753615],[-7.46104419,40.71708991],[-7.42137708,40.69069104]]],[[[-7.38160393,40.90747515],[-7.41788452,40.9218054],[-7.4303592,40.89442578],[-7.39849521,40.88029386],[-7.38160393,40.90747515]]]]},"properties":{"con_name":"Trancoso","con_code":"0913","dis_name":"Guarda"}},{"type":"Feature","geometry":{"type":"Polygon","coordinates":[[[-31.25703331,39.4894481],[-31.26880968,39.45163866],[-31.25656936,39.38377772],[-31.169049,39.37751356],[-31.1470006,39.42536284],[-31.25391623,39.45825442],[-31.25703331,39.4894481]]]},"properties":{"con_name":"Lajes das Flores","con_code":"4801","dis_name":"A\u00e7ores"}},{"type":"Feature","geometry":{"type":"Polygon","coordinates":[[[-8.8994234,39.95363112],[-8.76085655,39.89834075],[-8.72974729,39.83952317],[-8.67604875,39.83014083],[-8.60296737,39.7792775],[-8.47795368,39.83872917],[-8.47092235,39.89246626],[-8.55086678,39.959042],[-8.56170736,40.0279548],[-8.59151181,40.02761398],[-8.61495356,39.99230059],[-8.64285763,39.99041797],[-8.6411178,40.01112172],[-8.67546536,40.0300919],[-8.76648264,40.04088745],[-8.8004634,40.01255864],[-8.86864962,40.02337716],[-8.89493301,40.04550282],[-8.93223255,39.9654264],[-8.8994234,39.95363112]]]},"properties":{"con_name":"Pombal","con_code":"1015","dis_name":"Leiria"}},{"type":"Feature","geometry":{"type":"Polygon","coordinates":[[[-8.68230032,37.40002878],[-8.63981925,37.3753587],[-8.62087767,37.40113436],[-8.57318935,37.41198454],[-8.51508446,37.37871763],[-8.45454302,37.37371898],[-8.42320755,37.39071385],[-8.41766184,37.41957788],[-8.37792651,37.42726495],[-8.37753174,37.45643035],[-8.40283254,37.47178546],[-8.37658699,37.50188501],[-8.39342405,37.51526062],[-8.35795761,37.53600625],[-8.36572112,37.55346344],[-8.31186824,37.57252328],[-8.34177862,37.62551187],[-8.33028937,37.6662945],[-8.4251001,37.70684656],[-8.46679081,37.70731059],[-8.37426391,37.76887331],[-8.39760293,37.78633803],[-8.40091679,37.86265372],[-8.43469279,37.87090925],[-8.55126839,37.84738272],[-8.54811418,37.8182953],[-8.58375118,37.79937037],[-8.58711551,37.75677889],[-8.61728563,37.74949701],[-8.66106647,37.76844779],[-8.68346252,37.75322825],[-8.73498206,37.81446719],[-8.7762017,37.80494696],[-8.79297052,37.81956193],[-8.81251016,37.74888328],[-8.78600384,37.71400356],[-8.81953406,37.59932721],[-8.7856681,37.53279522],[-8.80230144,37.44688953],[-8.7496834,37.43187828],[-8.73350396,37.3951855],[-8.68230032,37.40002878]]]},"properties":{"con_name":"Odemira","con_code":"0211","dis_name":"Beja"}},{"type":"Feature","geometry":{"type":"Polygon","coordinates":[[[-7.74525108,40.13133697],[-7.67369594,40.13760759],[-7.65808585,40.1631509],[-7.58880065,40.15102807],[-7.56887838,40.16995077],[-7.58051304,40.188112],[-7.36816055,40.23595887],[-7.35822155,40.2451751],[-7.38139779,40.25668626],[-7.37603753,40.34063936],[-7.39307094,40.34323762],[-7.34377666,40.38208695],[-7.48710857,40.39479298],[-7.5371975,40.3178395],[-7.60876197,40.32360177],[-7.65588807,40.27366531],[-7.70979251,40.26088964],[-7.73375043,40.23688875],[-7.77508079,40.23509556],[-7.80904487,40.18177627],[-7.74525108,40.13133697]]]},"properties":{"con_name":"Covilh\u00e3","con_code":"0503","dis_name":"Castelo Branco"}},{"type":"Feature","geometry":{"type":"Polygon","coordinates":[[[-9.15677698,38.57376208],[-9.12380329,38.57545732],[-9.1007387,38.55164252],[-9.07384979,38.56241341],[-9.06686142,38.54067609],[-9.0512581,38.54696457],[-9.04776443,38.59683779],[-9.0775242,38.64958869],[-9.14776207,38.65538935],[-9.17834789,38.61127914],[-9.15677698,38.57376208]]]},"properties":{"con_name":"Seixal","con_code":"1510","dis_name":"Set\u00fabal"}},{"type":"Feature","geometry":{"type":"Polygon","coordinates":[[[-27.94871941,39.02128294],[-27.9963165,39.08850918],[-28.04997811,39.09466143],[-28.07099445,39.07070396],[-28.03539191,39.0226229],[-27.9702423,39.00858505],[-27.94871941,39.02128294]]]},"properties":{"con_name":"Santa Cruz da Graciosa","con_code":"4401","dis_name":"A\u00e7ores"}},{"type":"Feature","geometry":{"type":"Polygon","coordinates":[[[-7.7816674,41.41258601],[-7.74625935,41.40582687],[-7.72648323,41.44375217],[-7.7846367,41.48746483],[-7.74206478,41.51902742],[-7.71773448,41.50657079],[-7.70590745,41.51876083],[-7.75305107,41.54847982],[-7.70455822,41.62607628],[-7.7322282,41.65238537],[-7.83913226,41.55352725],[-7.86135217,41.51178301],[-7.89430365,41.51321086],[-7.90672184,41.48541637],[-7.90927918,41.46559871],[-7.88380144,41.44044527],[-7.85510314,41.44428814],[-7.81998904,41.41394632],[-7.7816674,41.41258601]]]},"properties":{"con_name":"Ribeira de Pena","con_code":"1709","dis_name":"Vila Real"}},{"type":"Feature","geometry":{"type":"Polygon","coordinates":[[[-8.32949545,37.08876388],[-8.30850016,37.14154007],[-8.24356673,37.14862091],[-8.22474473,37.25087328],[-8.17688057,37.29502381],[-8.19780547,37.3187566],[-8.1863822,37.33296175],[-8.19917607,37.3543923],[-8.27561412,37.38715841],[-8.26462643,37.40798372],[-8.2778522,37.42550381],[-8.31759234,37.43937362],[-8.32910951,37.42321739],[-8.41845039,37.4189645],[-8.42320755,37.39071385],[-8.45454302,37.37371898],[-8.42125682,37.35536788],[-8.445658,37.30882642],[-8.43673838,37.28488755],[-8.47594025,37.2791045],[-8.49783026,37.24471627],[-8.5257084,37.25431541],[-8.53545765,37.23574351],[-8.51286768,37.19665395],[-8.46395027,37.17931186],[-8.45530868,37.14939634],[-8.38492662,37.15226941],[-8.38486885,37.11310157],[-8.32949545,37.08876388]]]},"properties":{"con_name":"Silves","con_code":"0813","dis_name":"Faro"}},{"type":"Feature","geometry":{"type":"Polygon","coordinates":[[[-8.23459291,41.01182383],[-8.13399136,40.97856695],[-8.09776573,41.01368698],[-8.08796649,40.98592906],[-8.04043452,40.98472341],[-8.01963788,40.96473682],[-7.96693418,40.97347364],[-7.94994542,40.99297611],[-7.95916937,41.0096804],[-7.99093391,41.00832968],[-7.98546262,41.03546145],[-8.0270311,41.09684338],[-8.20864114,41.0930382],[-8.26399209,41.06585712],[-8.2306876,41.04607339],[-8.23459291,41.01182383]]]},"properties":{"con_name":"Cinf\u00e3es","con_code":"1804","dis_name":"Viseu"}},{"type":"Feature","geometry":{"type":"Polygon","coordinates":[[[-7.75895055,40.64518201],[-7.64292657,40.62698619],[-7.62582419,40.64386224],[-7.55042882,40.65410115],[-7.53514176,40.69030222],[-7.59775353,40.72647849],[-7.65603058,40.71742087],[-7.69800314,40.69123653],[-7.74303309,40.6951659],[-7.78396854,40.65687936],[-7.75895055,40.64518201]]]},"properties":{"con_name":"Penalva do Castelo","con_code":"1811","dis_name":"Viseu"}},{"type":"Feature","geometry":{"type":"Polygon","coordinates":[[[-9.22960798,38.69519958],[-9.21438498,38.72590798],[-9.2862154,38.75177912],[-9.30845187,38.75068544],[-9.32966278,38.69765346],[-9.3272557,38.67473382],[-9.32382433,38.6731469],[-9.28159627,38.69850304],[-9.22960798,38.69519958]]]},"properties":{"con_name":"Oeiras","con_code":"1110","dis_name":"Lisboa"}},{"type":"Feature","geometry":{"type":"Polygon","coordinates":[[[-9.22454267,38.79463077],[-9.2012787,38.76022118],[-9.14988773,38.79585375],[-9.22318246,38.83053011],[-9.24112001,38.81976281],[-9.22454267,38.79463077]]]},"properties":{"con_name":"Odivelas","con_code":"1116","dis_name":"Lisboa"}},{"type":"Feature","geometry":{"type":"MultiPolygon","coordinates":[[[[-8.88876998,37.95775911],[-8.88912848,37.95784356],[-8.88937023,37.95762921],[-8.88873811,37.95746949],[-8.88876998,37.95775911]]],[[[-8.8883829,37.95762664],[-8.88836713,37.957698],[-8.88847075,37.95766103],[-8.8883829,37.95762664]]],[[[-8.89039166,37.95797038],[-8.8902822,37.95771595],[-8.8895205,37.95770248],[-8.88997704,37.9579717],[-8.89039166,37.95797038]]],[[[-8.88834016,37.95787557],[-8.88826762,37.95793558],[-8.88837986,37.95792991],[-8.88834016,37.95787557]]],[[[-8.88847493,37.95820191],[-8.88843192,37.95823525],[-8.88851431,37.95829103],[-8.88854651,37.95821352],[-8.88847493,37.95820191]]],[[[-8.88700325,37.95864894],[-8.8870821,37.95871519],[-8.88710764,37.95865323],[-8.88700325,37.95864894]]],[[[-8.88787289,37.95880083],[-8.88781809,37.9588829],[-8.88803679,37.95893843],[-8.88804576,37.95889333],[-8.88787289,37.95880083]]],[[[-8.88761142,37.96097921],[-8.88781793,37.96091104],[-8.88713024,37.96086005],[-8.8873731,37.96100912],[-8.88761142,37.96097921]]],[[[-8.8886122,37.96151197],[-8.88905215,37.96148112],[-8.88820777,37.96123304],[-8.88834718,37.96142268],[-8.8886122,37.96151197]]],[[[-8.88518071,37.96310257],[-8.88569524,37.96263152],[-8.88541183,37.96223477],[-8.88485897,37.96268543],[-8.88518071,37.96310257]]],[[[-8.79667552,37.83405185],[-8.79742832,37.83538063],[-8.79989215,37.83428682],[-8.79784726,37.83195434],[-8.79667552,37.83405185]]],[[[-8.79289976,37.8195234],[-8.7762017,37.80494696],[-8.7135655,37.81165905],[-8.72447329,37.87431104],[-8.70145334,37.87846233],[-8.70036879,37.9072371],[-8.68144224,37.90968428],[-8.70553063,37.95185861],[-8.73413735,37.94931023],[-8.77848144,37.9877667],[-8.78009777,38.0213762],[-8.81949578,38.01328636],[-8.80764752,38.0362574],[-8.82561492,38.0492949],[-8.86132842,37.98351302],[-8.88784128,37.95844833],[-8.89014385,37.94980205],[-8.88948473,37.94126535],[-8.87284537,37.9514546],[-8.85620191,37.94408882],[-8.86639578,37.93856815],[-8.84748903,37.92556001],[-8.83847279,37.93792316],[-8.80947528,37.92757938],[-8.79289976,37.8195234]]],[[[-8.88477667,37.96275011],[-8.88471466,37.96277266],[-8.88469735,37.96285008],[-8.88481915,37.96284281],[-8.88477667,37.96275011]]],[[[-8.88388741,37.96334508],[-8.88401627,37.96336047],[-8.88413217,37.96320928],[-8.8838785,37.96327397],[-8.88388741,37.96334508]]],[[[-8.88393628,37.96346153],[-8.88411108,37.96349627],[-8.88421631,37.96338172],[-8.88372219,37.96340199],[-8.88393628,37.96346153]]],[[[-8.88131069,37.96520533],[-8.88144576,37.96539564],[-8.88159268,37.96534092],[-8.88156366,37.96521741],[-8.88131069,37.96520533]]],[[[-8.88074356,37.96585877],[-8.88061538,37.96587742],[-8.88053476,37.96601775],[-8.88079656,37.96608005],[-8.88074356,37.96585877]]],[[[-8.87345983,37.96859647],[-8.87336497,37.96861364],[-8.87344836,37.96878014],[-8.87353166,37.96874655],[-8.87345983,37.96859647]]],[[[-8.86931603,37.97389428],[-8.86935581,37.97394665],[-8.86949709,37.97384784],[-8.86946602,37.97379064],[-8.86931603,37.97389428]]],[[[-8.86985767,37.97407864],[-8.86993275,37.97401826],[-8.86960888,37.97373704],[-8.86960208,37.97401339],[-8.86985767,37.97407864]]]]},"properties":{"con_name":"Sines","con_code":"1513","dis_name":"Set\u00fabal"}},{"type":"Feature","geometry":{"type":"Polygon","coordinates":[[[-8.50768911,41.47797347],[-8.43532914,41.4637304],[-8.39425662,41.49027575],[-8.37879851,41.53213166],[-8.3208495,41.53639405],[-8.29661504,41.56251328],[-8.34323373,41.58589782],[-8.33976943,41.61697455],[-8.44688574,41.60342874],[-8.50983112,41.56546426],[-8.49480062,41.54123922],[-8.52608554,41.49621389],[-8.50768911,41.47797347]]]},"properties":{"con_name":"Braga","con_code":"0303","dis_name":"Braga"}},{"type":"Feature","geometry":{"type":"Polygon","coordinates":[[[-8.55803174,40.56256518],[-8.52096487,40.58367759],[-8.52227448,40.60656052],[-8.5840667,40.68947835],[-8.64870538,40.7275536],[-8.73485181,40.70678618],[-8.76354948,40.64322538],[-8.70515859,40.65918118],[-8.61844569,40.58713856],[-8.59642715,40.52848367],[-8.55803174,40.56256518]]]},"properties":{"con_name":"Aveiro","con_code":"0105","dis_name":"Aveiro"}},{"type":"Feature","geometry":{"type":"Polygon","coordinates":[[[-6.88387235,41.69593028],[-6.91421307,41.62305817],[-6.89977283,41.58348491],[-6.80386771,41.59572528],[-6.80048508,41.57641429],[-6.72357927,41.53547985],[-6.67400488,41.53652155],[-6.6771915,41.57271787],[-6.63598375,41.63289751],[-6.64442684,41.66459488],[-6.57612533,41.65646508],[-6.5424855,41.70115394],[-6.5688979,41.74359775],[-6.51551412,41.87165843],[-6.57117942,41.88349543],[-6.54939495,41.94454314],[-6.58830711,41.96756649],[-6.62138632,41.93973675],[-6.72622737,41.93703307],[-6.75058241,41.94364552],[-6.76868582,41.98409023],[-6.81134792,41.99252128],[-6.82160673,41.94600536],[-6.88539579,41.94033764],[-6.90474752,41.9050311],[-6.88279509,41.8763901],[-6.89719496,41.8397463],[-6.95448411,41.82519537],[-6.90827991,41.80360951],[-6.9479701,41.76164566],[-6.93019922,41.72861535],[-6.86095708,41.71534541],[-6.88387235,41.69593028]]]},"properties":{"con_name":"Bragan\u00e7a","con_code":"0402","dis_name":"Bragan\u00e7a"}},{"type":"Feature","geometry":{"type":"Polygon","coordinates":[[[-8.96726381,38.8255836],[-8.98817886,38.79186155],[-8.96344203,38.79941761],[-8.97485775,38.78750523],[-8.9536545,38.78453119],[-8.97784335,38.78461466],[-8.97669471,38.77677699],[-8.98301078,38.77304019],[-8.99856215,38.7724456],[-8.97966519,38.77781326],[-8.98827598,38.78520362],[-9.01041333,38.76495808],[-8.95363075,38.76010921],[-9.01824258,38.75630927],[-9.03102724,38.74075381],[-9.00871448,38.74359226],[-9.02407722,38.72573474],[-8.92988535,38.71605938],[-8.91128226,38.67137103],[-8.83929837,38.67909181],[-8.81355873,38.74505193],[-8.84016776,38.76169364],[-8.91014513,38.73262237],[-8.96726381,38.8255836]]]},"properties":{"con_name":"Alcochete","con_code":"1502","dis_name":"Set\u00fabal"}},{"type":"Feature","geometry":{"type":"Polygon","coordinates":[[[-9.41600376,39.0546382],[-9.3511036,39.05300642],[-9.33928681,39.01714029],[-9.30823836,39.00519606],[-9.29757865,39.03015137],[-9.24395332,39.00557769],[-9.22297556,39.01976073],[-9.19906735,39.00429231],[-9.16892443,39.01035621],[-9.15397913,39.03278834],[-9.12573977,39.03705672],[-9.12731522,39.0752841],[-9.16389152,39.10631141],[-9.13592913,39.13205702],[-9.15605882,39.18822409],[-9.22980581,39.21618741],[-9.23717522,39.19830841],[-9.31417623,39.17474304],[-9.33170967,39.19540781],[-9.35160733,39.19168976],[-9.42196635,39.07467452],[-9.41600376,39.0546382]]]},"properties":{"con_name":"Torres Vedras","con_code":"1113","dis_name":"Lisboa"}},{"type":"Feature","geometry":{"type":"Polygon","coordinates":[[[-7.64725753,40.87186161],[-7.66058453,40.87353156],[-7.62147358,40.91123117],[-7.55201503,40.92961976],[-7.55796848,40.95033337],[-7.53864472,40.96172578],[-7.53098659,41.00570134],[-7.62113011,41.05910703],[-7.63425825,41.01902594],[-7.65978486,41.03192352],[-7.67364289,41.00535034],[-7.72558738,41.02516453],[-7.72804915,40.96132977],[-7.7573344,40.95425303],[-7.74449796,40.9387644],[-7.68706,40.93642966],[-7.71612702,40.88632323],[-7.68843018,40.85457203],[-7.6618509,40.85361279],[-7.64725753,40.87186161]]]},"properties":{"con_name":"Moimenta da Beira","con_code":"1807","dis_name":"Viseu"}},{"type":"Feature","geometry":{"type":"Polygon","coordinates":[[[-8.62395835,40.72718445],[-8.62889635,40.76035724],[-8.59370092,40.77106696],[-8.66487902,40.79278671],[-8.66621308,40.81963348],[-8.69598097,40.81623935],[-8.73485181,40.70678618],[-8.62395835,40.72718445]]]},"properties":{"con_name":"Murtosa","con_code":"0112","dis_name":"Aveiro"}},{"type":"Feature","geometry":{"type":"Polygon","coordinates":[[[-6.95905432,40.74870935],[-6.92947489,40.77537812],[-6.91275708,40.76536915],[-6.82558647,40.78342015],[-6.82600239,40.84337662],[-6.80015529,40.84848396],[-6.80903399,40.88239551],[-6.84910622,40.90278842],[-6.85995863,40.95077543],[-6.93135665,41.02941113],[-6.96812452,41.03641259],[-6.99735375,40.98219976],[-7.10259545,40.97305353],[-7.09612696,40.92299712],[-7.12224716,40.86470281],[-7.08656873,40.82479481],[-7.02982089,40.81819042],[-6.95905432,40.74870935]]]},"properties":{"con_name":"Figueira de Castelo Rodrigo","con_code":"0904","dis_name":"Guarda"}},{"type":"Feature","geometry":{"type":"Polygon","coordinates":[[[-8.64212941,41.015812],[-8.55719291,41.01556384],[-8.52844831,41.04050851],[-8.50118321,41.00941098],[-8.46661576,41.0302529],[-8.49258051,41.0395989],[-8.48622288,41.05270219],[-8.44874066,41.05346116],[-8.47045301,41.07531086],[-8.51385393,41.07263412],[-8.57790495,41.14189133],[-8.67551482,41.14453019],[-8.64212941,41.015812]]]},"properties":{"con_name":"Vila Nova de Gaia","con_code":"1317","dis_name":"Porto"}},{"type":"Feature","geometry":{"type":"Polygon","coordinates":[[[-8.38689879,41.38141624],[-8.39369717,41.36199284],[-8.31581781,41.37317259],[-8.32651538,41.39527536],[-8.31169535,41.4050199],[-8.26913529,41.38208345],[-8.26454659,41.39810509],[-8.22230217,41.39347505],[-8.22074227,41.40885708],[-8.24796091,41.41500173],[-8.22134705,41.42135308],[-8.238926,41.44638102],[-8.21745642,41.48154635],[-8.23542202,41.51725762],[-8.22034101,41.54426085],[-8.18837028,41.54782698],[-8.19319271,41.56797399],[-8.22888718,41.55382558],[-8.24382035,41.51857089],[-8.2617646,41.54120353],[-8.29410578,41.52491116],[-8.30551469,41.5432244],[-8.37879851,41.53213166],[-8.39425662,41.49027575],[-8.43572488,41.46330051],[-8.37787776,41.42341645],[-8.38689879,41.38141624]]]},"properties":{"con_name":"Guimar\u00e3es","con_code":"0308","dis_name":"Braga"}},{"type":"Feature","geometry":{"type":"Polygon","coordinates":[[[-8.62335964,40.72682996],[-8.56122611,40.68880385],[-8.51147502,40.71399658],[-8.53164683,40.75993329],[-8.51589015,40.77602477],[-8.5491263,40.7918067],[-8.54895187,40.81509871],[-8.52506927,40.83169479],[-8.64172582,40.81578072],[-8.66718032,40.7957315],[-8.63932437,40.79208425],[-8.59370092,40.77106696],[-8.62889635,40.76035724],[-8.62335964,40.72682996]]]},"properties":{"con_name":"Estarreja","con_code":"0108","dis_name":"Aveiro"}},{"type":"Feature","geometry":{"type":"Polygon","coordinates":[[[-28.01598426,38.66653207],[-28.26384598,38.74533588],[-28.31764466,38.75610943],[-28.23007366,38.70115757],[-28.2224136,38.67983125],[-28.10472466,38.63173621],[-28.06413028,38.6257232],[-28.01598426,38.66653207]]]},"properties":{"con_name":"Velas","con_code":"4502","dis_name":"A\u00e7ores"}},{"type":"Feature","geometry":{"type":"Polygon","coordinates":[[[-8.34594504,39.94882256],[-8.31383024,39.98872251],[-8.27929672,39.9596187],[-8.2706365,39.98914035],[-8.29797706,40.00935263],[-8.28683815,40.02605765],[-8.36746549,40.05117592],[-8.39622413,40.07811788],[-8.45700396,40.0850078],[-8.42786627,40.04077573],[-8.47325574,40.04384506],[-8.47406795,40.02620542],[-8.4335244,40.0030042],[-8.42751995,40.02670126],[-8.40661332,40.00905929],[-8.37989533,39.95540835],[-8.40727157,39.92966899],[-8.37220956,39.9240648],[-8.34594504,39.94882256]]]},"properties":{"con_name":"Penela","con_code":"0614","dis_name":"Coimbra"}},{"type":"Feature","geometry":{"type":"Polygon","coordinates":[[[-8.81937333,38.46079051],[-8.76583786,38.31254618],[-8.68853619,38.29527343],[-8.61570624,38.30220783],[-8.6055004,38.26450684],[-8.51114135,38.24200291],[-8.48233016,38.24028728],[-8.46442296,38.26077008],[-8.45221473,38.23354028],[-8.37981017,38.18093759],[-8.30175708,38.18745747],[-8.27591052,38.2164357],[-8.23817568,38.18164768],[-8.22058336,38.20241741],[-8.12986127,38.22398709],[-8.1296963,38.26629992],[-8.16136968,38.31787268],[-8.19773357,38.34258488],[-8.26924725,38.35362158],[-8.27728634,38.37154371],[-8.32257079,38.3721828],[-8.28371846,38.41207075],[-8.30166443,38.4249214],[-8.28444275,38.42560286],[-8.32308541,38.43684489],[-8.31031252,38.45850414],[-8.36912039,38.5457436],[-8.47592204,38.51676684],[-8.50454151,38.54750776],[-8.52019551,38.54291477],[-8.50621042,38.51924556],[-8.52872019,38.51115512],[-8.53237775,38.52814908],[-8.57253975,38.53161933],[-8.57521839,38.54792119],[-8.65709468,38.54825819],[-8.7413267,38.51219603],[-8.73139129,38.49766189],[-8.75369352,38.47055772],[-8.81937333,38.46079051]]]},"properties":{"con_name":"Alc\u00e1cer do Sal","con_code":"1501","dis_name":"Set\u00fabal"}},{"type":"Feature","geometry":{"type":"Polygon","coordinates":[[[-8.46771762,39.44712372],[-8.45565753,39.48893957],[-8.46086876,39.49244167],[-8.49963236,39.46489147],[-8.49514395,39.44427374],[-8.46771762,39.44712372]]]},"properties":{"con_name":"Entroncamento","con_code":"1410","dis_name":"Santar\u00e9m"}},{"type":"Feature","geometry":{"type":"Polygon","coordinates":[[[-8.12101845,40.92162128],[-8.10569273,40.93653612],[-8.03616807,40.91822606],[-8.04812228,40.88772146],[-8.01392274,40.89740821],[-8.00669428,40.86835529],[-7.99186787,40.87584803],[-7.99937015,40.85043598],[-7.96241515,40.84109726],[-7.97044997,40.82135725],[-7.94497564,40.81878698],[-7.93441644,40.79505253],[-7.87321882,40.78672234],[-7.8110824,40.84666502],[-7.86677307,40.90198477],[-7.80695194,40.94783262],[-7.77933636,40.93439766],[-7.75008046,40.94501741],[-7.75883605,40.97505997],[-7.79255122,40.98132616],[-7.81822146,40.95530479],[-7.85455863,40.98666116],[-7.90270435,40.99398659],[-7.87665226,41.02327479],[-7.8778799,41.02662059],[-7.93979251,41.01574079],[-7.97036458,40.97216948],[-8.01963788,40.96473682],[-8.04043452,40.98472341],[-8.08917218,40.98755528],[-8.13151884,40.95060873],[-8.12101845,40.92162128]]]},"properties":{"con_name":"Castro daire","con_code":"1803","dis_name":"Viseu"}},{"type":"Feature","geometry":{"type":"Polygon","coordinates":[[[-7.45578398,41.01266106],[-7.43677369,41.0608125],[-7.34056025,41.05840832],[-7.30457304,41.13952477],[-7.35724997,41.14781604],[-7.39114921,41.19579814],[-7.44600992,41.21465782],[-7.5557446,41.17378234],[-7.51963636,41.13433285],[-7.54956718,41.11461302],[-7.47463042,41.10121997],[-7.51397394,41.08767013],[-7.50210237,41.05662521],[-7.51201942,41.01345645],[-7.47120755,40.99937373],[-7.45578398,41.01266106]]]},"properties":{"con_name":"S\u00e3o Jo\u00e3o da Pesqueira","con_code":"1815","dis_name":"Viseu"}},{"type":"Feature","geometry":{"type":"Polygon","coordinates":[[[-7.38050565,39.49342268],[-7.39068542,39.52971697],[-7.43025856,39.53450919],[-7.48542205,39.5841775],[-7.4808631,39.52587065],[-7.56620529,39.54231983],[-7.55114776,39.51777765],[-7.58033421,39.51337843],[-7.56673122,39.47057381],[-7.59809173,39.44954896],[-7.58498855,39.40904131],[-7.59466621,39.37723629],[-7.55852671,39.36765704],[-7.41527817,39.39998696],[-7.40982473,39.48693156],[-7.38050565,39.49342268]]]},"properties":{"con_name":"Castelo de Vide","con_code":"1205","dis_name":"Portalegre"}},{"type":"Feature","geometry":{"type":"Polygon","coordinates":[[[-7.47105241,39.17727455],[-7.3900678,39.1462414],[-7.34481091,39.17665718],[-7.36459609,39.19568321],[-7.24719829,39.2013904],[-7.2480184,39.25337551],[-7.23147169,39.27825851],[-7.31071884,39.33808396],[-7.34923476,39.3334581],[-7.35777197,39.3129249],[-7.41689067,39.33652976],[-7.41945529,39.37575343],[-7.44256136,39.39874242],[-7.54905951,39.38088558],[-7.55852671,39.36765704],[-7.50072387,39.31791406],[-7.51731416,39.29925307],[-7.51477942,39.26132168],[-7.54479976,39.2542971],[-7.47105241,39.17727455]]]},"properties":{"con_name":"Portalegre","con_code":"1214","dis_name":"Portalegre"}},{"type":"Feature","geometry":{"type":"Polygon","coordinates":[[[-8.32950044,39.50333643],[-8.28219581,39.50183962],[-8.27246255,39.47095292],[-8.29784238,39.46155849],[-8.24350125,39.38661646],[-8.24851288,39.34676818],[-8.28274652,39.33786715],[-8.2614997,39.29215677],[-8.17259945,39.23331365],[-8.13424009,39.28751547],[-8.07853339,39.27792358],[-8.02645243,39.34157994],[-8.03099236,39.36365713],[-7.96868375,39.38230991],[-7.93945776,39.40995371],[-8.00888398,39.47317266],[-8.06459342,39.47136748],[-8.06130569,39.52430064],[-8.08418181,39.54557667],[-8.1174665,39.53708029],[-8.11318592,39.50883583],[-8.13026935,39.49746343],[-8.18543627,39.52296612],[-8.19468836,39.56202352],[-8.16387135,39.62655245],[-8.2319303,39.64645256],[-8.26767213,39.60586074],[-8.24141578,39.59279373],[-8.35556693,39.52020035],[-8.32950044,39.50333643]]]},"properties":{"con_name":"Abrantes","con_code":"1401","dis_name":"Santar\u00e9m"}},{"type":"Feature","geometry":{"type":"Polygon","coordinates":[[[-8.91124704,39.63681804],[-8.93356144,39.62616586],[-8.91317208,39.58324999],[-8.86542654,39.56397558],[-8.88917184,39.53540429],[-8.9034209,39.46600747],[-8.72932749,39.48002355],[-8.74653649,39.52904904],[-8.71448476,39.52078456],[-8.69007984,39.54214297],[-8.73716258,39.60752758],[-8.77460379,39.62728683],[-8.876112,39.65151237],[-8.91124704,39.63681804]]]},"properties":{"con_name":"Porto de M\u00f3s","con_code":"1016","dis_name":"Leiria"}},{"type":"Feature","geometry":{"type":"Polygon","coordinates":[[[-8.40094059,37.8622359],[-8.39760293,37.78633803],[-8.37426391,37.76887331],[-8.46679081,37.70731059],[-8.33847371,37.68074948],[-8.34177862,37.62551187],[-8.31186824,37.57252328],[-8.36572112,37.55346344],[-8.35784246,37.53616622],[-8.3928718,37.5161782],[-8.37658699,37.50188501],[-8.40283254,37.47178546],[-8.37753174,37.45643035],[-8.37698496,37.42636082],[-8.32910951,37.42321739],[-8.31759234,37.43937362],[-8.25495346,37.41139768],[-8.23859093,37.44202754],[-8.20839723,37.45266888],[-8.24113845,37.49104957],[-8.23784635,37.51590594],[-8.26498451,37.56029213],[-8.21669229,37.56397195],[-8.16568586,37.60225686],[-8.14617267,37.57874984],[-8.1357588,37.61000624],[-8.19638269,37.7276892],[-8.24652155,37.72952631],[-8.18533266,37.78874467],[-8.2054211,37.80612405],[-8.29193096,37.78800126],[-8.32617406,37.81347102],[-8.33076882,37.8470258],[-8.40094059,37.8622359]]]},"properties":{"con_name":"Ourique","con_code":"0212","dis_name":"Beja"}},{"type":"Feature","geometry":{"type":"MultiPolygon","coordinates":[[[[-16.97136693,32.82710682],[-17.065493,32.81231526],[-17.08016674,32.77695938],[-17.04678905,32.7462878],[-16.95722416,32.76190713],[-16.95176326,32.81591031],[-16.97136693,32.82710682]]],[[[-17.01180971,32.81852764],[-17.0118629,32.81860043],[-17.01195079,32.81856198],[-17.01191779,32.81847484],[-17.01180971,32.81852764]]],[[[-17.01119329,32.81861255],[-17.01114209,32.81866854],[-17.01119112,32.81874592],[-17.01127803,32.8187041],[-17.01119329,32.81861255]]],[[[-16.96774934,32.82864557],[-16.9679454,32.82875909],[-16.96742825,32.82775906],[-16.96719294,32.82868922],[-16.96774934,32.82864557]]],[[[-16.96755368,32.82883523],[-16.9673694,32.82881486],[-16.96721395,32.82891038],[-16.96754109,32.82906369],[-16.96755368,32.82883523]]],[[[-16.97136481,32.82983861],[-16.97162065,32.83003731],[-16.97168117,32.83002075],[-16.97143521,32.829515],[-16.97136481,32.82983861]]]]},"properties":{"con_name":"S\u00e3o Vicente","con_code":"3110","dis_name":"Madeira"}},{"type":"Feature","geometry":{"type":"Polygon","coordinates":[[[-9.21038115,38.72254073],[-9.19783758,38.76058554],[-9.24287843,38.7960231],[-9.24765371,38.74286757],[-9.26521968,38.73956055],[-9.21038115,38.72254073]]]},"properties":{"con_name":"Amadora","con_code":"1115","dis_name":"Lisboa"}},{"type":"Feature","geometry":{"type":"MultiPolygon","coordinates":[[[[-8.29809851,37.07198021],[-8.29843151,37.07202142],[-8.29852983,37.07167842],[-8.2980207,37.07167121],[-8.29809851,37.07198021]]],[[[-8.28736097,37.07175627],[-8.28715417,37.07197559],[-8.2871517,37.07202939],[-8.28754961,37.07194822],[-8.28736097,37.07175627]]],[[[-8.28593215,37.07201103],[-8.28583969,37.0720661],[-8.28588452,37.07221085],[-8.28595894,37.07219998],[-8.28593215,37.07201103]]],[[[-8.28690763,37.07218715],[-8.28676271,37.07224039],[-8.28675696,37.07231667],[-8.28691981,37.07230245],[-8.28690763,37.07218715]]],[[[-8.28517415,37.07219712],[-8.28501501,37.07239038],[-8.28503667,37.07246498],[-8.28526108,37.07229246],[-8.28517415,37.07219712]]],[[[-8.29021565,37.07235897],[-8.29016307,37.07246316],[-8.2902464,37.07249251],[-8.29028786,37.07236284],[-8.29021565,37.07235897]]],[[[-8.29118674,37.07241881],[-8.29075226,37.07262447],[-8.29072821,37.07284869],[-8.29103918,37.07275916],[-8.29118674,37.07241881]]],[[[-8.29666835,37.07308121],[-8.29659867,37.07313977],[-8.2967286,37.07313445],[-8.29666835,37.07308121]]],[[[-8.28258694,37.07315025],[-8.28253334,37.07320105],[-8.28252634,37.07326927],[-8.28263338,37.07326057],[-8.28258694,37.07315025]]],[[[-8.27874301,37.0735782],[-8.27864755,37.07375831],[-8.27873517,37.07379888],[-8.27887858,37.07363854],[-8.27874301,37.0735782]]],[[[-8.2819878,37.07355586],[-8.28192874,37.07360031],[-8.28215749,37.07401056],[-8.28223833,37.07371828],[-8.2819878,37.07355586]]],[[[-8.30723474,37.07449868],[-8.30727237,37.07455332],[-8.30734415,37.0745433],[-8.30732721,37.07448773],[-8.30723474,37.07449868]]],[[[-8.30738814,37.07489605],[-8.30738914,37.07498841],[-8.30744535,37.07496959],[-8.30744821,37.0749056],[-8.30738814,37.07489605]]],[[[-8.308211,37.07497859],[-8.30813275,37.07503637],[-8.30822354,37.07505255],[-8.308211,37.07497859]]],[[[-8.2769767,37.07564553],[-8.27690361,37.0757365],[-8.27695073,37.07576387],[-8.27705484,37.07568905],[-8.2769767,37.07564553]]],[[[-8.27668031,37.07575758],[-8.27658996,37.07581775],[-8.27664852,37.07592062],[-8.27670367,37.07588816],[-8.27668031,37.07575758]]],[[[-8.23301842,37.21652792],[-8.24356673,37.14862091],[-8.30850016,37.14154007],[-8.32955527,37.08862376],[-8.29799921,37.07208706],[-8.25329751,37.08656519],[-8.18474708,37.09055133],[-8.12720906,37.07385144],[-8.15322968,37.10822131],[-8.19689043,37.12138344],[-8.15644813,37.1884386],[-8.23301842,37.21652792]]],[[[-8.26777908,37.07836412],[-8.2674402,37.07859419],[-8.26752309,37.07875915],[-8.26779427,37.07858977],[-8.26777908,37.07836412]]],[[[-8.23425895,37.08239497],[-8.23429393,37.08252222],[-8.23438193,37.0824761],[-8.23433703,37.08237828],[-8.23425895,37.08239497]]],[[[-8.2322877,37.08248536],[-8.23237008,37.08252648],[-8.23247319,37.08251035],[-8.2323303,37.08237639],[-8.2322877,37.08248536]]],[[[-8.23225805,37.08252404],[-8.2322946,37.08259736],[-8.2324118,37.08257528],[-8.23234039,37.08252956],[-8.23225805,37.08252404]]],[[[-8.23099582,37.08256016],[-8.23095227,37.0827204],[-8.23110629,37.08272873],[-8.23111606,37.08259385],[-8.23099582,37.08256016]]],[[[-8.23633756,37.08277428],[-8.23627105,37.08278998],[-8.2363526,37.08299777],[-8.23639948,37.08292175],[-8.23633756,37.08277428]]],[[[-8.22888934,37.08427996],[-8.22884243,37.08443],[-8.22892937,37.0844505],[-8.22902301,37.08437226],[-8.22888934,37.08427996]]],[[[-8.22910016,37.08441188],[-8.22898874,37.08444448],[-8.22898797,37.08455599],[-8.22918286,37.08452959],[-8.22910016,37.08441188]]],[[[-8.21644361,37.08523905],[-8.21646226,37.08536373],[-8.21659144,37.08532738],[-8.21655898,37.08521598],[-8.21644361,37.08523905]]]]},"properties":{"con_name":"Albufeira","con_code":"0801","dis_name":"Faro"}},{"type":"Feature","geometry":{"type":"Polygon","coordinates":[[[-7.34377844,40.38215621],[-7.32234867,40.41348691],[-7.22774444,40.41075067],[-7.20640723,40.43549031],[-7.14148665,40.41276472],[-7.05495327,40.46239657],[-7.07709227,40.54011663],[-7.04057024,40.56074026],[-7.03701597,40.58764937],[-7.10502811,40.60064451],[-7.09772039,40.63538784],[-7.12002731,40.64400751],[-7.15681751,40.63356262],[-7.16340938,40.6034779],[-7.18236129,40.60025682],[-7.2011928,40.70056573],[-7.22601722,40.67604221],[-7.26244426,40.68526533],[-7.27330502,40.63906496],[-7.30097121,40.63861106],[-7.37360766,40.53733953],[-7.42780895,40.54904085],[-7.46731304,40.50806749],[-7.41885082,40.43471498],[-7.42938648,40.3915186],[-7.34377844,40.38215621]]]},"properties":{"con_name":"Guarda","con_code":"0907","dis_name":"Guarda"}},{"type":"Feature","geometry":{"type":"Polygon","coordinates":[[[-7.5329307,39.00864496],[-7.53739339,39.02305794],[-7.51205135,39.04361353],[-7.56810899,39.14311459],[-7.53625529,39.15757892],[-7.54765125,39.16460404],[-7.64722559,39.14667602],[-7.67043971,39.11590914],[-7.76861411,39.13600994],[-7.7724908,39.1128131],[-7.71945631,39.09107004],[-7.72672103,39.0495505],[-7.69666686,39.04375066],[-7.71085175,39.02132548],[-7.66511551,39.01796096],[-7.63807912,38.99066927],[-7.59092373,39.01308421],[-7.56528392,38.99493571],[-7.5329307,39.00864496]]]},"properties":{"con_name":"Fronteira","con_code":"1208","dis_name":"Portalegre"}},{"type":"Feature","geometry":{"type":"Polygon","coordinates":[[[-8.68809995,41.25608825],[-8.69244532,41.23718273],[-8.61810505,41.22465138],[-8.58718496,41.17968515],[-8.55499621,41.19838439],[-8.57072726,41.24039076],[-8.54347807,41.23219041],[-8.51526427,41.2858054],[-8.56743794,41.25725013],[-8.62177695,41.29536885],[-8.65255,41.25873041],[-8.68809995,41.25608825]]]},"properties":{"con_name":"Maia","con_code":"1306","dis_name":"Porto"}},{"type":"Feature","geometry":{"type":"Polygon","coordinates":[[[-8.66937349,41.84673245],[-8.65652911,41.8626674],[-8.67538669,41.8877311],[-8.63856431,41.90905522],[-8.63915732,41.92716712],[-8.66636891,41.93492522],[-8.68691079,41.99052795],[-8.74596801,41.9645455],[-8.74862337,41.94131851],[-8.78575405,41.91736931],[-8.75986384,41.88054914],[-8.66937349,41.84673245]]]},"properties":{"con_name":"Vila Nova de Cerveira","con_code":"1610","dis_name":"Viana do Castelo"}},{"type":"Feature","geometry":{"type":"Polygon","coordinates":[[[-7.75227874,40.95597324],[-7.72804915,40.96132977],[-7.72558738,41.02516453],[-7.67364289,41.00535034],[-7.66028749,41.02912041],[-7.71752031,41.04304006],[-7.69860231,41.06294081],[-7.7223555,41.08042561],[-7.75546315,41.08052153],[-7.76612477,41.03933251],[-7.80622752,41.03617071],[-7.85029121,40.99421727],[-7.81862766,40.95543222],[-7.79220714,40.98136792],[-7.75618902,40.97395689],[-7.75227874,40.95597324]]]},"properties":{"con_name":"Tarouca","con_code":"1820","dis_name":"Viseu"}},{"type":"Feature","geometry":{"type":"Polygon","coordinates":[[[-7.76663127,40.77415937],[-7.72023068,40.76689568],[-7.70518647,40.84443013],[-7.68792373,40.85438468],[-7.71612702,40.88632323],[-7.69283112,40.94247257],[-7.77933636,40.93439766],[-7.80695194,40.94783262],[-7.86847987,40.89851493],[-7.78276546,40.81619257],[-7.76663127,40.77415937]]]},"properties":{"con_name":"Vila Nova de Paiva","con_code":"1822","dis_name":"Viseu"}},{"type":"Feature","geometry":{"type":"Polygon","coordinates":[[[-7.33461282,38.43708054],[-7.29589042,38.47603484],[-7.32157218,38.47826943],[-7.30336083,38.54310174],[-7.2435947,38.62402378],[-7.27249802,38.63840595],[-7.25980795,38.72354427],[-7.20371458,38.75149734],[-7.24690644,38.77395362],[-7.29657361,38.73220273],[-7.32659012,38.73261497],[-7.34331089,38.75389621],[-7.38068954,38.73349655],[-7.37904401,38.70868743],[-7.4625099,38.71017169],[-7.45639329,38.67468736],[-7.50586774,38.69110657],[-7.5217496,38.6531563],[-7.50248124,38.59004403],[-7.54310386,38.57602591],[-7.56366935,38.54705699],[-7.43929276,38.4965929],[-7.3654013,38.50931047],[-7.3456914,38.49128508],[-7.35328076,38.46891062],[-7.34072696,38.46954846],[-7.33461282,38.43708054]]]},"properties":{"con_name":"Alandroal","con_code":"0701","dis_name":"\u00c9vora"}},{"type":"Feature","geometry":{"type":"Polygon","coordinates":[[[-7.79491855,38.76807036],[-7.72068269,38.68486374],[-7.68752445,38.70128254],[-7.68983682,38.72443916],[-7.6704741,38.71562762],[-7.60936931,38.74110257],[-7.54681196,38.73228629],[-7.56422451,38.76197325],[-7.46550507,38.83709284],[-7.49763311,38.86694099],[-7.4528656,38.96444459],[-7.53334795,39.00843821],[-7.55336721,38.99187769],[-7.54233608,38.96799581],[-7.60429034,38.95378185],[-7.63767752,38.91146638],[-7.68343882,38.929373],[-7.69808912,38.91240028],[-7.73287636,38.93920019],[-7.75202676,38.90824477],[-7.78994711,38.89579322],[-7.73468118,38.87922001],[-7.7381499,38.8642631],[-7.69909355,38.86421597],[-7.67409674,38.78979427],[-7.70870246,38.78235027],[-7.71703058,38.79485889],[-7.75452331,38.77358783],[-7.79885451,38.78956271],[-7.79491855,38.76807036]]]},"properties":{"con_name":"Estremoz","con_code":"0704","dis_name":"\u00c9vora"}},{"type":"Feature","geometry":{"type":"Polygon","coordinates":[[[-7.59481685,39.37740281],[-7.63397723,39.39118772],[-7.64916568,39.43165861],[-7.67434556,39.43821567],[-7.69938804,39.41964628],[-7.70892429,39.38393955],[-7.75335765,39.38636607],[-7.90128205,39.33406157],[-7.7764364,39.3249646],[-7.64795855,39.23511301],[-7.47124276,39.17735547],[-7.54479976,39.2542971],[-7.51472412,39.26140187],[-7.50564684,39.33006507],[-7.59481685,39.37740281]]]},"properties":{"con_name":"Crato","con_code":"1206","dis_name":"Portalegre"}},{"type":"Feature","geometry":{"type":"Polygon","coordinates":[[[-7.38095574,39.49348908],[-7.40941661,39.48784421],[-7.40986193,39.4057357],[-7.43288293,39.39169083],[-7.416995,39.33662856],[-7.35740824,39.31294996],[-7.34630356,39.33500126],[-7.30813094,39.3368819],[-7.32285495,39.3819528],[-7.29421143,39.45657221],[-7.38095574,39.49348908]]]},"properties":{"con_name":"Marv\u00e3o","con_code":"1210","dis_name":"Portalegre"}},{"type":"Feature","geometry":{"type":"Polygon","coordinates":[[[-8.65239372,41.85637894],[-8.62212129,41.84433566],[-8.56168578,41.87028781],[-8.52310038,41.85443028],[-8.48854868,41.90149749],[-8.50779922,41.93766224],[-8.49445069,41.96603291],[-8.55548687,41.98257131],[-8.63574913,41.93409592],[-8.63856431,41.90905522],[-8.67538669,41.8877311],[-8.65239372,41.85637894]]]},"properties":{"con_name":"Paredes de Coura","con_code":"1605","dis_name":"Viana do Castelo"}},{"type":"Feature","geometry":{"type":"Polygon","coordinates":[[[-8.59694456,41.18423436],[-8.61810505,41.22465138],[-8.64569983,41.23662182],[-8.66602521,41.22273526],[-8.69322686,41.23808779],[-8.68486041,41.25301395],[-8.70404128,41.27216751],[-8.72862453,41.27034096],[-8.72915781,41.24264138],[-8.70710794,41.19207136],[-8.71226776,41.18232202],[-8.70821804,41.17258762],[-8.70615505,41.18628041],[-8.67885605,41.17149003],[-8.59694456,41.18423436]]]},"properties":{"con_name":"Matosinhos","con_code":"1308","dis_name":"Porto"}},{"type":"Feature","geometry":{"type":"Polygon","coordinates":[[[-8.76210346,41.37235243],[-8.72182934,41.36796984],[-8.73030357,41.38462089],[-8.70195815,41.42568213],[-8.62332131,41.38273566],[-8.59067413,41.40004682],[-8.6501371,41.41968608],[-8.66808294,41.44460389],[-8.77642812,41.47197142],[-8.78906268,41.41591757],[-8.76210346,41.37235243]]]},"properties":{"con_name":"P\u00f3voa de Varzim","con_code":"1313","dis_name":"Porto"}},{"type":"Feature","geometry":{"type":"MultiPolygon","coordinates":[[[[-16.54091081,32.56861644],[-16.5407109,32.56856366],[-16.54056777,32.56871417],[-16.54080201,32.56885737],[-16.54091081,32.56861644]]],[[[-16.54081627,32.57647099],[-16.54103246,32.57640784],[-16.54103777,32.57630285],[-16.54077581,32.57623098],[-16.54081627,32.57647099]]],[[[-16.54309212,32.58483084],[-16.54837439,32.58966293],[-16.54126905,32.57684885],[-16.54077575,32.57792772],[-16.54309212,32.58483084]]],[[[-16.54751469,32.58541661],[-16.54734116,32.58546632],[-16.54738735,32.58556089],[-16.54753506,32.58558696],[-16.54751469,32.58541661]]],[[[-16.54932811,32.58844546],[-16.54919334,32.58838314],[-16.54911106,32.5885564],[-16.54928791,32.58858703],[-16.54932811,32.58844546]]],[[[-16.54840379,32.59002018],[-16.54829817,32.59035777],[-16.54878096,32.59076931],[-16.54913466,32.59009729],[-16.54840379,32.59002018]]],[[[-16.54793937,32.59050819],[-16.54780116,32.5906969],[-16.54801061,32.59093219],[-16.5481181,32.59030914],[-16.54793937,32.59050819]]],[[[-16.54584407,32.59191844],[-16.54580934,32.59218121],[-16.54593986,32.59221738],[-16.54603448,32.59202862],[-16.54584407,32.59191844]]],[[[-16.84796789,32.6395093],[-16.84806191,32.63952505],[-16.8480651,32.63943139],[-16.84796789,32.6395093]]],[[[-16.85761928,32.63971325],[-16.81382612,32.65211386],[-16.76810191,32.70070691],[-16.84697116,32.73483155],[-16.89629244,32.71054086],[-16.85761928,32.63971325]]],[[[-16.77351393,32.69067389],[-16.77335757,32.69058988],[-16.77353169,32.69077175],[-16.77351393,32.69067389]]],[[[-16.49422132,32.48173279],[-16.49225319,32.47600177],[-16.49004005,32.49136407],[-16.50011395,32.5200339],[-16.52202941,32.5540292],[-16.54086583,32.57287748],[-16.53772014,32.54097357],[-16.51629995,32.52685877],[-16.49422132,32.48173279]]],[[[-16.52490824,32.5343258],[-16.52506842,32.53445984],[-16.52521991,32.53437858],[-16.52513045,32.53425022],[-16.52490824,32.5343258]]],[[[-16.52630591,32.53509204],[-16.52634068,32.53522567],[-16.52664654,32.53514218],[-16.5265571,32.53500837],[-16.52630591,32.53509204]]],[[[-16.53517174,32.53841156],[-16.53502436,32.53831401],[-16.5348863,32.53839335],[-16.53500459,32.53855705],[-16.53517174,32.53841156]]],[[[-16.53700305,32.53996072],[-16.53694616,32.54013495],[-16.53723319,32.54010413],[-16.53716512,32.53998237],[-16.53700305,32.53996072]]],[[[-16.53846875,32.54112175],[-16.5382903,32.54088841],[-16.53791229,32.54078219],[-16.53829916,32.54140785],[-16.53846875,32.54112175]]],[[[-16.51786812,32.54361734],[-16.51768015,32.54367786],[-16.51783145,32.54387736],[-16.51797356,32.5438225],[-16.51786812,32.54361734]]],[[[-16.52086693,32.54984961],[-16.52098903,32.54989239],[-16.52108112,32.54981027],[-16.52089244,32.54973902],[-16.52086693,32.54984961]]],[[[-16.52166452,32.55096066],[-16.5217515,32.55077963],[-16.5214962,32.55069167],[-16.52142859,32.55089161],[-16.52166452,32.55096066]]],[[[-16.5372965,32.55375978],[-16.53722467,32.55365853],[-16.53692841,32.55365455],[-16.5370936,32.55388771],[-16.5372965,32.55375978]]],[[[-16.5369073,32.55544668],[-16.53706411,32.55554186],[-16.53720927,32.55537308],[-16.53709648,32.55529819],[-16.5369073,32.55544668]]],[[[-16.53711277,32.55748535],[-16.53732926,32.55745257],[-16.53734135,32.55728186],[-16.53698777,32.55732523],[-16.53711277,32.55748535]]],[[[-16.53351583,32.56687129],[-16.53328028,32.56687913],[-16.5332234,32.56705476],[-16.53341319,32.56712545],[-16.53351583,32.56687129]]],[[[-16.53395353,32.56768217],[-16.53371798,32.56769001],[-16.5336611,32.56786565],[-16.53385089,32.56793633],[-16.53395353,32.56768217]]],[[[-16.54043965,32.5757642],[-16.54042649,32.57548771],[-16.54021893,32.57551485],[-16.5402173,32.57566154],[-16.54043965,32.5757642]]],[[[-16.5408227,32.5769982],[-16.54103237,32.5769121],[-16.54103252,32.57679029],[-16.5407341,32.57674029],[-16.5408227,32.5769982]]],[[[-16.46476906,32.40418991],[-16.46475181,32.40394989],[-16.46458767,32.4039322],[-16.46453118,32.40419799],[-16.46476906,32.40418991]]],[[[-16.46312838,32.40467367],[-16.46282929,32.40494732],[-16.46350988,32.40486783],[-16.46343062,32.40476368],[-16.46312838,32.40467367]]],[[[-16.46500795,32.40663555],[-16.46491972,32.40647888],[-16.46468568,32.40661089],[-16.46476511,32.40668936],[-16.46500795,32.40663555]]],[[[-16.47391555,32.40669511],[-16.47393277,32.40642607],[-16.4737001,32.40644989],[-16.47363017,32.40668958],[-16.47391555,32.40669511]]],[[[-16.47352954,32.4068958],[-16.47345137,32.40668023],[-16.47332137,32.40670304],[-16.47326491,32.40696884],[-16.47352954,32.4068958]]],[[[-16.47403084,32.40725378],[-16.47398423,32.40706748],[-16.47377029,32.40710767],[-16.4738511,32.40726209],[-16.47403084,32.40725378]]],[[[-16.48130181,32.41232245],[-16.48126168,32.4118657],[-16.48095519,32.41193396],[-16.48102934,32.41230718],[-16.48130181,32.41232245]]],[[[-16.48505153,32.41736701],[-16.48502455,32.41717741],[-16.48478038,32.41715877],[-16.48481418,32.417378],[-16.48505153,32.41736701]]],[[[-16.49346808,32.44662935],[-16.49335082,32.44664111],[-16.49322543,32.44601182],[-16.49349058,32.44421074],[-16.49421942,32.44359621],[-16.4932493,32.44308275],[-16.4938125,32.44162361],[-16.49236698,32.43809675],[-16.4928441,32.43647046],[-16.47996554,32.410343],[-16.47823465,32.41053651],[-16.47162631,32.40599833],[-16.470255,32.40637227],[-16.46662134,32.40403612],[-16.46341856,32.4037282],[-16.48576173,32.42830841],[-16.49128327,32.46428963],[-16.49346808,32.44662935]]],[[[-16.49340193,32.43757617],[-16.49321628,32.43738208],[-16.49270746,32.43757054],[-16.49326689,32.43780869],[-16.49340193,32.43757617]]],[[[-16.49347729,32.44611206],[-16.49336706,32.44640178],[-16.49353258,32.44649734],[-16.49376542,32.44622276],[-16.49347729,32.44611206]]],[[[-16.4943188,32.45006925],[-16.49407711,32.45019714],[-16.49437425,32.4504178],[-16.49448232,32.45022582],[-16.4943188,32.45006925]]],[[[-16.48857705,32.45730499],[-16.48833534,32.45743288],[-16.48863249,32.45765355],[-16.48874058,32.45746157],[-16.48857705,32.45730499]]],[[[-16.49279974,32.47626455],[-16.49280136,32.47648],[-16.49374657,32.47614464],[-16.4929384,32.47606799],[-16.49279974,32.47626455]]],[[[-16.49472373,32.48143025],[-16.49438186,32.48146919],[-16.49434429,32.48174323],[-16.49463568,32.48175464],[-16.49472373,32.48143025]]],[[[-16.50878319,32.53082633],[-16.50892434,32.53077295],[-16.50897892,32.53068725],[-16.50865399,32.53068542],[-16.50878319,32.53082633]]]]},"properties":{"con_name":"Santa Cruz","con_code":"3108","dis_name":"Madeira"}},{"type":"Feature","geometry":{"type":"Polygon","coordinates":[[[-9.15931102,38.92988755],[-9.13246222,38.94091376],[-9.11080428,38.92241506],[-9.0798055,38.92834199],[-9.09441429,38.96723065],[-9.02556472,38.96017125],[-9.04222908,39.02124191],[-9.09559401,39.02861758],[-9.10794176,38.98459054],[-9.11433126,39.00009308],[-9.15192041,38.96847385],[-9.17321347,38.98280886],[-9.15931102,38.92988755]]]},"properties":{"con_name":"Arruda dos Vinhos","con_code":"1102","dis_name":"Lisboa"}},{"type":"Feature","geometry":{"type":"Polygon","coordinates":[[[-7.8508463,41.61505524],[-7.81214929,41.578499],[-7.7322282,41.65238537],[-7.7040668,41.63164807],[-7.73379835,41.59948498],[-7.72972653,41.58130154],[-7.70010866,41.58241581],[-7.70926518,41.59158676],[-7.66646584,41.62571693],[-7.59882917,41.659953],[-7.60035936,41.70594155],[-7.56353953,41.73573546],[-7.57824149,41.77729453],[-7.60887185,41.79530354],[-7.6520963,41.73473765],[-7.6902157,41.71718173],[-7.76483504,41.7082357],[-7.83069461,41.72781124],[-7.84641138,41.69197109],[-7.88316386,41.70991436],[-7.89309101,41.66986288],[-7.91786972,41.65092828],[-7.8508463,41.61505524]]]},"properties":{"con_name":"Boticas","con_code":"1702","dis_name":"Vila Real"}},{"type":"Feature","geometry":{"type":"Polygon","coordinates":[[[-7.6485255,41.17981843],[-7.73139133,41.21449118],[-7.74904402,41.20967943],[-7.75263456,41.17665254],[-7.77719236,41.17473936],[-7.83780274,41.20091428],[-7.83052967,41.22621194],[-7.84808068,41.22252023],[-7.85935645,41.24038817],[-7.87786934,41.24087692],[-7.89408976,41.20923829],[-7.87763338,41.18669354],[-7.82721602,41.18559585],[-7.8351886,41.15339844],[-7.81543804,41.14571309],[-7.79724879,41.16184563],[-7.6969629,41.14165764],[-7.6485255,41.17981843]]]},"properties":{"con_name":"Peso da R\u00e9gua","con_code":"1708","dis_name":"Vila Real"}},{"type":"Feature","geometry":{"type":"Polygon","coordinates":[[[-8.61842261,37.12040677],[-8.52787672,37.10841886],[-8.53182445,37.13728972],[-8.48532088,37.17705126],[-8.52081104,37.2044801],[-8.53270846,37.24951786],[-8.57631781,37.25071825],[-8.59351465,37.27991685],[-8.60252962,37.26665874],[-8.62298036,37.27887545],[-8.63897919,37.23478347],[-8.66245897,37.24843667],[-8.68465735,37.21514241],[-8.65038346,37.19198918],[-8.61842261,37.12040677]]]},"properties":{"con_name":"Portim\u00e3o","con_code":"0811","dis_name":"Faro"}},{"type":"Feature","geometry":{"type":"Polygon","coordinates":[[[-7.63912528,41.40432259],[-7.62791538,41.41254803],[-7.60138094,41.39352025],[-7.5604117,41.43791522],[-7.52182266,41.45088423],[-7.4970148,41.43964649],[-7.47275947,41.46945124],[-7.53110805,41.5754292],[-7.52320789,41.61644031],[-7.57531071,41.59594548],[-7.59159053,41.62434691],[-7.64302024,41.63573885],[-7.70520442,41.59551941],[-7.70010866,41.58241581],[-7.75079747,41.56509345],[-7.75305107,41.54847982],[-7.70590745,41.51876083],[-7.71773448,41.50657079],[-7.74272318,41.51870911],[-7.7846367,41.48746483],[-7.77708869,41.47656704],[-7.73369628,41.45623144],[-7.73436418,41.42150388],[-7.63912528,41.40432259]]]},"properties":{"con_name":"Vila Pouca de Aguiar","con_code":"1713","dis_name":"Vila Real"}},{"type":"Feature","geometry":{"type":"Polygon","coordinates":[[[-8.17359507,41.23391891],[-8.13707132,41.25904276],[-8.16530417,41.22362244],[-8.08038369,41.22583619],[-8.0412791,41.1894414],[-7.98634164,41.22020391],[-7.95664432,41.19478812],[-7.89404691,41.26006205],[-7.91621185,41.27261962],[-7.90764108,41.30266708],[-7.96395898,41.32958468],[-7.94734143,41.35263235],[-7.9741681,41.37519577],[-8.02731441,41.31950761],[-8.06537128,41.34327683],[-8.08650932,41.32934884],[-8.11552321,41.34637846],[-8.12191722,41.31861575],[-8.18498437,41.30239323],[-8.2157869,41.24542522],[-8.17359507,41.23391891]]]},"properties":{"con_name":"Amarante","con_code":"1301","dis_name":"Porto"}},{"type":"Feature","geometry":{"type":"Polygon","coordinates":[[[-8.47397203,41.13604963],[-8.43742873,41.08692961],[-8.412844,41.09774661],[-8.36901936,41.06829277],[-8.392402,41.12416984],[-8.37108839,41.14029042],[-8.38037696,41.15515235],[-8.29619566,41.23081087],[-8.34427525,41.25961056],[-8.39818197,41.24275731],[-8.43199624,41.25298397],[-8.45045563,41.24068866],[-8.44058314,41.22555265],[-8.45839344,41.18874124],[-8.44203904,41.16735623],[-8.47397203,41.13604963]]]},"properties":{"con_name":"Paredes","con_code":"1310","dis_name":"Porto"}},{"type":"Feature","geometry":{"type":"Polygon","coordinates":[[[-8.72815884,41.27066635],[-8.65762397,41.2560467],[-8.62486207,41.28528178],[-8.63448825,41.31955116],[-8.61062358,41.34111164],[-8.61542517,41.36454909],[-8.65553905,41.41111813],[-8.70195815,41.42568213],[-8.73030357,41.38462089],[-8.72182934,41.36796984],[-8.76796027,41.37213288],[-8.74024568,41.33422501],[-8.72815884,41.27066635]]]},"properties":{"con_name":"Vila do Conde","con_code":"1316","dis_name":"Porto"}},{"type":"Feature","geometry":{"type":"Polygon","coordinates":[[[-31.25669623,39.48944305],[-31.25391623,39.45825442],[-31.23208816,39.46114554],[-31.18327224,39.42754783],[-31.13679528,39.42510533],[-31.14456721,39.43536107],[-31.12453345,39.45437917],[-31.15777504,39.50242325],[-31.18372847,39.49848431],[-31.20762742,39.52428055],[-31.23694454,39.5208098],[-31.25669623,39.48944305]]]},"properties":{"con_name":"Santa Cruz das Flores","con_code":"4802","dis_name":"A\u00e7ores"}},{"type":"Feature","geometry":{"type":"Polygon","coordinates":[[[-7.92022089,37.79572023],[-7.87886757,37.82891498],[-7.83048758,37.82853009],[-7.79497616,37.8494039],[-7.77247396,37.84364158],[-7.76862772,37.80606112],[-7.74872857,37.79384896],[-7.69136099,37.83202217],[-7.64608588,37.8213306],[-7.65540191,37.89345165],[-7.64012162,37.90528981],[-7.6823278,37.94031011],[-7.64199549,37.99267064],[-7.65243523,38.05375205],[-7.63775181,38.072261],[-7.72759504,38.12056578],[-7.75363996,38.11119498],[-7.75656872,38.08812249],[-7.79591085,38.09174791],[-7.77435559,38.07963119],[-7.80301724,38.06740038],[-7.80515185,38.09394885],[-7.82256873,38.10033562],[-7.80350386,38.10866111],[-7.82190178,38.12442952],[-7.81863408,38.15546869],[-7.83816934,38.16258672],[-7.83910444,38.14687402],[-7.85814345,38.1498491],[-7.88373401,38.12468246],[-7.89902573,38.13433593],[-7.96238434,38.10582736],[-7.99964445,38.12099197],[-8.00722127,38.08401885],[-8.04242475,38.04353951],[-8.03544286,38.02475548],[-8.05514831,38.02151765],[-8.04112298,38.00839625],[-8.06785587,37.99789587],[-8.04818599,37.95632867],[-8.08315098,37.88476206],[-8.04469627,37.81445537],[-8.02630127,37.82734816],[-7.98791169,37.7955521],[-7.96234315,37.81249477],[-7.96626822,37.80018381],[-7.92663029,37.77646059],[-7.92022089,37.79572023]]]},"properties":{"con_name":"Beja","con_code":"0205","dis_name":"Beja"}},{"type":"Feature","geometry":{"type":"Polygon","coordinates":[[[-8.11797516,41.3443281],[-8.08650932,41.32934884],[-8.06537128,41.34327683],[-8.02442052,41.32105312],[-7.98871967,41.34723462],[-7.96718391,41.38976816],[-7.98107117,41.39487214],[-7.93702116,41.44533886],[-8.06630847,41.48793642],[-8.07005266,41.45969037],[-8.11029111,41.42172001],[-8.11675636,41.37668413],[-8.14597652,41.36472374],[-8.11797516,41.3443281]]]},"properties":{"con_name":"Celorico de Basto","con_code":"0305","dis_name":"Braga"}},{"type":"Feature","geometry":{"type":"Polygon","coordinates":[[[-7.58329011,40.38771099],[-7.5707088,40.42474195],[-7.53430065,40.44308286],[-7.44712479,40.44611539],[-7.43425866,40.46176595],[-7.47865474,40.55208126],[-7.53913046,40.57164084],[-7.52725802,40.60789353],[-7.58354439,40.57172978],[-7.71380526,40.54330902],[-7.74205861,40.49174651],[-7.67624095,40.4781629],[-7.63779824,40.44986422],[-7.62848511,40.41973088],[-7.59949724,40.42123677],[-7.58329011,40.38771099]]]},"properties":{"con_name":"Gouveia","con_code":"0906","dis_name":"Guarda"}},{"type":"Feature","geometry":{"type":"Polygon","coordinates":[[[-7.76194357,40.68107511],[-7.60580982,40.71860127],[-7.57070468,40.74752256],[-7.6281086,40.78150312],[-7.5913352,40.82991739],[-7.63114632,40.8737219],[-7.70401289,40.84617091],[-7.7212307,40.76532681],[-7.76807085,40.77352232],[-7.77529911,40.69174684],[-7.76194357,40.68107511]]]},"properties":{"con_name":"S\u00e1t\u00e3o","con_code":"1817","dis_name":"Viseu"}},{"type":"Feature","geometry":{"type":"Polygon","coordinates":[[[-9.30847162,38.74463597],[-9.24765371,38.74286757],[-9.24422001,38.79474567],[-9.22069079,38.79856235],[-9.24112001,38.81976281],[-9.24031911,38.87166208],[-9.25638419,38.8692818],[-9.27209387,38.89385554],[-9.34563778,38.88333105],[-9.3951517,38.93063614],[-9.41982721,38.93243218],[-9.49502555,38.76842229],[-9.38207095,38.75791863],[-9.36269414,38.73858183],[-9.30847162,38.74463597]]]},"properties":{"con_name":"Sintra","con_code":"1111","dis_name":"Lisboa"}},{"type":"Feature","geometry":{"type":"Polygon","coordinates":[[[-8.33205182,41.25627581],[-8.29862334,41.23095377],[-8.27686638,41.24800949],[-8.23228929,41.23966221],[-8.19149646,41.2910905],[-8.21119568,41.3113431],[-8.27718503,41.31434059],[-8.26659377,41.33041032],[-8.27837833,41.34582795],[-8.3164497,41.35125966],[-8.33975265,41.33496921],[-8.31729745,41.31694292],[-8.33421758,41.29853689],[-8.33205182,41.25627581]]]},"properties":{"con_name":"Lousada","con_code":"1305","dis_name":"Porto"}},{"type":"Feature","geometry":{"type":"Polygon","coordinates":[[[-7.27046338,40.40775063],[-7.27578784,40.33938651],[-7.332556,40.2939322],[-7.24017112,40.25845594],[-7.21258247,40.28604268],[-7.16071798,40.26889371],[-7.11186714,40.32464242],[-7.08316602,40.27833204],[-7.01519366,40.29029327],[-6.95362469,40.25811053],[-6.88400719,40.25787371],[-6.86604581,40.26666014],[-6.86137744,40.29961147],[-6.79410674,40.32839983],[-6.78097736,40.36432966],[-6.83872132,40.41473123],[-6.8497089,40.45200759],[-6.83317407,40.47668026],[-6.9489429,40.51746804],[-7.00255983,40.47718045],[-7.05520112,40.55298177],[-7.07709227,40.54011663],[-7.05495327,40.46239657],[-7.14148665,40.41276472],[-7.18884083,40.43650284],[-7.21456563,40.41514986],[-7.25953731,40.42135415],[-7.27046338,40.40775063]]]},"properties":{"con_name":"Sabugal","con_code":"0911","dis_name":"Guarda"}},{"type":"Feature","geometry":{"type":"Polygon","coordinates":[[[-17.0195256,32.65391155],[-17.03076043,32.66101086],[-16.98345025,32.72417018],[-16.9848454,32.75306087],[-17.04741023,32.74590764],[-17.08619568,32.6816123],[-17.0195256,32.65391155]]]},"properties":{"con_name":"Ribeira Brava","con_code":"3107","dis_name":"Madeira"}},{"type":"Feature","geometry":{"type":"Polygon","coordinates":[[[-8.762579,38.73961644],[-8.70803113,38.8454231],[-8.66921154,38.82162516],[-8.67587666,38.86191545],[-8.65303577,38.90102322],[-8.72952107,38.9450718],[-8.72581454,38.9780098],[-8.75564227,38.97778145],[-8.79733176,39.01825836],[-8.81241865,39.01457883],[-8.80504741,39.03049223],[-8.8596199,39.02920434],[-8.84167173,39.01660564],[-8.87837792,38.97184169],[-8.8506688,38.95988904],[-8.89138877,38.94448023],[-8.91137903,38.88832674],[-8.96846609,38.82776496],[-8.91014513,38.73262237],[-8.83932906,38.7617779],[-8.79158155,38.73412172],[-8.762579,38.73961644]]]},"properties":{"con_name":"Benavente","con_code":"1405","dis_name":"Santar\u00e9m"}},{"type":"Feature","geometry":{"type":"Polygon","coordinates":[[[-8.35736106,39.88912314],[-8.30169956,39.89469547],[-8.33124128,39.84822971],[-8.32679923,39.79900997],[-8.28508886,39.79576049],[-8.27531329,39.84233927],[-8.22323312,39.85460021],[-8.26139587,39.92379743],[-8.20974904,40.05208071],[-8.24223372,40.06729877],[-8.27580636,40.04540271],[-8.29797706,40.00935263],[-8.2706365,39.98914035],[-8.27864641,39.96051502],[-8.31913517,39.98486085],[-8.34601536,39.94878217],[-8.33478934,39.91911307],[-8.36397532,39.90823415],[-8.35736106,39.88912314]]]},"properties":{"con_name":"Figueir\u00f3 dos Vinhos","con_code":"1008","dis_name":"Leiria"}},{"type":"Feature","geometry":{"type":"Polygon","coordinates":[[[-8.22331763,41.4095885],[-8.18552138,41.40996556],[-8.15882376,41.38116237],[-8.11675636,41.37668413],[-8.11029111,41.42172001],[-8.07005266,41.45969037],[-8.05595732,41.50093514],[-8.06619392,41.55990785],[-8.22880631,41.53795382],[-8.23678061,41.50488834],[-8.21765287,41.47972726],[-8.238926,41.44638102],[-8.22134705,41.42135308],[-8.24796091,41.41500173],[-8.22331763,41.4095885]]]},"properties":{"con_name":"Fafe","con_code":"0307","dis_name":"Braga"}},{"type":"Feature","geometry":{"type":"Polygon","coordinates":[[[-7.74188004,39.73688266],[-7.71126219,39.73138577],[-7.61942579,39.79514829],[-7.60267674,39.74334018],[-7.49555575,39.73514191],[-7.49499012,39.6814212],[-7.51675738,39.66575661],[-7.33116058,39.64099428],[-7.2573716,39.6655899],[-7.26302671,39.6778586],[-7.22607515,39.70403531],[-7.17940592,39.79292768],[-7.24717773,39.79807116],[-7.30932993,39.83385347],[-7.35052228,39.83051413],[-7.31148645,39.89541031],[-7.34468826,39.97401776],[-7.37616885,39.97782097],[-7.39847818,40.01939352],[-7.4807236,39.9953295],[-7.51718953,40.07880681],[-7.61597852,40.08363148],[-7.66655509,40.0694402],[-7.70931277,40.02858767],[-7.69187541,40.00738132],[-7.71544461,39.99071993],[-7.71919959,39.95251491],[-7.69620372,39.93370217],[-7.74171063,39.92215262],[-7.74377511,39.87135875],[-7.83294855,39.89260269],[-7.84874833,39.87412749],[-7.77928438,39.87024963],[-7.75253741,39.81816626],[-7.76123343,39.78686571],[-7.74188004,39.73688266]]]},"properties":{"con_name":"Castelo Branco","con_code":"0502","dis_name":"Castelo Branco"}},{"type":"Feature","geometry":{"type":"Polygon","coordinates":[[[-7.35689133,39.97878424],[-7.31148645,39.89541031],[-7.35052228,39.83051413],[-7.30932993,39.83385347],[-7.24717773,39.79807116],[-7.17974344,39.7944017],[-7.22607515,39.70403531],[-7.26423845,39.67252385],[-7.15134967,39.65307185],[-7.06497975,39.65805155],[-7.0074476,39.68437138],[-6.97683258,39.77232099],[-6.98720411,39.81002717],[-6.90359116,39.87070542],[-6.90658422,39.92381808],[-6.88495366,39.9406919],[-6.8866801,39.97935052],[-6.86378508,40.01200913],[-6.93510695,40.10045456],[-6.99893631,40.07588405],[-7.0733652,40.08574028],[-7.09542609,40.06833039],[-7.12708253,40.09099631],[-7.15551979,40.0764973],[-7.17667933,40.0924434],[-7.21768125,40.04917789],[-7.26472023,40.08788743],[-7.34980731,40.03209696],[-7.35689133,39.97878424]]]},"properties":{"con_name":"Idanha-a-Nova","con_code":"0505","dis_name":"Castelo Branco"}},{"type":"Feature","geometry":{"type":"Polygon","coordinates":[[[-7.31894415,40.05325493],[-7.26472023,40.08788743],[-7.21768125,40.04917789],[-7.17667933,40.0924434],[-7.15551979,40.0764973],[-7.12708253,40.09099631],[-7.09542609,40.06833039],[-7.0733652,40.08574028],[-6.99893631,40.07588405],[-6.93223858,40.09922097],[-7.0129358,40.12613001],[-7.02988624,40.18396945],[-7.01269085,40.22545778],[-6.9632816,40.23822614],[-6.95141775,40.25757276],[-7.01387079,40.29013821],[-7.08345679,40.27842677],[-7.11186714,40.32464242],[-7.16124384,40.26866811],[-7.21258247,40.28604268],[-7.24017112,40.25845594],[-7.27307325,40.26570651],[-7.27315765,40.21535374],[-7.25190267,40.20124089],[-7.29108403,40.16196519],[-7.28441141,40.12425999],[-7.31894415,40.05325493]]]},"properties":{"con_name":"Penamacor","con_code":"0507","dis_name":"Castelo Branco"}},{"type":"Feature","geometry":{"type":"Polygon","coordinates":[[[-8.2865185,40.02638905],[-8.24219042,40.06423289],[-8.31146882,40.11717701],[-8.28819025,40.16563887],[-8.31290355,40.19085357],[-8.34647079,40.19396205],[-8.36807693,40.17615844],[-8.34795869,40.15615145],[-8.36378671,40.16218881],[-8.37959744,40.15497932],[-8.36061434,40.12151683],[-8.40362881,40.09892276],[-8.40553194,40.07715663],[-8.2865185,40.02638905]]]},"properties":{"con_name":"Miranda do Corvo","con_code":"0609","dis_name":"Coimbra"}},{"type":"Feature","geometry":{"type":"Polygon","coordinates":[[[-7.49647598,38.69191639],[-7.4780567,38.67124069],[-7.45639329,38.67468736],[-7.4625099,38.71017169],[-7.41210743,38.71837965],[-7.39145914,38.70521265],[-7.37040005,38.712061],[-7.38068954,38.73349655],[-7.34395623,38.75368924],[-7.32659012,38.73261497],[-7.29657361,38.73220273],[-7.26393141,38.7733576],[-7.23181715,38.76300552],[-7.20743439,38.83109701],[-7.24531168,38.84785124],[-7.27961902,38.82764163],[-7.29470588,38.84055686],[-7.32564293,38.82519264],[-7.32633651,38.80456838],[-7.3550325,38.79785249],[-7.36823516,38.81141352],[-7.46042399,38.77468223],[-7.49647598,38.69191639]]]},"properties":{"con_name":"Vila Vi\u00e7osa","con_code":"0714","dis_name":"\u00c9vora"}},{"type":"Feature","geometry":{"type":"MultiPolygon","coordinates":[[[[-8.50404852,37.10036912],[-8.50399613,37.10042119],[-8.50419908,37.10044776],[-8.50412533,37.10038736],[-8.50404852,37.10036912]]],[[[-8.50300475,37.1003095],[-8.50279641,37.10044594],[-8.50345123,37.10046894],[-8.50329412,37.10029418],[-8.50300475,37.1003095]]],[[[-8.50555984,37.10096232],[-8.50564991,37.10109278],[-8.50593662,37.10113135],[-8.50580882,37.10099244],[-8.50555984,37.10096232]]],[[[-8.51709495,37.10420314],[-8.51666345,37.10423265],[-8.51686756,37.10461864],[-8.51728941,37.10432731],[-8.51709495,37.10420314]]],[[[-8.51637523,37.10565997],[-8.51633329,37.10581806],[-8.51649761,37.10583464],[-8.51654934,37.10576293],[-8.51637523,37.10565997]]],[[[-8.52670645,37.10828823],[-8.43677748,37.08533001],[-8.36936147,37.10168144],[-8.38649171,37.11542139],[-8.38492662,37.15226941],[-8.45530868,37.14939634],[-8.46495142,37.17988328],[-8.52911634,37.1409298],[-8.52670645,37.10828823]]],[[[-8.44024901,37.086684],[-8.44031308,37.08682809],[-8.44044214,37.0867846],[-8.44040665,37.08668773],[-8.44024901,37.086684]]],[[[-8.41462049,37.08841476],[-8.41454055,37.08851272],[-8.41472368,37.08858113],[-8.41472439,37.08849759],[-8.41462049,37.08841476]]],[[[-8.41523146,37.08853864],[-8.41528703,37.08872242],[-8.41537897,37.08870265],[-8.41537702,37.08857335],[-8.41523146,37.08853864]]],[[[-8.40164467,37.08938305],[-8.40155133,37.08945183],[-8.40146562,37.08989797],[-8.40165776,37.08980796],[-8.40164467,37.08938305]]],[[[-8.39615419,37.0904992],[-8.39618856,37.09058482],[-8.39624896,37.09051791],[-8.39615419,37.0904992]]],[[[-8.3940339,37.09145939],[-8.39403141,37.09178045],[-8.39412091,37.09186702],[-8.39416706,37.0915173],[-8.3940339,37.09145939]]]]},"properties":{"con_name":"Lagoa","con_code":"0806","dis_name":"Faro"}},{"type":"Feature","geometry":{"type":"MultiPolygon","coordinates":[[[[-8.66784374,37.07994306],[-8.66804184,37.0798718],[-8.66802009,37.07976944],[-8.66776664,37.07983934],[-8.66784374,37.07994306]]],[[[-8.67163452,37.08036335],[-8.67152372,37.0803916],[-8.67151917,37.08052786],[-8.67169446,37.08050571],[-8.67163452,37.08036335]]],[[[-8.67251622,37.08175813],[-8.67268608,37.08174817],[-8.67254691,37.08151922],[-8.67242354,37.08162998],[-8.67251622,37.08175813]]],[[[-8.67361581,37.08157228],[-8.67355083,37.08157717],[-8.67348465,37.0816647],[-8.67364534,37.08169307],[-8.67361581,37.08157228]]],[[[-8.7370701,37.0819247],[-8.73703701,37.08197722],[-8.7368051,37.08213213],[-8.73692859,37.08218236],[-8.7370701,37.0819247]]],[[[-8.66825865,37.08830463],[-8.66815682,37.08834635],[-8.66824163,37.08847518],[-8.66830801,37.08841298],[-8.66825865,37.08830463]]],[[[-8.66778341,37.0890824],[-8.6677943,37.08915079],[-8.667901,37.08912161],[-8.66778341,37.0890824]]],[[[-8.66876034,37.0908965],[-8.66872941,37.09097773],[-8.66889002,37.09102359],[-8.66884832,37.09093205],[-8.66876034,37.0908965]]],[[[-8.66852412,37.09161292],[-8.66844346,37.09167518],[-8.66855378,37.09176686],[-8.66865614,37.09167269],[-8.66852412,37.09161292]]],[[[-8.77220589,37.07122206],[-8.72667233,37.08649877],[-8.66757581,37.07888102],[-8.66895183,37.10130265],[-8.66357353,37.10774265],[-8.61954251,37.11848602],[-8.65038346,37.19198918],[-8.69229596,37.21060185],[-8.70076229,37.23171438],[-8.76181419,37.22561045],[-8.79095597,37.18753686],[-8.85315362,37.15594969],[-8.79774092,37.13244643],[-8.77220589,37.07122206]]],[[[-8.66793324,37.0981286],[-8.66790436,37.09822731],[-8.6680597,37.09824237],[-8.66808059,37.09815812],[-8.66793324,37.0981286]]],[[[-8.66643926,37.0799348],[-8.66661685,37.08020963],[-8.66695697,37.08022954],[-8.6666873,37.07989547],[-8.66643926,37.0799348]]],[[[-8.66715564,37.08023937],[-8.66734064,37.08020637],[-8.66717074,37.07993916],[-8.66703561,37.08001023],[-8.66715564,37.08023937]]],[[[-8.66660141,37.08344125],[-8.66676951,37.08321109],[-8.66655633,37.08301021],[-8.6663635,37.08325888],[-8.66660141,37.08344125]]],[[[-8.66687743,37.08336513],[-8.66699181,37.0833493],[-8.6669608,37.08327447],[-8.66686345,37.08326419],[-8.66687743,37.08336513]]],[[[-8.66653189,37.08582622],[-8.66645564,37.08584341],[-8.66653859,37.08596387],[-8.66661455,37.08592217],[-8.66653189,37.08582622]]],[[[-8.66616879,37.0860114],[-8.66609442,37.08602399],[-8.66603429,37.08615879],[-8.66623847,37.08616553],[-8.66616879,37.0860114]]],[[[-8.66623369,37.08630161],[-8.66616297,37.08627291],[-8.66597067,37.08632424],[-8.66605895,37.0864034],[-8.66623369,37.08630161]]],[[[-8.6671811,37.08696773],[-8.66718041,37.08707748],[-8.66727496,37.0870247],[-8.6672747,37.08698794],[-8.6671811,37.08696773]]],[[[-8.66712529,37.08744445],[-8.66732482,37.08747725],[-8.66750326,37.08734111],[-8.66715944,37.08715011],[-8.66712529,37.08744445]]],[[[-8.667246,37.08816773],[-8.6671431,37.0881873],[-8.66712549,37.08825703],[-8.66726076,37.0882365],[-8.667246,37.08816773]]],[[[-8.66610639,37.09218933],[-8.66631466,37.09220046],[-8.66630007,37.09210871],[-8.66615884,37.09201726],[-8.66610639,37.09218933]]],[[[-8.66718287,37.09298209],[-8.66739873,37.0931734],[-8.667544,37.0931987],[-8.6672939,37.09261531],[-8.66718287,37.09298209]]],[[[-8.66688516,37.09536979],[-8.66704123,37.09531403],[-8.66678781,37.09523489],[-8.66678984,37.09538013],[-8.66688516,37.09536979]]],[[[-8.66605518,37.09556843],[-8.66610238,37.09577005],[-8.6663499,37.09582634],[-8.66629502,37.09562006],[-8.66605518,37.09556843]]]]},"properties":{"con_name":"Lagos","con_code":"0807","dis_name":"Faro"}},{"type":"Feature","geometry":{"type":"Polygon","coordinates":[[[-7.59123473,40.83020255],[-7.57684212,40.86277842],[-7.52929829,40.87304577],[-7.45361876,40.812451],[-7.40322599,40.87853666],[-7.37996204,40.86873634],[-7.37462351,40.90270594],[-7.39849521,40.88029386],[-7.42628456,40.88724948],[-7.41385693,40.92527437],[-7.44344073,40.95058979],[-7.43426549,40.96441823],[-7.46145613,41.00060729],[-7.52043098,41.02065913],[-7.53864472,40.96172578],[-7.55796848,40.95033337],[-7.55201503,40.92961976],[-7.62147358,40.91123117],[-7.66058453,40.87353156],[-7.63278112,40.87478558],[-7.59123473,40.83020255]]]},"properties":{"con_name":"Sernancelhe","con_code":"1818","dis_name":"Viseu"}},{"type":"Feature","geometry":{"type":"Polygon","coordinates":[[[-8.63882888,41.92916841],[-8.55548687,41.98257131],[-8.53611659,41.97412643],[-8.52930425,42.02260464],[-8.54684058,42.05398818],[-8.62835644,42.05062473],[-8.65762128,42.03010151],[-8.68189273,41.98887716],[-8.66636891,41.93492522],[-8.63882888,41.92916841]]]},"properties":{"con_name":"Valen\u00e7a","con_code":"1608","dis_name":"Viana do Castelo"}},{"type":"Feature","geometry":{"type":"Polygon","coordinates":[[[-8.53824026,39.947438],[-8.47092235,39.89246626],[-8.47592514,39.8676144],[-8.40578421,39.85555894],[-8.36092143,39.86099198],[-8.36397532,39.90823415],[-8.33478934,39.91911307],[-8.34601536,39.94878217],[-8.37220956,39.9240648],[-8.40727157,39.92966899],[-8.37989533,39.95540835],[-8.42697439,40.02672714],[-8.4271065,39.99765429],[-8.45745984,40.01777802],[-8.49062146,39.98610708],[-8.52223255,39.9845306],[-8.53824026,39.947438]]]},"properties":{"con_name":"Ansi\u00e3o","con_code":"1003","dis_name":"Leiria"}},{"type":"Feature","geometry":{"type":"MultiPolygon","coordinates":[[[[-16.05161722,30.02899346],[-16.05152243,30.02895772],[-16.05149836,30.02900789],[-16.05154783,30.02905318],[-16.05161722,30.02899346]]],[[[-16.05155781,30.02920019],[-16.0515045,30.02914554],[-16.05142303,30.02919923],[-16.05151384,30.02925358],[-16.05155781,30.02920019]]],[[[-16.0535472,30.03256307],[-16.05363206,30.03265291],[-16.05367052,30.0326022],[-16.05363084,30.03253772],[-16.0535472,30.03256307]]],[[[-16.0512845,30.03280973],[-16.05123548,30.03270178],[-16.05109627,30.03281438],[-16.05114632,30.03287195],[-16.0512845,30.03280973]]],[[[-16.05390932,30.03294486],[-16.05392193,30.03279562],[-16.0537575,30.03278048],[-16.05384756,30.03291553],[-16.05390932,30.03294486]]],[[[-16.05384899,30.03358326],[-16.05381249,30.03352115],[-16.05371901,30.03365404],[-16.05384899,30.03358326]]],[[[-16.05360289,30.03384034],[-16.053638,30.03377032],[-16.0534486,30.03380671],[-16.05347048,30.03388178],[-16.05360289,30.03384034]]],[[[-16.05333268,30.03401327],[-16.05342065,30.0339575],[-16.05337575,30.03389913],[-16.05325427,30.03397719],[-16.05333268,30.03401327]]],[[[-16.05195148,30.03398333],[-16.05197299,30.03405168],[-16.05206526,30.03400322],[-16.05202584,30.03395807],[-16.05195148,30.03398333]]],[[[-16.05303419,30.03413335],[-16.05313195,30.03408735],[-16.05315537,30.03399633],[-16.05289429,30.03423335],[-16.05303419,30.03413335]]],[[[-16.05161037,30.03405825],[-16.05153926,30.03411388],[-16.05160565,30.03421062],[-16.05172283,30.03412526],[-16.05161037,30.03405825]]],[[[-16.05275149,30.0340895],[-16.05268669,30.03414324],[-16.05270195,30.03419084],[-16.0527779,30.03419391],[-16.05275149,30.0340895]]],[[[-16.05242147,30.03433893],[-16.05262825,30.03420061],[-16.05212978,30.03452212],[-16.05221733,30.03451096],[-16.05242147,30.03433893]]],[[[-16.05016785,30.03424328],[-16.05045751,30.03472855],[-16.05149167,30.03414371],[-16.0510457,30.03408731],[-16.05016785,30.03424328]]],[[[-16.05199678,30.03470672],[-16.05207133,30.03457765],[-16.05198244,30.03454715],[-16.05191847,30.03467981],[-16.05199678,30.03470672]]],[[[-16.05163099,30.03493551],[-16.05183432,30.03481359],[-16.05184069,30.03470246],[-16.05151778,30.03487573],[-16.05163099,30.03493551]]],[[[-16.05138882,30.03490771],[-16.05132526,30.03485884],[-16.05112441,30.03494137],[-16.05116916,30.03499999],[-16.05138882,30.03490771]]],[[[-16.05097475,30.03507639],[-16.05103177,30.03497366],[-16.05081727,30.03510705],[-16.05097475,30.03507639]]],[[[-16.05102802,30.03542933],[-16.05098714,30.0353843],[-16.05091138,30.03545987],[-16.05099728,30.03547604],[-16.05102802,30.03542933]]],[[[-16.0505957,30.03557253],[-16.05064082,30.03561659],[-16.05073057,30.03555664],[-16.05065779,30.03551095],[-16.0505957,30.03557253]]],[[[-16.05058056,30.03671551],[-16.05065432,30.03674051],[-16.05071769,30.03671015],[-16.05067778,30.03664224],[-16.05058056,30.03671551]]],[[[-16.05079518,30.04688708],[-16.05071805,30.04677292],[-16.05059851,30.04680518],[-16.05066365,30.04691943],[-16.05079518,30.04688708]]],[[[-16.05098326,30.04804718],[-16.05106718,30.04804651],[-16.05110625,30.04796273],[-16.05097787,30.04791506],[-16.05098326,30.04804718]]],[[[-16.92991074,32.63597224],[-16.93006976,32.63591749],[-16.93003306,32.6355684],[-16.92988228,32.63571889],[-16.92991074,32.63597224]]],[[[-16.88971136,32.64621582],[-16.88980114,32.64620166],[-16.88978822,32.64613963],[-16.88971759,32.64616206],[-16.88971136,32.64621582]]],[[[-16.89000928,32.64622468],[-16.89005112,32.64625733],[-16.89021621,32.64614978],[-16.89013055,32.64613168],[-16.89000928,32.64622468]]],[[[-16.96931914,32.64446669],[-16.85777227,32.63978702],[-16.85776127,32.65740899],[-16.87698209,32.69517249],[-16.92867929,32.73565226],[-16.9640634,32.7096921],[-16.96931914,32.64446669]]],[[[-16.04942587,30.03071586],[-16.04951563,30.03073144],[-16.04954703,30.030666],[-16.04938347,30.03062657],[-16.04942587,30.03071586]]],[[[-16.0488845,30.03086568],[-16.04892416,30.0308223],[-16.04886609,30.03076805],[-16.0488024,30.03081512],[-16.0488845,30.03086568]]],[[[-16.0468526,30.03133741],[-16.04689761,30.03135169],[-16.04696074,30.03131133],[-16.04686299,30.03125842],[-16.0468526,30.03133741]]],[[[-16.04727065,30.03145415],[-16.04737525,30.03144762],[-16.04733983,30.03136737],[-16.04724836,30.03137867],[-16.04727065,30.03145415]]],[[[-16.04687761,30.03149388],[-16.04698912,30.03152228],[-16.04701096,30.03146597],[-16.04694417,30.03142502],[-16.04687761,30.03149388]]],[[[-16.04865961,30.03331434],[-16.05107399,30.03285907],[-16.0513156,30.02952165],[-16.04766994,30.03159812],[-16.04865961,30.03331434]]],[[[-16.04737721,30.03181121],[-16.04740048,30.03171342],[-16.04722455,30.0317807],[-16.04727846,30.03184128],[-16.04737721,30.03181121]]],[[[-16.0485969,30.03367149],[-16.04852096,30.03363727],[-16.04849526,30.03373035],[-16.04854877,30.0337454],[-16.0485969,30.03367149]]],[[[-16.04989186,30.03389328],[-16.04987715,30.03397465],[-16.04998393,30.03398154],[-16.04999215,30.03391763],[-16.04989186,30.03389328]]],[[[-16.0495787,30.03434077],[-16.04953014,30.03437405],[-16.04957082,30.03443757],[-16.04963702,30.03439061],[-16.0495787,30.03434077]]],[[[-16.04943679,30.03458569],[-16.04952519,30.03453661],[-16.04946448,30.03447131],[-16.04939843,30.03453182],[-16.04943679,30.03458569]]],[[[-16.04962962,30.03478778],[-16.0496939,30.03481993],[-16.04973632,30.03474303],[-16.04965725,30.0347176],[-16.04962962,30.03478778]]],[[[-16.050251,30.03483083],[-16.05029738,30.03474541],[-16.05021397,30.03475705],[-16.050251,30.03483083]]],[[[-16.05002105,30.03499315],[-16.05010015,30.03502269],[-16.05011789,30.03491164],[-16.05005644,30.03491194],[-16.05002105,30.03499315]]],[[[-16.05035617,30.03516834],[-16.0505558,30.03512011],[-16.05070229,30.03499621],[-16.05038867,30.03496233],[-16.05035617,30.03516834]]],[[[-16.04993591,30.03536551],[-16.04981714,30.03543233],[-16.04976988,30.03552322],[-16.05001516,30.03546441],[-16.04993591,30.03536551]]],[[[-16.04956101,30.035688],[-16.04947879,30.03563628],[-16.04944777,30.03571135],[-16.04951843,30.0357265],[-16.04956101,30.035688]]],[[[-16.04991715,30.03570836],[-16.04987188,30.03565409],[-16.04981791,30.03567248],[-16.04983948,30.0357621],[-16.04991715,30.03570836]]],[[[-16.05015142,30.0360205],[-16.05021862,30.03596688],[-16.05013424,30.03593335],[-16.05015142,30.0360205]]],[[[-16.05057127,30.0361233],[-16.05052461,30.03606824],[-16.05043552,30.03610198],[-16.05046744,30.03617249],[-16.05057127,30.0361233]]],[[[-16.05028179,30.03617398],[-16.05034507,30.03613455],[-16.05031212,30.03609471],[-16.05025,30.03611525],[-16.05028179,30.03617398]]],[[[-16.05020211,30.03660339],[-16.05030555,30.03661828],[-16.05037322,30.03656791],[-16.05025645,30.03652463],[-16.05020211,30.03660339]]],[[[-16.04999919,30.03662091],[-16.05008959,30.03658245],[-16.0499523,30.03654344],[-16.04999919,30.03662091]]],[[[-16.04968761,30.03663165],[-16.04986258,30.03664559],[-16.04989311,30.03658519],[-16.04973276,30.03654401],[-16.04968761,30.03663165]]],[[[-16.04921249,30.03900942],[-16.04959443,30.03935662],[-16.04982106,30.03909563],[-16.04942076,30.03891494],[-16.04921249,30.03900942]]],[[[-16.04929835,30.03971451],[-16.0494007,30.03968917],[-16.04941647,30.03965753],[-16.04931941,30.03961277],[-16.04929835,30.03971451]]],[[[-16.04981303,30.03967363],[-16.04975804,30.03961102],[-16.04969042,30.03968686],[-16.0497551,30.03971437],[-16.04981303,30.03967363]]],[[[-16.04997299,30.03976867],[-16.05003425,30.03985399],[-16.05015456,30.0398145],[-16.05004516,30.03974357],[-16.04997299,30.03976867]]],[[[-16.05043573,30.03990266],[-16.0503467,30.04000855],[-16.0505273,30.04016932],[-16.05059321,30.03994597],[-16.05043573,30.03990266]]],[[[-16.04976424,30.04039027],[-16.04985055,30.04037032],[-16.04983396,30.04032317],[-16.04977164,30.04032892],[-16.04976424,30.04039027]]],[[[-16.0483703,30.04691253],[-16.0484559,30.04712137],[-16.04861914,30.04706443],[-16.04853351,30.04690165],[-16.0483703,30.04691253]]],[[[-16.04905796,30.04665737],[-16.04904673,30.04706449],[-16.04970644,30.04735516],[-16.04949617,30.04686267],[-16.04905796,30.04665737]]],[[[-16.05070585,30.04713124],[-16.05067285,30.04703412],[-16.05052079,30.04701447],[-16.05054598,30.04712904],[-16.05070585,30.04713124]]],[[[-16.0504947,30.04757114],[-16.05041973,30.04766216],[-16.05058092,30.04778955],[-16.05060692,30.04766394],[-16.0504947,30.04757114]]],[[[-16.04908692,30.05074574],[-16.04896847,30.05070317],[-16.04890354,30.05099434],[-16.04899582,30.05102145],[-16.04908692,30.05074574]]],[[[-16.04340371,30.05558732],[-16.04312326,30.05587991],[-16.04374025,30.05606859],[-16.04374995,30.05574589],[-16.04340371,30.05558732]]],[[[-16.04444176,30.0562583],[-16.04447206,30.05619406],[-16.04428138,30.0559794],[-16.044214,30.0561038],[-16.04444176,30.0562583]]],[[[-16.0440565,30.05625479],[-16.04411547,30.05615702],[-16.04397067,30.05611986],[-16.04393567,30.05618795],[-16.0440565,30.05625479]]],[[[-16.04562759,30.05674846],[-16.04556657,30.05663784],[-16.04547261,30.05673113],[-16.0455509,30.05677668],[-16.04562759,30.05674846]]],[[[-16.04585422,30.05669732],[-16.04588384,30.05682327],[-16.0460251,30.05680368],[-16.04601747,30.05675142],[-16.04585422,30.05669732]]],[[[-16.04696668,30.05721783],[-16.04689462,30.05709222],[-16.04680303,30.0571268],[-16.04687126,30.05722474],[-16.04696668,30.05721783]]],[[[-16.04420557,30.05765527],[-16.04433583,30.05759884],[-16.04429252,30.05751608],[-16.04420411,30.05751678],[-16.04420557,30.05765527]]],[[[-16.04529291,30.05894979],[-16.04532514,30.05885282],[-16.04512645,30.05879284],[-16.045206,30.05895841],[-16.04529291,30.05894979]]],[[[-16.03595568,30.02927149],[-16.03601321,30.02957673],[-16.03640055,30.0295664],[-16.03628124,30.02921676],[-16.03595568,30.02927149]]],[[[-16.03780013,30.03043732],[-16.03785751,30.030541],[-16.03793446,30.03049752],[-16.03789148,30.03042435],[-16.03780013,30.03043732]]],[[[-16.032042,30.0305303],[-16.03142234,30.03059721],[-16.03126992,30.03081888],[-16.03164471,30.03097965],[-16.032042,30.0305303]]],[[[-16.03220503,30.03397499],[-16.03225422,30.03393395],[-16.03217182,30.03386854],[-16.03212257,30.0339045],[-16.03220503,30.03397499]]],[[[-16.0318772,30.0341681],[-16.03157001,30.03409938],[-16.0314591,30.03466426],[-16.03163948,30.03460695],[-16.0318772,30.0341681]]],[[[-16.03202327,30.03446167],[-16.03210241,30.03449408],[-16.03219152,30.03436127],[-16.03207756,30.03434946],[-16.03202327,30.03446167]]],[[[-16.03188523,30.03494291],[-16.03192864,30.034907],[-16.03188718,30.03484889],[-16.03181753,30.03488754],[-16.03188523,30.03494291]]],[[[-16.03206122,30.03502537],[-16.03204852,30.03492638],[-16.03193811,30.03497552],[-16.03196207,30.03503377],[-16.03206122,30.03502537]]],[[[-16.0316305,30.03543016],[-16.03158772,30.03524503],[-16.03147957,30.03523064],[-16.03153687,30.03540803],[-16.0316305,30.03543016]]],[[[-16.0320917,30.03554279],[-16.0320794,30.03547045],[-16.03201478,30.03548102],[-16.03200389,30.03554549],[-16.0320917,30.03554279]]],[[[-16.0320819,30.03525938],[-16.03241356,30.03604123],[-16.03248557,30.03607487],[-16.03252586,30.03572448],[-16.0320819,30.03525938]]],[[[-16.03192572,30.03558634],[-16.03185386,30.03556678],[-16.03184074,30.03563932],[-16.03189527,30.03566752],[-16.03192572,30.03558634]]],[[[-16.03194376,30.03576526],[-16.03196414,30.03572486],[-16.03189527,30.03566752],[-16.03187451,30.03577486],[-16.03194376,30.03576526]]],[[[-16.03179597,30.0357805],[-16.03178954,30.03582884],[-16.03185213,30.03584646],[-16.03187451,30.03577486],[-16.03179597,30.0357805]]],[[[-16.03194775,30.0359282],[-16.03202926,30.0358954],[-16.03198613,30.03583937],[-16.03192191,30.03588816],[-16.03194775,30.0359282]]],[[[-16.03456098,30.03584995],[-16.03463937,30.03596019],[-16.03470236,30.03593693],[-16.03464788,30.03584927],[-16.03456098,30.03584995]]],[[[-16.0323256,30.03602985],[-16.03226642,30.03589552],[-16.03213735,30.03591617],[-16.03221657,30.03599248],[-16.0323256,30.03602985]]],[[[-16.03334845,30.0360023],[-16.03311578,30.03602836],[-16.03317362,30.03623702],[-16.03362095,30.03600271],[-16.03334845,30.0360023]]],[[[-16.03257282,30.03624118],[-16.03247751,30.03618962],[-16.03241342,30.03625048],[-16.03245121,30.03632864],[-16.03257282,30.03624118]]],[[[-16.03229697,30.03639021],[-16.03236388,30.03637762],[-16.03236788,30.03631723],[-16.03228225,30.03630784],[-16.03229697,30.03639021]]],[[[-16.03320765,30.03643596],[-16.03316531,30.03629564],[-16.03301061,30.03639853],[-16.03306189,30.03646253],[-16.03320765,30.03643596]]],[[[-16.03477427,30.03654567],[-16.03467273,30.03651766],[-16.03467789,30.03663963],[-16.03476359,30.03664235],[-16.03477427,30.03654567]]],[[[-16.03476123,30.03678981],[-16.03471981,30.03673929],[-16.03466353,30.03675668],[-16.03469159,30.03683442],[-16.03476123,30.03678981]]],[[[-16.03338019,30.03711418],[-16.0333311,30.03707389],[-16.03324375,30.0371],[-16.03332449,30.03718749],[-16.03338019,30.03711418]]],[[[-16.0331971,30.03760517],[-16.03326431,30.0376089],[-16.03329275,30.03752577],[-16.03322763,30.03748695],[-16.0331971,30.03760517]]],[[[-16.03291038,30.03774879],[-16.03286105,30.03770241],[-16.03278198,30.03773173],[-16.03283774,30.03780995],[-16.03291038,30.03774879]]],[[[-16.03298021,30.03796634],[-16.03307235,30.03794678],[-16.03302673,30.03786049],[-16.03295512,30.03791129],[-16.03298021,30.03796634]]],[[[-16.0327479,30.03797859],[-16.03281685,30.03791534],[-16.03273331,30.0378671],[-16.03268367,30.03790895],[-16.0327479,30.03797859]]],[[[-16.03334084,30.03809792],[-16.03327403,30.03805567],[-16.03321381,30.03809008],[-16.03324193,30.03816141],[-16.03334084,30.03809792]]],[[[-16.03342943,30.03829184],[-16.03341588,30.03823669],[-16.03334958,30.03824349],[-16.0333475,30.03832137],[-16.03342943,30.03829184]]],[[[-16.03303114,30.03842432],[-16.03312104,30.03832817],[-16.03306291,30.03828844],[-16.0329769,30.03834186],[-16.03303114,30.03842432]]],[[[-16.04253431,30.05653139],[-16.04252527,30.05638192],[-16.04236827,30.05637341],[-16.04235955,30.056432],[-16.04253431,30.05653139]]],[[[-16.04324283,30.05694027],[-16.04274875,30.05649556],[-16.04250901,30.05661286],[-16.0430336,30.05693868],[-16.04324283,30.05694027]]],[[[-16.04237614,30.05694552],[-16.0423046,30.05653646],[-16.04219958,30.05649666],[-16.04204543,30.05693838],[-16.04237614,30.05694552]]],[[[-16.0430351,30.05754325],[-16.04312658,30.05745244],[-16.04306326,30.0574079],[-16.04296365,30.057428],[-16.0430351,30.05754325]]],[[[-16.04212887,30.05785285],[-16.04229109,30.05780974],[-16.04218599,30.05765936],[-16.04214156,30.05765328],[-16.04212887,30.05785285]]],[[[-16.04098018,30.05795846],[-16.04089956,30.05802666],[-16.04107832,30.05815071],[-16.04109576,30.05805084],[-16.04098018,30.05795846]]],[[[-16.04183517,30.05910987],[-16.04295111,30.058859],[-16.04199837,30.05774771],[-16.04144528,30.05859499],[-16.04183517,30.05910987]]],[[[-16.04285778,30.05932053],[-16.04284161,30.05918875],[-16.04269771,30.05921563],[-16.04274644,30.05927959],[-16.04285778,30.05932053]]],[[[-16.0399833,30.05950093],[-16.04011283,30.05951278],[-16.04002612,30.05935261],[-16.03994539,30.05941115],[-16.0399833,30.05950093]]],[[[-16.04043795,30.0594909],[-16.04027844,30.05944069],[-16.04036559,30.05964268],[-16.04041351,30.05962944],[-16.04043795,30.0594909]]],[[[-16.04324956,30.05963177],[-16.04317784,30.05952067],[-16.04299085,30.05967014],[-16.04306885,30.05970491],[-16.04324956,30.05963177]]],[[[-16.02859812,30.03068954],[-16.02863193,30.03076125],[-16.02871871,30.03075697],[-16.0286846,30.03065648],[-16.02859812,30.03068954]]],[[[-16.02912901,30.03090891],[-16.0290258,30.03086614],[-16.02898501,30.03092044],[-16.02913921,30.03103799],[-16.02912901,30.03090891]]],[[[-16.0288161,30.03097934],[-16.02880843,30.03103698],[-16.02893637,30.03101438],[-16.02887782,30.03095006],[-16.0288161,30.03097934]]],[[[-16.03111031,30.03107758],[-16.03118007,30.03107703],[-16.03122331,30.03100408],[-16.03108238,30.03101706],[-16.03111031,30.03107758]]],[[[-16.02902758,30.03123134],[-16.02914386,30.03122652],[-16.02918543,30.0311096],[-16.02905756,30.03113939],[-16.02902758,30.03123134]]],[[[-16.02325053,30.03183542],[-16.02313984,30.03180185],[-16.02309655,30.03184387],[-16.02312419,30.03189983],[-16.02325053,30.03183542]]],[[[-16.0291806,30.03190192],[-16.02936292,30.03188195],[-16.02949843,30.03179092],[-16.02936441,30.0317379],[-16.0291806,30.03190192]]],[[[-16.02677508,30.03198932],[-16.02683518,30.03191937],[-16.02678147,30.03187181],[-16.02671356,30.03192197],[-16.02677508,30.03198932]]],[[[-16.02878382,30.03225716],[-16.02910075,30.03211792],[-16.02916135,30.0319807],[-16.02880063,30.03188275],[-16.02878382,30.03225716]]],[[[-16.02823609,30.0320671],[-16.02815466,30.03211871],[-16.02818565,30.03215766],[-16.02828637,30.03213149],[-16.02823609,30.0320671]]],[[[-16.02306286,30.03241497],[-16.02313927,30.03235457],[-16.02305748,30.03229722],[-16.02299555,30.03234844],[-16.02306286,30.03241497]]],[[[-16.03022933,30.0324251],[-16.03005274,30.03235583],[-16.0298186,30.03260788],[-16.03008668,30.0326941],[-16.03022933,30.0324251]]],[[[-16.02877145,30.03266032],[-16.02887532,30.03270989],[-16.02901042,30.03257928],[-16.02877357,30.03246597],[-16.02877145,30.03266032]]],[[[-16.0231264,30.03272254],[-16.02302297,30.03258562],[-16.02296923,30.03262409],[-16.02300552,30.0327108],[-16.0231264,30.03272254]]],[[[-16.02985068,30.03309336],[-16.03004545,30.03328613],[-16.03017646,30.03287297],[-16.02996612,30.03280985],[-16.02985068,30.03309336]]],[[[-16.02162845,30.03338308],[-16.02157471,30.03322408],[-16.02149317,30.03320165],[-16.02148094,30.03333683],[-16.02162845,30.03338308]]],[[[-16.02150594,30.03346648],[-16.0214595,30.03385533],[-16.02122662,30.03426098],[-16.02182964,30.03404779],[-16.02150594,30.03346648]]],[[[-16.0307672,30.03408788],[-16.03079586,30.03403685],[-16.0306874,30.03399197],[-16.0306676,30.0340531],[-16.0307672,30.03408788]]],[[[-16.0308301,30.03424237],[-16.03085837,30.03415323],[-16.03078532,30.03414618],[-16.03077149,30.03421996],[-16.0308301,30.03424237]]],[[[-16.02237314,30.03428314],[-16.02245781,30.03433338],[-16.02260154,30.03430184],[-16.02247531,30.03423268],[-16.02237314,30.03428314]]],[[[-16.02275964,30.03428137],[-16.02264254,30.03426739],[-16.02264457,30.03432572],[-16.0227501,30.0343249],[-16.02275964,30.03428137]]],[[[-16.0297932,30.03420367],[-16.02666042,30.0321156],[-16.02237782,30.03405357],[-16.02646016,30.03498692],[-16.02735356,30.03696927],[-16.0297932,30.03420367]]],[[[-16.02159106,30.03478372],[-16.02162708,30.03484506],[-16.02168416,30.03483514],[-16.02169719,30.03477816],[-16.02159106,30.03478372]]],[[[-16.02537009,30.03524647],[-16.02533887,30.03511477],[-16.02521643,30.03504576],[-16.0253552,30.03536253],[-16.02537009,30.03524647]]],[[[-16.02636008,30.03569456],[-16.02615501,30.03563219],[-16.02644092,30.03596181],[-16.02646577,30.03592163],[-16.02636008,30.03569456]]],[[[-16.02179572,30.03582774],[-16.02171148,30.03581118],[-16.02166493,30.03585243],[-16.02176194,30.03590978],[-16.02179572,30.03582774]]],[[[-16.02429491,30.03589055],[-16.02437712,30.03584394],[-16.02433063,30.03579032],[-16.02425519,30.03582489],[-16.02429491,30.03589055]]],[[[-16.02662961,30.03621822],[-16.0265801,30.03609466],[-16.02643484,30.03603982],[-16.02650797,30.03622716],[-16.02662961,30.03621822]]],[[[-16.03033131,30.03646876],[-16.03033438,30.03636541],[-16.0302574,30.03639605],[-16.03027324,30.0364596],[-16.03033131,30.03646876]]],[[[-16.02959827,30.03645353],[-16.02955579,30.03656785],[-16.02962245,30.03660795],[-16.02967416,30.03651321],[-16.02959827,30.03645353]]],[[[-16.02665334,30.0367378],[-16.02670394,30.0365215],[-16.02657251,30.03647255],[-16.02655017,30.03675659],[-16.02665334,30.0367378]]],[[[-16.03162804,30.03665203],[-16.03157363,30.03659599],[-16.03152304,30.03664324],[-16.03155658,30.03668263],[-16.03162804,30.03665203]]],[[[-16.02616086,30.03664568],[-16.02611116,30.03672603],[-16.02619407,30.03674738],[-16.02623727,30.03670506],[-16.02616086,30.03664568]]],[[[-16.029891,30.03680894],[-16.02991755,30.03675501],[-16.0298087,30.03671132],[-16.02979585,30.03677955],[-16.029891,30.03680894]]],[[[-16.03054092,30.03684798],[-16.03060984,30.03683783],[-16.03063826,30.03678354],[-16.03051007,30.03680136],[-16.03054092,30.03684798]]],[[[-16.02940909,30.03693981],[-16.0295293,30.0369179],[-16.0294985,30.03685132],[-16.02944884,30.03685302],[-16.02940909,30.03693981]]],[[[-16.02183093,30.03709073],[-16.02188245,30.03705159],[-16.02178786,30.03698992],[-16.02175124,30.0370354],[-16.02183093,30.03709073]]],[[[-16.02763214,30.03725043],[-16.0276374,30.03709298],[-16.02739169,30.03698396],[-16.02741904,30.03713066],[-16.02763214,30.03725043]]],[[[-16.02832091,30.03789867],[-16.02823898,30.03780337],[-16.02818965,30.03786372],[-16.02825742,30.03792165],[-16.02832091,30.03789867]]],[[[-16.02076543,30.0305034],[-16.02078624,30.03042594],[-16.02070933,30.03041609],[-16.02069058,30.03046011],[-16.02076543,30.0305034]]],[[[-16.02029572,30.0305739],[-16.02035621,30.03062148],[-16.02041814,30.03057504],[-16.02029277,30.0305196],[-16.02029572,30.0305739]]],[[[-16.02099935,30.03054363],[-16.02095848,30.03060427],[-16.0210404,30.03063497],[-16.02107121,30.03059713],[-16.02099935,30.03054363]]],[[[-16.01982323,30.03060681],[-16.01979758,30.03068012],[-16.01986261,30.0307026],[-16.01989304,30.03062716],[-16.01982323,30.03060681]]],[[[-16.02101408,30.03087751],[-16.02108117,30.03086655],[-16.02106356,30.0307873],[-16.02097971,30.03080257],[-16.02101408,30.03087751]]],[[[-16.021171,30.03096613],[-16.02116092,30.03090594],[-16.02108199,30.03094593],[-16.021171,30.03096613]]],[[[-16.02100354,30.03125364],[-16.02109281,30.0312989],[-16.02117288,30.03114996],[-16.02107963,30.03118411],[-16.02100354,30.03125364]]],[[[-16.01958443,30.03132854],[-16.01965655,30.0313902],[-16.01971191,30.03135392],[-16.01965544,30.03128159],[-16.01958443,30.03132854]]],[[[-16.02021951,30.03153315],[-16.02070183,30.03189407],[-16.02000962,30.030775],[-16.01992836,30.03087527],[-16.02021951,30.03153315]]],[[[-16.01986478,30.03137382],[-16.01978482,30.03137444],[-16.01976857,30.03144417],[-16.01983546,30.03146791],[-16.01986478,30.03137382]]],[[[-16.02015473,30.03176389],[-16.02006575,30.0317129],[-16.02000314,30.03175136],[-16.02007385,30.03179299],[-16.02015473,30.03176389]]],[[[-16.02079137,30.03198889],[-16.02083955,30.03204669],[-16.02089701,30.03205362],[-16.02090707,30.03199247],[-16.02079137,30.03198889]]],[[[-16.02111567,30.03223467],[-16.02105302,30.03213385],[-16.02097317,30.03213646],[-16.02107044,30.03227474],[-16.02111567,30.03223467]]],[[[-16.02137155,30.03248494],[-16.02133455,30.03243756],[-16.02126888,30.03248773],[-16.02129211,30.03252727],[-16.02137155,30.03248494]]],[[[-16.01477887,30.03264507],[-16.01487235,30.03258978],[-16.01476876,30.03253211],[-16.01472474,30.03260651],[-16.01477887,30.03264507]]],[[[-16.02152185,30.03267645],[-16.02146225,30.03265109],[-16.02141048,30.03272101],[-16.02147022,30.03276027],[-16.02152185,30.03267645]]],[[[-16.01568507,30.03280179],[-16.01560851,30.0327595],[-16.01555977,30.03281055],[-16.01558268,30.03286105],[-16.01568507,30.03280179]]],[[[-16.01526479,30.0328674],[-16.01517166,30.03295777],[-16.01537392,30.03303028],[-16.01536413,30.03294849],[-16.01526479,30.0328674]]],[[[-16.01744501,30.03304297],[-16.01751752,30.03296827],[-16.01746557,30.03290774],[-16.01737028,30.03293689],[-16.01744501,30.03304297]]],[[[-16.02151725,30.03303697],[-16.02140505,30.03283377],[-16.02134101,30.03287598],[-16.0214294,30.03309376],[-16.02151725,30.03303697]]],[[[-16.01609041,30.03346521],[-16.01590502,30.03329124],[-16.01572885,30.03358105],[-16.01598552,30.03371939],[-16.01609041,30.03346521]]],[[[-16.01675824,30.03395899],[-16.01640727,30.03335752],[-16.01626897,30.03331628],[-16.01618207,30.0336711],[-16.01675824,30.03395899]]],[[[-16.01787412,30.03315908],[-16.0173553,30.03366203],[-16.01666377,30.03357602],[-16.01786217,30.03418044],[-16.01787412,30.03315908]]],[[[-16.02002939,30.03384313],[-16.0200151,30.03377688],[-16.01991492,30.03383216],[-16.0199589,30.03387211],[-16.02002939,30.03384313]]],[[[-16.02102706,30.03395151],[-16.02103734,30.03389218],[-16.02092596,30.03391675],[-16.02097842,30.03398744],[-16.02102706,30.03395151]]],[[[-16.0189991,30.0338128],[-16.01916879,30.03428482],[-16.01957035,30.0346757],[-16.01905364,30.03346105],[-16.0189991,30.0338128]]],[[[-16.01522515,30.03425149],[-16.01521081,30.03416194],[-16.01511701,30.03418606],[-16.01511756,30.03424062],[-16.01522515,30.03425149]]],[[[-16.01899328,30.03423092],[-16.01910285,30.034212],[-16.01907255,30.03415027],[-16.01900753,30.03417401],[-16.01899328,30.03423092]]],[[[-16.01838016,30.03447268],[-16.01817254,30.03431447],[-16.01804676,30.03427646],[-16.01820128,30.03449745],[-16.01838016,30.03447268]]],[[[-16.02066597,30.03458472],[-16.02071728,30.03454403],[-16.02071405,30.03449429],[-16.02063509,30.0344949],[-16.02066597,30.03458472]]],[[[-16.01620137,30.03468442],[-16.01626802,30.03463323],[-16.01615108,30.03458346],[-16.01612041,30.03464996],[-16.01620137,30.03468442]]],[[[-16.01717019,30.0346939],[-16.01724395,30.0345984],[-16.01707358,30.03458023],[-16.01711472,30.03466177],[-16.01717019,30.0346939]]],[[[-16.02098186,30.03482002],[-16.02079936,30.03490594],[-16.02080061,30.035028],[-16.02096712,30.03496098],[-16.02098186,30.03482002]]],[[[-16.01765702,30.03514093],[-16.01766249,30.03523833],[-16.01777017,30.03525699],[-16.01777829,30.03517507],[-16.01765702,30.03514093]]],[[[-16.02147443,30.0349899],[-16.02089764,30.03502255],[-16.02028146,30.03542168],[-16.02105731,30.03534054],[-16.02147443,30.0349899]]],[[[-16.02005429,30.03543403],[-16.02009792,30.03548064],[-16.02017164,30.03543782],[-16.02013047,30.03536772],[-16.02005429,30.03543403]]],[[[-16.01958387,30.03571466],[-16.0196373,30.03566495],[-16.01972606,30.03564196],[-16.01957874,30.03560907],[-16.01958387,30.03571466]]],[[[-16.02003641,30.03566303],[-16.020005,30.03562454],[-16.01993244,30.03564975],[-16.0199587,30.03571175],[-16.02003641,30.03566303]]],[[[-16.01905604,30.03592061],[-16.01898145,30.03587894],[-16.01896615,30.03596473],[-16.01905604,30.03592061]]],[[[-15.88618567,30.1564428],[-15.8862937,30.15638226],[-15.88624863,30.15631812],[-15.88614115,30.15637349],[-15.88618567,30.1564428]]],[[[-15.8859371,30.15714164],[-15.88612196,30.15688613],[-15.88602813,30.15669057],[-15.88554156,30.15708946],[-15.8859371,30.15714164]]],[[[-15.86789712,30.13654354],[-15.86800134,30.13659296],[-15.86809926,30.13658104],[-15.8680567,30.13649487],[-15.86789712,30.13654354]]],[[[-15.86016035,30.13727106],[-15.8602278,30.13734289],[-15.86028993,30.13731538],[-15.86025363,30.13723947],[-15.86016035,30.13727106]]],[[[-15.86094032,30.13748407],[-15.86106503,30.13748068],[-15.86096259,30.13731226],[-15.86090384,30.13738751],[-15.86094032,30.13748407]]],[[[-15.86812843,30.13752619],[-15.8681578,30.13758739],[-15.86823256,30.13756497],[-15.86822174,30.13748173],[-15.86812843,30.13752619]]],[[[-15.86002353,30.13776113],[-15.85988475,30.13751164],[-15.85949292,30.13753486],[-15.85974435,30.13776038],[-15.86002353,30.13776113]]],[[[-15.85801902,30.13761291],[-15.85795211,30.13777468],[-15.85819667,30.13772146],[-15.85819901,30.13764787],[-15.85801902,30.13761291]]],[[[-15.86804824,30.13767019],[-15.86812795,30.13771853],[-15.86819098,30.137673],[-15.86807504,30.13760235],[-15.86804824,30.13767019]]],[[[-15.86019162,30.13779488],[-15.86031626,30.13778374],[-15.86030241,30.13772704],[-15.86019081,30.13770066],[-15.86019162,30.13779488]]],[[[-15.86408756,30.13784431],[-15.86422807,30.13788177],[-15.86435693,30.13768397],[-15.86408388,30.13764237],[-15.86408756,30.13784431]]],[[[-15.85715124,30.13789221],[-15.85728568,30.1378113],[-15.85722862,30.13773811],[-15.85705099,30.1378038],[-15.85715124,30.13789221]]],[[[-15.85848073,30.13777123],[-15.85835829,30.13786496],[-15.85842268,30.13792649],[-15.85860035,30.13786596],[-15.85848073,30.13777123]]],[[[-15.86052822,30.13790884],[-15.86063349,30.13789008],[-15.86050033,30.13777608],[-15.86044284,30.13782421],[-15.86052822,30.13790884]]],[[[-15.85869198,30.13781502],[-15.85866369,30.13797784],[-15.85896423,30.13787261],[-15.85887743,30.13779574],[-15.85869198,30.13781502]]],[[[-15.85932125,30.1381168],[-15.85919475,30.13808536],[-15.85909969,30.13825378],[-15.85940146,30.13829052],[-15.85932125,30.1381168]]],[[[-15.85496812,30.13821234],[-15.85488786,30.13820382],[-15.85485885,30.13828404],[-15.85493648,30.13833129],[-15.85496812,30.13821234]]],[[[-15.86680034,30.13846465],[-15.86690554,30.13846145],[-15.86697999,30.13840207],[-15.86675617,30.13835845],[-15.86680034,30.13846465]]],[[[-15.86703375,30.13861597],[-15.86710031,30.13864435],[-15.86717631,30.13859874],[-15.86703695,30.1384869],[-15.86703375,30.13861597]]],[[[-15.8703715,30.13892905],[-15.87056947,30.13881998],[-15.87043931,30.13860785],[-15.87015612,30.13886282],[-15.8703715,30.13892905]]],[[[-15.85435264,30.13916501],[-15.85450503,30.13909949],[-15.85440915,30.13900202],[-15.85432151,30.13899871],[-15.85435264,30.13916501]]],[[[-15.86631419,30.13916638],[-15.86645585,30.13912848],[-15.86642558,30.13904661],[-15.86626439,30.13907712],[-15.86631419,30.13916638]]],[[[-15.85368684,30.139967],[-15.85367181,30.14011811],[-15.85376573,30.14016138],[-15.85386185,30.13994134],[-15.85368684,30.139967]]],[[[-15.87435041,30.14010293],[-15.87441589,30.14017266],[-15.87452649,30.14012682],[-15.87445792,30.14003456],[-15.87435041,30.14010293]]],[[[-15.86987564,30.14049476],[-15.86998213,30.14030862],[-15.86994958,30.14021361],[-15.86969227,30.14029676],[-15.86987564,30.14049476]]],[[[-15.8718528,30.1412961],[-15.87203883,30.14120848],[-15.8720156,30.14113637],[-15.87180589,30.1410859],[-15.8718528,30.1412961]]],[[[-15.85765799,30.14239991],[-15.85763468,30.14245169],[-15.85771524,30.14249505],[-15.8577278,30.14240204],[-15.85765799,30.14239991]]],[[[-15.87415705,30.14283981],[-15.87421787,30.14290228],[-15.87427795,30.14288092],[-15.874229,30.14279741],[-15.87415705,30.14283981]]],[[[-15.87389576,30.14355782],[-15.87420937,30.14331892],[-15.87422558,30.14319477],[-15.87398055,30.14320017],[-15.87389576,30.14355782]]],[[[-15.87262971,30.14712522],[-15.86945201,30.13785152],[-15.85511576,30.13883881],[-15.86140795,30.15498074],[-15.87262971,30.14712522]]],[[[-15.85852481,30.14732345],[-15.85847218,30.14741931],[-15.85856729,30.14742643],[-15.85862032,30.14737703],[-15.85852481,30.14732345]]],[[[-15.87435819,30.14883338],[-15.87469447,30.14903913],[-15.87477925,30.14868022],[-15.87416158,30.14877205],[-15.87435819,30.14883338]]],[[[-15.87278333,30.14885389],[-15.87276007,30.14891418],[-15.87282858,30.14891749],[-15.87283307,30.14885481],[-15.87278333,30.14885389]]],[[[-15.87384552,30.14888254],[-15.87381993,30.14894045],[-15.8739886,30.14896202],[-15.87392143,30.14887997],[-15.87384552,30.14888254]]],[[[-15.87376975,30.14929838],[-15.87374344,30.14893019],[-15.87332501,30.14921865],[-15.87342312,30.1493909],[-15.87376975,30.14929838]]],[[[-15.87287641,30.14919188],[-15.87285924,30.14912527],[-15.87274995,30.14915638],[-15.87280851,30.14921739],[-15.87287641,30.14919188]]],[[[-15.87331083,30.14990066],[-15.87321887,30.1499351],[-15.87322939,30.14998389],[-15.8733259,30.14997448],[-15.87331083,30.14990066]]],[[[-15.87297651,30.14991792],[-15.872944,30.14999206],[-15.87302622,30.14999652],[-15.87303712,30.14992503],[-15.87297651,30.14991792]]],[[[-15.87304958,30.15019308],[-15.8731268,30.15012115],[-15.873057,30.15005395],[-15.87295693,30.15014984],[-15.87304958,30.15019308]]],[[[-15.86784599,30.15606755],[-15.86780641,30.15615802],[-15.8679093,30.15621748],[-15.8679498,30.15606811],[-15.86784599,30.15606755]]],[[[-15.87582757,30.16082345],[-15.87605302,30.16045152],[-15.87535406,30.15984955],[-15.87532741,30.16053122],[-15.87582757,30.16082345]]],[[[-15.87640792,30.16077763],[-15.8765226,30.16072911],[-15.8766328,30.16059349],[-15.87627152,30.16055396],[-15.87640792,30.16077763]]]]},"properties":{"con_name":"Funchal","con_code":"3103","dis_name":"Madeira"}},{"type":"Feature","geometry":{"type":"Polygon","coordinates":[[[-8.22191917,39.85413939],[-8.14916923,39.88534523],[-8.11900731,39.93120505],[-8.13259788,39.93987428],[-8.10996599,39.9715226],[-8.1541106,40.03146257],[-8.17200946,40.03643822],[-8.16821289,40.00088649],[-8.19222891,39.96408859],[-8.21627449,39.94596969],[-8.23173113,39.95871461],[-8.25498989,39.94874247],[-8.25623502,39.90204309],[-8.22191917,39.85413939]]]},"properties":{"con_name":"Pedr\u00f3g\u00e3o Grande","con_code":"1013","dis_name":"Leiria"}},{"type":"Feature","geometry":{"type":"Polygon","coordinates":[[[-8.74559286,41.4694001],[-8.73317763,41.49146187],[-8.70106597,41.49605899],[-8.71520162,41.52870974],[-8.73249773,41.52702812],[-8.72366534,41.61694893],[-8.80901056,41.61366207],[-8.79125858,41.50138471],[-8.77642812,41.47197142],[-8.74559286,41.4694001]]]},"properties":{"con_name":"Esposende","con_code":"0306","dis_name":"Braga"}},{"type":"Feature","geometry":{"type":"Polygon","coordinates":[[[-8.52291527,40.60936074],[-8.48520672,40.62023177],[-8.47113233,40.67939622],[-8.41645453,40.69129173],[-8.40899931,40.7661753],[-8.45303096,40.7808471],[-8.52638288,40.76530525],[-8.51147502,40.71399658],[-8.53719603,40.68988924],[-8.63243327,40.72352853],[-8.5840667,40.68947835],[-8.57271065,40.65641715],[-8.52291527,40.60936074]]]},"properties":{"con_name":"Albergaria-a-Velha","con_code":"0102","dis_name":"Aveiro"}},{"type":"Feature","geometry":{"type":"Polygon","coordinates":[[[-7.92168824,39.81622781],[-7.85805325,39.8317028],[-7.83420359,39.89235419],[-7.74377511,39.87135875],[-7.74171063,39.92215262],[-7.69620372,39.93370217],[-7.71835118,39.94992586],[-7.71771694,39.9787547],[-7.69118995,40.01689804],[-7.70931277,40.02858767],[-7.74875693,40.01226791],[-7.861108,40.05902773],[-7.91591327,40.03277343],[-7.9019606,40.00286095],[-7.95280899,40.00248859],[-7.96249149,39.97745605],[-8.01358449,39.98929566],[-8.00527041,39.97232806],[-8.03178786,39.98453443],[-8.03352825,39.96044135],[-8.08652246,39.96506207],[-8.08689872,39.9432312],[-8.04013156,39.90348935],[-8.00293483,39.90142645],[-7.98567637,39.87708617],[-7.91592766,39.85500295],[-7.92168824,39.81622781]]]},"properties":{"con_name":"Oleiros","con_code":"0506","dis_name":"Castelo Branco"}},{"type":"Feature","geometry":{"type":"MultiPolygon","coordinates":[[[[-9.18901492,38.41368925],[-9.18896546,38.41371302],[-9.18892616,38.4138049],[-9.18912437,38.41375132],[-9.18901492,38.41368925]]],[[[-9.12739471,38.43177392],[-9.12735929,38.43187124],[-9.12752228,38.43188968],[-9.12752922,38.4318362],[-9.12739471,38.43177392]]],[[[-9.12482749,38.43180201],[-9.12478939,38.43189674],[-9.12489871,38.431885],[-9.12482749,38.43180201]]],[[[-9.12731131,38.43190516],[-9.12712109,38.43189723],[-9.12696953,38.43199382],[-9.12748949,38.43207048],[-9.12731131,38.43190516]]],[[[-9.13048133,38.43183099],[-9.13033524,38.4319088],[-9.13056237,38.43216909],[-9.13060391,38.4319757],[-9.13048133,38.43183099]]],[[[-9.12518901,38.43198362],[-9.12494658,38.43200161],[-9.12489325,38.43202972],[-9.12538385,38.43213673],[-9.12518901,38.43198362]]],[[[-9.12716469,38.43215323],[-9.12736104,38.43233263],[-9.1274977,38.43226769],[-9.12745613,38.43215166],[-9.12716469,38.43215323]]],[[[-9.12422202,38.43239727],[-9.1241226,38.43237136],[-9.12409511,38.43244654],[-9.12419224,38.43249752],[-9.12422202,38.43239727]]],[[[-9.09476268,38.43901793],[-9.09458922,38.43909989],[-9.09462635,38.43917066],[-9.0948354,38.43909525],[-9.09476268,38.43901793]]],[[[-9.18771438,38.54990189],[-9.18445092,38.48830422],[-9.22216075,38.41329694],[-9.10745232,38.44250694],[-9.0641999,38.43478644],[-9.0176526,38.45408274],[-9.05562411,38.49895205],[-9.03732031,38.57960536],[-9.05080548,38.58331897],[-9.0512581,38.54696457],[-9.06686142,38.54067609],[-9.07384979,38.56241341],[-9.1007387,38.55164252],[-9.12380329,38.57545732],[-9.16516618,38.57129522],[-9.18771438,38.54990189]]],[[[-9.06801705,38.43485979],[-9.06827394,38.43484215],[-9.06827633,38.43456566],[-9.06816348,38.43458026],[-9.06801705,38.43485979]]],[[[-9.06830103,38.43510434],[-9.06819388,38.43509871],[-9.06813874,38.43519248],[-9.06824654,38.43520369],[-9.06830103,38.43510434]]],[[[-9.07533751,38.43561002],[-9.0752594,38.43565361],[-9.07532159,38.43576797],[-9.0753777,38.43567122],[-9.07533751,38.43561002]]],[[[-9.0757635,38.4356846],[-9.07571343,38.43574482],[-9.07583624,38.43580833],[-9.07584724,38.43572995],[-9.0757635,38.4356846]]],[[[-9.07978659,38.43600858],[-9.07978687,38.43615271],[-9.07996314,38.43612714],[-9.0799414,38.43604949],[-9.07978659,38.43600858]]],[[[-9.08113753,38.4360216],[-9.08107432,38.43612716],[-9.08120812,38.43619057],[-9.08124505,38.4360465],[-9.08113753,38.4360216]]],[[[-9.07826166,38.43613468],[-9.07813203,38.43613609],[-9.0781328,38.43619509],[-9.07827403,38.43620512],[-9.07826166,38.43613468]]],[[[-9.0784354,38.43615202],[-9.07843465,38.43621742],[-9.07852998,38.43618521],[-9.0784354,38.43615202]]],[[[-9.07695834,38.43615484],[-9.07681463,38.43615726],[-9.07686052,38.43624166],[-9.07695834,38.43615484]]],[[[-9.09338422,38.43941255],[-9.09390635,38.43959077],[-9.09428243,38.43956958],[-9.09355448,38.4392191],[-9.09338422,38.43941255]]],[[[-9.02503287,38.44944735],[-9.02498716,38.44941896],[-9.02487439,38.44944297],[-9.0249241,38.44952601],[-9.02503287,38.44944735]]]]},"properties":{"con_name":"Sesimbra","con_code":"1511","dis_name":"Set\u00fabal"}},{"type":"Feature","geometry":{"type":"Polygon","coordinates":[[[-7.82476328,39.53770311],[-7.75492247,39.58832487],[-7.72304632,39.59266654],[-7.70143233,39.63739363],[-7.67182118,39.64887378],[-7.63744248,39.62272354],[-7.57911935,39.65881724],[-7.51675738,39.66575661],[-7.49499012,39.6814212],[-7.48844975,39.72293072],[-7.49838124,39.73590345],[-7.60267674,39.74334018],[-7.6200517,39.79519735],[-7.71126219,39.73138577],[-7.76908674,39.73015381],[-7.79003849,39.62155188],[-7.80941232,39.60479211],[-7.79366007,39.57242071],[-7.82185845,39.55932591],[-7.82476328,39.53770311]]]},"properties":{"con_name":"Vila Velha de R\u00f3d\u00e3o","con_code":"0511","dis_name":"Castelo Branco"}},{"type":"Feature","geometry":{"type":"Polygon","coordinates":[[[-8.05613345,38.68568954],[-8.01507791,38.67078527],[-8.01183465,38.68884856],[-7.95905051,38.69896335],[-7.91063293,38.66111547],[-7.91540853,38.64212955],[-7.89456142,38.64802463],[-7.89225547,38.62785838],[-7.8561024,38.64343066],[-7.8344941,38.67969373],[-7.8521024,38.69851686],[-7.83596978,38.70763522],[-7.83769836,38.73387095],[-7.79946117,38.73844232],[-7.79885451,38.78956271],[-7.75452331,38.77358783],[-7.71703058,38.79485889],[-7.70870246,38.78235027],[-7.67593671,38.78826335],[-7.68754095,38.81556379],[-7.67605633,38.827652],[-7.70165025,38.83967675],[-7.70058584,38.8653236],[-7.87595285,38.90835846],[-7.89088051,38.92841647],[-7.89734872,38.90995135],[-7.95784326,38.88962446],[-7.94606222,38.86998918],[-7.97910657,38.84329073],[-8.0263697,38.82667287],[-8.07265122,38.85088393],[-8.15262582,38.77343033],[-8.09224255,38.70265878],[-8.07649777,38.70832719],[-8.08535551,38.69161456],[-8.05613345,38.68568954]]]},"properties":{"con_name":"Arraiolos","con_code":"0702","dis_name":"\u00c9vora"}},{"type":"Feature","geometry":{"type":"Polygon","coordinates":[[[-8.2363671,39.64448437],[-8.22541507,39.70516666],[-8.23763062,39.70617396],[-8.22765621,39.74461768],[-8.24298739,39.77897617],[-8.26548644,39.76871956],[-8.28535025,39.79616814],[-8.33572194,39.80335282],[-8.32915925,39.7619871],[-8.3453132,39.77438199],[-8.4306162,39.74263144],[-8.42873642,39.68559645],[-8.33362896,39.69538596],[-8.32930905,39.64594204],[-8.30442893,39.67927689],[-8.2861901,39.65331881],[-8.2363671,39.64448437]]]},"properties":{"con_name":"Ferreira do Z\u00eazere","con_code":"1411","dis_name":"Santar\u00e9m"}},{"type":"Feature","geometry":{"type":"Polygon","coordinates":[[[-7.75491113,41.08051802],[-7.70475147,41.07137032],[-7.72044124,41.04773722],[-7.70068003,41.03432306],[-7.68770361,41.04623519],[-7.63425825,41.01902594],[-7.61600726,41.07863088],[-7.6362246,41.13566615],[-7.62218792,41.14308152],[-7.65911469,41.16302692],[-7.6969629,41.14165764],[-7.7299661,41.14510626],[-7.75491113,41.08051802]]]},"properties":{"con_name":"Armamar","con_code":"1801","dis_name":"Viseu"}},{"type":"Feature","geometry":{"type":"Polygon","coordinates":[[[-7.39156127,38.80133355],[-7.32828287,38.80389706],[-7.30405287,38.83741452],[-7.27961902,38.82764163],[-7.2448924,38.84778044],[-7.20743439,38.83109701],[-7.23251088,38.78270065],[-7.20371458,38.75149734],[-7.12860733,38.81375885],[-7.09041288,38.81996061],[-7.03302174,38.87882498],[-7.1509225,39.01971128],[-7.28152438,39.05536583],[-7.34138241,39.00845769],[-7.37116134,38.94288945],[-7.35891705,38.92722572],[-7.37105674,38.91743221],[-7.35474462,38.9122507],[-7.39874533,38.90095171],[-7.39050021,38.87961359],[-7.41775616,38.86806158],[-7.40458789,38.84865117],[-7.42429228,38.84801251],[-7.39156127,38.80133355]]]},"properties":{"con_name":"Elvas","con_code":"1207","dis_name":"Portalegre"}},{"type":"Feature","geometry":{"type":"Polygon","coordinates":[[[-8.52308344,41.85414044],[-8.52339357,41.80710725],[-8.49709681,41.79081477],[-8.33531369,41.81471576],[-8.28351343,41.85749991],[-8.20119486,41.87268266],[-8.21776259,41.94606468],[-8.19400672,42.01735323],[-8.25187892,42.01185168],[-8.27905768,41.97275055],[-8.29310279,41.99214167],[-8.33054265,41.99636796],[-8.49445069,41.96603291],[-8.50779922,41.93766224],[-8.48854868,41.90149749],[-8.52308344,41.85414044]]]},"properties":{"con_name":"Arcos de Valdevez","con_code":"1601","dis_name":"Viana do Castelo"}},{"type":"Feature","geometry":{"type":"Polygon","coordinates":[[[-8.34332637,39.10042115],[-8.29882123,39.16287529],[-8.23336844,39.18262907],[-8.17259945,39.23331365],[-8.2614997,39.29215677],[-8.33851981,39.46152597],[-8.43059247,39.45459],[-8.46483108,39.37749041],[-8.58053249,39.30527801],[-8.55789563,39.30615762],[-8.53642936,39.25368817],[-8.49270877,39.23892184],[-8.5137178,39.20616077],[-8.47170289,39.1970286],[-8.43910255,39.1597317],[-8.47800735,39.11406334],[-8.41694718,39.10176849],[-8.40082696,39.07113264],[-8.34332637,39.10042115]]]},"properties":{"con_name":"Chamusca","con_code":"1407","dis_name":"Santar\u00e9m"}},{"type":"Feature","geometry":{"type":"Polygon","coordinates":[[[-9.23851914,39.30615542],[-9.18659314,39.338205],[-9.14989106,39.31415133],[-9.05874074,39.33587199],[-9.10310048,39.38328646],[-9.21316853,39.39895907],[-9.23342664,39.4316192],[-9.29188054,39.39134796],[-9.23851914,39.30615542]]]},"properties":{"con_name":"\u00d3bidos","con_code":"1012","dis_name":"Leiria"}},{"type":"Feature","geometry":{"type":"Polygon","coordinates":[[[-7.4293365,41.20963003],[-7.39053567,41.19533111],[-7.35724997,41.14781604],[-7.28288409,41.13549388],[-7.22371344,41.13636956],[-7.21015101,41.18045165],[-7.1868744,41.1938048],[-7.20194697,41.20821765],[-7.19609466,41.23289403],[-7.23473233,41.23465864],[-7.23774612,41.29226777],[-7.29817488,41.2984183],[-7.27054583,41.33279734],[-7.31635063,41.33852055],[-7.37537667,41.31454695],[-7.36212687,41.30405542],[-7.3914079,41.28582279],[-7.38737897,41.24450267],[-7.41484597,41.2478959],[-7.4293365,41.20963003]]]},"properties":{"con_name":"Carrazeda de Ansi\u00e3es","con_code":"0403","dis_name":"Bragan\u00e7a"}},{"type":"Feature","geometry":{"type":"Polygon","coordinates":[[[-6.69042896,41.20556983],[-6.6479093,41.24784446],[-6.59160864,41.25523723],[-6.57132982,41.239042],[-6.52259848,41.2756267],[-6.48036573,41.27347923],[-6.49018765,41.28870155],[-6.43763,41.30532092],[-6.41985608,41.34351913],[-6.53248126,41.4501515],[-6.60709091,41.45169793],[-6.62254605,41.46721783],[-6.78662637,41.40834944],[-6.80581474,41.40737286],[-6.8093565,41.42790063],[-6.85553352,41.40576196],[-6.88159303,41.36063827],[-6.82568829,41.34962142],[-6.82624603,41.32460365],[-6.87334732,41.28862396],[-6.88008644,41.25702195],[-6.91186002,41.25671092],[-6.91349549,41.22798836],[-6.85240796,41.22657516],[-6.81131166,41.19343802],[-6.78085077,41.20198158],[-6.76462632,41.23667138],[-6.736976,41.24860008],[-6.69042896,41.20556983]]]},"properties":{"con_name":"Mogadouro","con_code":"0408","dis_name":"Bragan\u00e7a"}},{"type":"Feature","geometry":{"type":"Polygon","coordinates":[[[-8.73501251,37.81428784],[-8.68604015,37.75437151],[-8.66106647,37.76844779],[-8.61728563,37.74949701],[-8.58711551,37.75677889],[-8.58375118,37.79937037],[-8.54908712,37.81585581],[-8.55126839,37.84738272],[-8.53760271,37.85336197],[-8.43469279,37.87090925],[-8.33076882,37.8470258],[-8.33532582,37.86651835],[-8.29937797,37.89917826],[-8.29360876,37.9933232],[-8.31899875,38.02616188],[-8.36383737,38.02197291],[-8.40774208,38.06639426],[-8.41900521,38.03074327],[-8.45669243,38.02405522],[-8.63162295,38.08995758],[-8.65661272,38.12694891],[-8.69530829,38.12188722],[-8.6877897,38.10104562],[-8.70142736,38.09972735],[-8.79672413,38.12135832],[-8.82561492,38.0492949],[-8.80764752,38.0362574],[-8.81949578,38.01328636],[-8.78009777,38.0213762],[-8.77848144,37.9877667],[-8.73413735,37.94931023],[-8.70553063,37.95185861],[-8.68144224,37.90968428],[-8.70036879,37.9072371],[-8.70145334,37.87846233],[-8.72447329,37.87431104],[-8.7135655,37.81165905],[-8.73501251,37.81428784]]]},"properties":{"con_name":"Santiago do Cac\u00e9m","con_code":"1509","dis_name":"Set\u00fabal"}},{"type":"Feature","geometry":{"type":"Polygon","coordinates":[[[-25.04615311,36.98418344],[-25.05242121,37.01158224],[-25.08910123,37.01759319],[-25.16414786,37.00652283],[-25.1855605,36.9848939],[-25.15757148,36.93996008],[-25.10324636,36.95197771],[-25.06977455,36.92921428],[-25.01471327,36.9290996],[-25.01510804,36.95950686],[-25.04615311,36.98418344]]]},"properties":{"con_name":"Vila do Porto","con_code":"4101","dis_name":"A\u00e7ores"}},{"type":"Feature","geometry":{"type":"Polygon","coordinates":[[[-25.27181664,37.7917066],[-25.21413844,37.80975419],[-25.19955842,37.7863013],[-25.14101862,37.77366035],[-25.13484072,37.82420233],[-25.17389161,37.85819824],[-25.30789087,37.85738902],[-25.3010504,37.80787787],[-25.27181664,37.7917066]]]},"properties":{"con_name":"Nordeste","con_code":"4202","dis_name":"A\u00e7ores"}},{"type":"Feature","geometry":{"type":"Polygon","coordinates":[[[-8.74195516,40.29351552],[-8.74524287,40.31104443],[-8.63375472,40.3035317],[-8.60858644,40.27227787],[-8.56614348,40.29227497],[-8.55129942,40.25181332],[-8.50118837,40.2468445],[-8.49457095,40.27118996],[-8.52482016,40.29135337],[-8.52985361,40.31565018],[-8.4849946,40.31534303],[-8.48126179,40.38565823],[-8.5047559,40.40006003],[-8.50480748,40.42224015],[-8.5724424,40.4002899],[-8.57477544,40.46485462],[-8.61483379,40.4855828],[-8.63568899,40.42563737],[-8.68724071,40.44010295],[-8.70765096,40.37133687],[-8.82567668,40.38894054],[-8.84632649,40.32688089],[-8.78634913,40.29543684],[-8.74195516,40.29351552]]]},"properties":{"con_name":"Cantanhede","con_code":"0602","dis_name":"Coimbra"}},{"type":"Feature","geometry":{"type":"Polygon","coordinates":[[[-8.11049964,40.30002525],[-8.10487942,40.26608991],[-8.07618185,40.27591402],[-8.04217587,40.24097958],[-7.96974161,40.29921678],[-7.97796567,40.32458483],[-7.91044157,40.32631306],[-7.90100608,40.36453979],[-7.95459104,40.42387209],[-8.13295965,40.34258421],[-8.11049964,40.30002525]]]},"properties":{"con_name":"T\u00e1bua","con_code":"0616","dis_name":"Coimbra"}},{"type":"Feature","geometry":{"type":"Polygon","coordinates":[[[-8.68382947,40.43812336],[-8.63457662,40.42684021],[-8.60865193,40.57056829],[-8.67685803,40.56244201],[-8.68348191,40.57805787],[-8.76608888,40.58292846],[-8.78402888,40.52036476],[-8.68382947,40.43812336]]]},"properties":{"con_name":"Vagos","con_code":"0118","dis_name":"Aveiro"}},{"type":"Feature","geometry":{"type":"Polygon","coordinates":[[[-8.5751962,38.5478011],[-8.57253975,38.53161933],[-8.53237775,38.52814908],[-8.52872019,38.51115512],[-8.50621042,38.51924556],[-8.52019551,38.54291477],[-8.50454151,38.54750776],[-8.47592204,38.51676684],[-8.36912039,38.5457436],[-8.31031252,38.45850414],[-8.32308541,38.43684489],[-8.28902899,38.43762793],[-8.25540314,38.47639264],[-8.17042558,38.48146221],[-8.1759271,38.46355724],[-8.13590969,38.48174318],[-8.11865133,38.46267361],[-8.11035166,38.47969725],[-8.08638951,38.47760598],[-8.08010889,38.53139236],[-8.15676764,38.56394434],[-8.15899747,38.62713698],[-8.10304801,38.61795853],[-8.09852142,38.59587209],[-8.06909539,38.59993216],[-8.07352393,38.61328757],[-8.05808879,38.59962932],[-8.02909506,38.60754748],[-8.03819969,38.65139484],[-8.06287603,38.66387883],[-8.05825464,38.68685822],[-8.08866643,38.69550817],[-8.07649777,38.70832719],[-8.09224255,38.70265878],[-8.14447607,38.75213277],[-8.17829304,38.78672285],[-8.17356741,38.80100449],[-8.20491401,38.79927441],[-8.22246828,38.82954696],[-8.25059465,38.81828545],[-8.30152882,38.86910916],[-8.31017552,38.84493794],[-8.32126925,38.85925576],[-8.34174299,38.8388322],[-8.37743956,38.85637062],[-8.40905431,38.8229905],[-8.43018391,38.8342633],[-8.47112812,38.79394121],[-8.50037088,38.8074793],[-8.54679766,38.76343618],[-8.43528228,38.74528778],[-8.44297463,38.72630608],[-8.38082401,38.69717218],[-8.38025443,38.65007012],[-8.40610063,38.63227966],[-8.43291054,38.64385413],[-8.46845966,38.62802636],[-8.50045538,38.64906615],[-8.57868756,38.59895013],[-8.5751962,38.5478011]]]},"properties":{"con_name":"Montemor-o-Novo","con_code":"0706","dis_name":"\u00c9vora"}},{"type":"Feature","geometry":{"type":"Polygon","coordinates":[[[-8.22777241,38.98727015],[-8.21866502,38.97826317],[-8.17477954,39.02059106],[-8.13605093,39.03087354],[-8.05029704,39.12210525],[-7.95514477,39.12481635],[-7.96192829,39.15093884],[-7.93510108,39.19142157],[-7.88903012,39.19694297],[-7.89056138,39.21838066],[-7.86685573,39.21031216],[-7.84029967,39.22961233],[-7.8787532,39.23545663],[-7.86582837,39.25329341],[-7.87601857,39.27924067],[-7.83022772,39.29589203],[-7.82455356,39.32811661],[-7.89014554,39.3260717],[-7.99024798,39.38295225],[-8.03099236,39.36365713],[-8.02645243,39.34157994],[-8.07853339,39.27792358],[-8.13446854,39.28740009],[-8.18363283,39.21858232],[-8.29882123,39.16287529],[-8.34375985,39.10103053],[-8.29083309,39.08043212],[-8.26033577,39.01229648],[-8.22690122,39.00455854],[-8.22777241,38.98727015]]]},"properties":{"con_name":"Ponte de Sor","con_code":"1213","dis_name":"Portalegre"}},{"type":"Feature","geometry":{"type":"Polygon","coordinates":[[[-8.75944527,39.47573673],[-8.71485715,39.44165507],[-8.75790867,39.42300282],[-8.75168127,39.39880373],[-8.71854219,39.41642462],[-8.69662294,39.39909117],[-8.63566023,39.41857387],[-8.61685179,39.46827231],[-8.67332242,39.50884061],[-8.63664834,39.53581924],[-8.67040463,39.56241167],[-8.71448476,39.52078456],[-8.74177506,39.53407909],[-8.72893145,39.48106219],[-8.75944527,39.47573673]]]},"properties":{"con_name":"Alcanena","con_code":"1402","dis_name":"Santar\u00e9m"}},{"type":"Feature","geometry":{"type":"Polygon","coordinates":[[[-8.45288368,40.50355343],[-8.34005235,40.51252615],[-8.31149472,40.49590836],[-8.25383074,40.50860802],[-8.30841992,40.59640778],[-8.24538329,40.61640533],[-8.29316613,40.6336955],[-8.2950953,40.65461179],[-8.32866412,40.63676198],[-8.35996877,40.65049829],[-8.37816482,40.69426222],[-8.47113233,40.67939622],[-8.48520672,40.62023177],[-8.52342823,40.60936495],[-8.52096487,40.58367759],[-8.55815199,40.56255546],[-8.49743222,40.55588957],[-8.50016746,40.54167253],[-8.45288368,40.50355343]]]},"properties":{"con_name":"\u00c1gueda","con_code":"0101","dis_name":"Aveiro"}},{"type":"Feature","geometry":{"type":"Polygon","coordinates":[[[-8.76230352,40.58207633],[-8.68348191,40.57805787],[-8.67685803,40.56244201],[-8.61809542,40.58600791],[-8.7133196,40.65985505],[-8.75814338,40.64233631],[-8.76230352,40.58207633]]]},"properties":{"con_name":"\u00cdlhavo","con_code":"0110","dis_name":"Aveiro"}},{"type":"Feature","geometry":{"type":"Polygon","coordinates":[[[-8.35605626,40.36719269],[-8.2996481,40.35817198],[-8.25084916,40.3232257],[-8.18218875,40.33904697],[-8.15786633,40.44923989],[-8.22613272,40.51621438],[-8.33026559,40.49298587],[-8.31757673,40.44119678],[-8.35487218,40.40885718],[-8.35605626,40.36719269]]]},"properties":{"con_name":"Mort\u00e1gua","con_code":"1808","dis_name":"Viseu"}},{"type":"Feature","geometry":{"type":"Polygon","coordinates":[[[-7.5077799,40.55579218],[-7.47907229,40.55247309],[-7.46214423,40.51518406],[-7.42780895,40.54904085],[-7.37360766,40.53733953],[-7.30097121,40.63861106],[-7.27330502,40.63906496],[-7.25536433,40.69567534],[-7.29524631,40.70928388],[-7.40501081,40.70110198],[-7.4784127,40.62284891],[-7.46774355,40.60576683],[-7.50277677,40.59726354],[-7.5077799,40.55579218]]]},"properties":{"con_name":"Celorico da Beira","con_code":"0903","dis_name":"Guarda"}},{"type":"Feature","geometry":{"type":"Polygon","coordinates":[[[-8.51971523,41.26841137],[-8.49600949,41.23807041],[-8.45404964,41.24450214],[-8.3947928,41.33342218],[-8.3186888,41.34703695],[-8.32608532,41.37685067],[-8.37464999,41.36229375],[-8.39369717,41.36199284],[-8.38666466,41.38141478],[-8.3994279,41.38428861],[-8.43179607,41.36290683],[-8.45228309,41.37562316],[-8.50171188,41.36819059],[-8.51733493,41.35401602],[-8.50617538,41.33929204],[-8.51971523,41.26841137]]]},"properties":{"con_name":"Santo Tirso","con_code":"1314","dis_name":"Porto"}},{"type":"Feature","geometry":{"type":"Polygon","coordinates":[[[-8.45330962,39.10679776],[-8.47799606,39.11411741],[-8.43910255,39.1597317],[-8.47170289,39.1970286],[-8.51419355,39.20611126],[-8.55554855,39.17147598],[-8.63400954,39.24398195],[-8.67041584,39.23275429],[-8.71178931,39.13542392],[-8.64443582,39.11287272],[-8.62455843,39.12757761],[-8.58313397,39.09201073],[-8.45330962,39.10679776]]]},"properties":{"con_name":"Almeirim","con_code":"1403","dis_name":"Santar\u00e9m"}},{"type":"Feature","geometry":{"type":"Polygon","coordinates":[[[-7.2506754,37.96460284],[-7.26243289,37.97985557],[-7.24568016,37.99218556],[-7.12070623,38.00463282],[-7.12831944,38.02950475],[-7.09931783,38.04367709],[-7.04677503,38.01424895],[-7.00200804,38.02239131],[-6.98682973,38.10386596],[-7.10188474,38.0886902],[-7.15015121,38.12752182],[-7.21061829,38.13985582],[-7.19482397,38.1555552],[-7.15869693,38.13967224],[-7.15202556,38.15465013],[-7.19914863,38.22405058],[-7.19014997,38.24642508],[-7.24414616,38.26312641],[-7.28035647,38.33011331],[-7.33714283,38.32101433],[-7.35613071,38.29922916],[-7.40670594,38.29858836],[-7.40930852,38.26727088],[-7.49711038,38.20547647],[-7.48795988,38.17359457],[-7.52572154,38.15586258],[-7.51748769,38.11857303],[-7.53277727,38.09681119],[-7.48579368,38.07786914],[-7.44080314,38.08497877],[-7.44926167,38.06806673],[-7.38607641,38.05198682],[-7.35836759,38.00445524],[-7.31212486,38.00294191],[-7.28609322,37.9653837],[-7.2506754,37.96460284]]]},"properties":{"con_name":"Moura","con_code":"0210","dis_name":"Beja"}},{"type":"Feature","geometry":{"type":"Polygon","coordinates":[[[-7.80876518,39.56583248],[-7.79246653,39.57754686],[-7.80941232,39.60479211],[-7.78998452,39.62172888],[-7.77245865,39.7275823],[-7.73968379,39.74653961],[-7.7808017,39.87058125],[-7.8513154,39.86830258],[-7.86184426,39.82881802],[-7.93384818,39.81337385],[-7.93847043,39.79604219],[-7.94976838,39.80382388],[-7.98225423,39.76913722],[-8.0357537,39.74692506],[-7.99043391,39.72846176],[-7.95780177,39.74105441],[-7.95770699,39.66138981],[-7.91486728,39.66847911],[-7.86438853,39.638162],[-7.80876518,39.56583248]]]},"properties":{"con_name":"Proen\u00e7a-a-Nova","con_code":"0508","dis_name":"Castelo Branco"}},{"type":"Feature","geometry":{"type":"Polygon","coordinates":[[[-8.9533928,38.6522458],[-8.97262541,38.65576054],[-8.98590074,38.69686719],[-9.03251449,38.69011722],[-9.05062514,38.66141198],[-9.04840752,38.64063771],[-9.01114808,38.62705936],[-9.01244973,38.60121465],[-8.97760618,38.60826901],[-8.97949888,38.63604561],[-8.95274897,38.61918157],[-8.9533928,38.6522458]]]},"properties":{"con_name":"Moita","con_code":"1506","dis_name":"Set\u00fabal"}},{"type":"Feature","geometry":{"type":"MultiPolygon","coordinates":[[[[-25.44286191,37.70516634],[-25.44324943,37.70711139],[-25.44541379,37.70650457],[-25.44321467,37.70385518],[-25.44100159,37.7065522],[-25.44286191,37.70516634]]],[[[-25.48346936,37.71800625],[-25.37200128,37.71322103],[-25.33541342,37.72560139],[-25.37471585,37.78031986],[-25.43659351,37.78563556],[-25.44652926,37.76844671],[-25.49577175,37.7642363],[-25.48346936,37.71800625]]]]},"properties":{"con_name":"Vila Franca do Campo","con_code":"4206","dis_name":"A\u00e7ores"}},{"type":"Feature","geometry":{"type":"Polygon","coordinates":[[[-27.27088255,38.80184633],[-27.33223558,38.7940551],[-27.37749282,38.7672206],[-27.37839122,38.73061664],[-27.35101789,38.68673346],[-27.27685328,38.65224583],[-27.22965159,38.65584911],[-27.22674436,38.6390566],[-27.20649944,38.65475679],[-27.0770675,38.64353148],[-27.06605658,38.67737337],[-27.10826685,38.67892807],[-27.16130931,38.73249633],[-27.17974697,38.71890216],[-27.27466914,38.7323392],[-27.27088255,38.80184633]]]},"properties":{"con_name":"Angra do Hero\u00edsmo","con_code":"4301","dis_name":"A\u00e7ores"}},{"type":"Feature","geometry":{"type":"Polygon","coordinates":[[[-8.48508639,39.43959617],[-8.49846741,39.46819605],[-8.45078765,39.50668814],[-8.49129661,39.54317065],[-8.46401093,39.56640404],[-8.50358151,39.63210687],[-8.67332242,39.50884061],[-8.61685179,39.46827231],[-8.62770441,39.43229054],[-8.59233927,39.40414274],[-8.53724854,39.39713929],[-8.48508639,39.43959617]]]},"properties":{"con_name":"Torres Novas","con_code":"1419","dis_name":"Santar\u00e9m"}},{"type":"Feature","geometry":{"type":"MultiPolygon","coordinates":[[[[-17.06567426,32.81233521],[-17.12519083,32.82756078],[-17.16399057,32.86224355],[-17.16497348,32.8685825],[-17.19650183,32.87015926],[-17.23056267,32.84018359],[-17.19650971,32.80903016],[-17.16272563,32.80863532],[-17.13362102,32.76802927],[-17.08016674,32.77695938],[-17.06567426,32.81233521]]],[[[-17.11328371,32.82762103],[-17.11324429,32.82751736],[-17.11305924,32.82756431],[-17.11320567,32.82768151],[-17.11328371,32.82762103]]],[[[-17.11103481,32.8285231],[-17.1110684,32.82843064],[-17.11096117,32.82824163],[-17.11097317,32.82851855],[-17.11103481,32.8285231]]],[[[-17.15313364,32.85634711],[-17.15318465,32.85623829],[-17.15313878,32.85619255],[-17.15306615,32.8563086],[-17.15313364,32.85634711]]],[[[-17.1525239,32.85643174],[-17.15274854,32.8563899],[-17.15275339,32.85632074],[-17.15259283,32.8563217],[-17.1525239,32.85643174]]],[[[-17.15099182,32.8570402],[-17.15102362,32.85656964],[-17.15081129,32.85647527],[-17.14989783,32.85689389],[-17.15099182,32.8570402]]],[[[-17.15203652,32.85723866],[-17.15215749,32.85735453],[-17.15247837,32.8565153],[-17.1520989,32.85706976],[-17.15203652,32.85723866]]],[[[-17.16411938,32.86899642],[-17.16478412,32.86929467],[-17.16497489,32.86911976],[-17.16407814,32.86855706],[-17.16411938,32.86899642]]],[[[-17.16250849,32.86969611],[-17.16235295,32.86983903],[-17.16508649,32.87048385],[-17.16389377,32.86918897],[-17.16250849,32.86969611]]],[[[-17.09554978,32.8181812],[-17.09551108,32.81837546],[-17.09575561,32.81846011],[-17.09587363,32.81810561],[-17.09554978,32.8181812]]],[[[-17.09527741,32.81832581],[-17.0953277,32.81853878],[-17.09547647,32.81849337],[-17.09543903,32.81829055],[-17.09527741,32.81832581]]],[[[-17.09539296,32.81868901],[-17.09542498,32.81861561],[-17.09535804,32.81857119],[-17.0953097,32.81862755],[-17.09539296,32.81868901]]],[[[-17.1037453,32.82436743],[-17.10365457,32.82436084],[-17.10366143,32.82447048],[-17.10377155,32.82443445],[-17.1037453,32.82436743]]],[[[-17.10206756,32.82418064],[-17.1018386,32.82423643],[-17.10184299,32.82473541],[-17.10194788,32.82465862],[-17.10206756,32.82418064]]],[[[-17.10800422,32.82694463],[-17.1082175,32.82697071],[-17.1079785,32.82656126],[-17.10793144,32.82663086],[-17.10800422,32.82694463]]],[[[-17.10708674,32.82773627],[-17.10730115,32.82790526],[-17.10710379,32.82666761],[-17.10642418,32.82709812],[-17.10708674,32.82773627]]],[[[-17.10994152,32.82744558],[-17.10999162,32.8272651],[-17.10982877,32.82721689],[-17.10987317,32.82742743],[-17.10994152,32.82744558]]],[[[-17.10950328,32.82729642],[-17.10936181,32.82723107],[-17.10928989,32.82734664],[-17.10938297,32.82747087],[-17.10950328,32.82729642]]],[[[-17.10884951,32.82773976],[-17.1088648,32.82761839],[-17.1088064,32.82761036],[-17.10878518,32.82766599],[-17.10884951,32.82773976]]],[[[-17.10828614,32.82752073],[-17.10802848,32.82780373],[-17.10803367,32.82790167],[-17.10833917,32.82781212],[-17.10828614,32.82752073]]]]},"properties":{"con_name":"Porto Moniz","con_code":"3106","dis_name":"Madeira"}},{"type":"Feature","geometry":{"type":"MultiPolygon","coordinates":[[[[-16.76878168,32.70103985],[-16.74590715,32.73472313],[-16.68016674,32.74405564],[-16.82071059,32.76749023],[-16.83860918,32.78749826],[-16.85721528,32.74781007],[-16.90555921,32.71864824],[-16.88937608,32.70992782],[-16.8466602,32.73479982],[-16.76878168,32.70103985]]],[[[-16.73249115,32.75077591],[-16.73239973,32.75074525],[-16.73237453,32.75082713],[-16.73242415,32.75087073],[-16.73249115,32.75077591]]],[[[-16.7319997,32.75129598],[-16.73210986,32.75082267],[-16.73198741,32.75058356],[-16.73168967,32.75087222],[-16.7319997,32.75129598]]],[[[-16.7323925,32.75109375],[-16.73246158,32.75108964],[-16.73236225,32.75098116],[-16.73234746,32.75104964],[-16.7323925,32.75109375]]],[[[-16.73253842,32.75131541],[-16.73243576,32.75128319],[-16.73239609,32.75142254],[-16.73248513,32.75144629],[-16.73253842,32.75131541]]],[[[-16.73971531,32.75280475],[-16.73946498,32.7532083],[-16.74022671,32.75307642],[-16.74008975,32.75285528],[-16.73971531,32.75280475]]],[[[-16.73986633,32.7534852],[-16.7398976,32.75340793],[-16.73977769,32.75336711],[-16.73974647,32.75346838],[-16.73986633,32.7534852]]],[[[-16.74470375,32.75588462],[-16.74479261,32.75617234],[-16.74504455,32.75603788],[-16.74481631,32.75595367],[-16.74470375,32.75588462]]],[[[-16.77929179,32.7588196],[-16.77918049,32.75872937],[-16.77912336,32.75878177],[-16.77920282,32.75882186],[-16.77929179,32.7588196]]],[[[-16.77168034,32.75889716],[-16.77159879,32.75883798],[-16.77144798,32.75893508],[-16.77160847,32.75894372],[-16.77168034,32.75889716]]],[[[-16.76830225,32.75916296],[-16.76823627,32.75906496],[-16.76816519,32.75913035],[-16.76825468,32.7592457],[-16.76830225,32.75916296]]],[[[-16.77632518,32.7591917],[-16.77646376,32.75918261],[-16.77649108,32.75913379],[-16.77631002,32.75908378],[-16.77632518,32.7591917]]],[[[-16.77896543,32.7592134],[-16.77909613,32.75919982],[-16.77910993,32.75916905],[-16.77890389,32.75911876],[-16.77896543,32.7592134]]],[[[-16.77866297,32.75915582],[-16.77843604,32.75912883],[-16.77829037,32.75920485],[-16.77862407,32.75923935],[-16.77866297,32.75915582]]],[[[-16.77526406,32.75931298],[-16.77543761,32.75938285],[-16.77557876,32.75931483],[-16.77542459,32.75927499],[-16.77526406,32.75931298]]],[[[-16.76819092,32.75938991],[-16.7680503,32.75936042],[-16.76789163,32.75946566],[-16.76800697,32.75951165],[-16.76819092,32.75938991]]],[[[-16.77506727,32.75933101],[-16.77493448,32.75931945],[-16.77486471,32.759375],[-16.77514641,32.75937606],[-16.77506727,32.75933101]]],[[[-16.77511,32.75948832],[-16.77505348,32.75941598],[-16.7749894,32.759414],[-16.77498041,32.75947194],[-16.77511,32.75948832]]],[[[-16.77306956,32.75993326],[-16.77270208,32.75982644],[-16.77250195,32.75992379],[-16.77279576,32.760067],[-16.77306956,32.75993326]]],[[[-16.78125922,32.7599696],[-16.78117739,32.75987498],[-16.78099363,32.75986109],[-16.78104363,32.75995435],[-16.78125922,32.7599696]]],[[[-16.79419857,32.7648575],[-16.79331753,32.76472528],[-16.79316051,32.76481591],[-16.7945435,32.76499236],[-16.79419857,32.7648575]]],[[[-16.82454885,32.77741732],[-16.82477716,32.77727129],[-16.82484516,32.77703758],[-16.82446231,32.77725173],[-16.82454885,32.77741732]]],[[[-16.82340561,32.77870294],[-16.82377207,32.77895886],[-16.82431091,32.7786195],[-16.82353041,32.77819617],[-16.82340561,32.77870294]]],[[[-16.82264654,32.78047692],[-16.82282299,32.78033604],[-16.8227975,32.78023323],[-16.82273611,32.78021766],[-16.82264654,32.78047692]]],[[[-16.71540093,32.74210487],[-16.71546197,32.74214949],[-16.71549531,32.74201222],[-16.71540093,32.74210487]]],[[[-16.6996102,32.74899771],[-16.69970373,32.7491347],[-16.6999052,32.74915569],[-16.69981785,32.74897893],[-16.6996102,32.74899771]]],[[[-16.70151536,32.74928328],[-16.70089836,32.74932169],[-16.70084894,32.74937214],[-16.70186549,32.74945512],[-16.70151536,32.74928328]]],[[[-16.69844015,32.74952639],[-16.69853896,32.74953101],[-16.69855442,32.7494793],[-16.69845868,32.74941169],[-16.69844015,32.74952639]]],[[[-16.71223538,32.74963745],[-16.71241286,32.74962015],[-16.71227705,32.74942782],[-16.71221692,32.74945327],[-16.71223538,32.74963745]]],[[[-16.69784758,32.74982312],[-16.69779853,32.74969076],[-16.69772724,32.74966295],[-16.69775242,32.74984245],[-16.69784758,32.74982312]]],[[[-16.71294586,32.74969818],[-16.71308829,32.74980185],[-16.71324374,32.74957614],[-16.71316055,32.74958449],[-16.71294586,32.74969818]]],[[[-16.71087041,32.74993695],[-16.71088957,32.74986156],[-16.71072712,32.74976042],[-16.71073087,32.74988943],[-16.71087041,32.74993695]]],[[[-16.69785185,32.74996944],[-16.69797702,32.75014263],[-16.69851065,32.7502208],[-16.69837878,32.7500717],[-16.69785185,32.74996944]]],[[[-16.72008441,32.74995908],[-16.72016483,32.75003978],[-16.72025081,32.7499154],[-16.72011236,32.74993642],[-16.72008441,32.74995908]]],[[[-16.72021551,32.75003358],[-16.72032764,32.75003664],[-16.72038462,32.74991428],[-16.72026486,32.74993541],[-16.72021551,32.75003358]]],[[[-16.69856207,32.75065816],[-16.69839624,32.75048553],[-16.69789271,32.75050868],[-16.69810471,32.75064551],[-16.69856207,32.75065816]]],[[[-16.69707077,32.75067043],[-16.697063,32.75075595],[-16.69742379,32.75078677],[-16.69737209,32.75071686],[-16.69707077,32.75067043]]],[[[-16.70581911,32.75030164],[-16.70584354,32.75070978],[-16.70626697,32.75101354],[-16.70626191,32.75071499],[-16.70581911,32.75030164]]],[[[-16.73163644,32.75109401],[-16.7315172,32.75105968],[-16.73150156,32.75115621],[-16.73158875,32.75115564],[-16.73163644,32.75109401]]],[[[-16.73011174,32.75072013],[-16.72934054,32.7510744],[-16.72965559,32.75190187],[-16.72970403,32.75113919],[-16.73011174,32.75072013]]],[[[-16.73123736,32.75192611],[-16.73133384,32.75173818],[-16.7311582,32.75163508],[-16.73112036,32.75183087],[-16.73123736,32.75192611]]],[[[-16.696807,32.75230645],[-16.6971245,32.752457],[-16.69725148,32.75241037],[-16.69707427,32.75220028],[-16.696807,32.75230645]]],[[[-16.73128453,32.75197552],[-16.73116883,32.75195286],[-16.73124078,32.75209716],[-16.73130101,32.75206575],[-16.73128453,32.75197552]]],[[[-16.70893556,32.75221179],[-16.7088043,32.75242552],[-16.70925596,32.75257485],[-16.70909981,32.75224499],[-16.70893556,32.75221179]]],[[[-16.73139162,32.75222567],[-16.73128215,32.75226046],[-16.73125398,32.75236583],[-16.73140043,32.75231682],[-16.73139162,32.75222567]]],[[[-16.73131507,32.75257738],[-16.73136419,32.75246297],[-16.73131019,32.75240239],[-16.73123311,32.75250041],[-16.73131507,32.75257738]]],[[[-16.69661375,32.75323126],[-16.69658611,32.75316958],[-16.69642394,32.75318449],[-16.6964275,32.75321457],[-16.69661375,32.75323126]]],[[[-16.72766812,32.75313116],[-16.7276229,32.75323812],[-16.72774891,32.7536287],[-16.727769,32.75271769],[-16.72766812,32.75313116]]],[[[-16.72970302,32.75335038],[-16.7297876,32.75325344],[-16.73002285,32.75311626],[-16.72962951,32.75313639],[-16.72970302,32.75335038]]],[[[-16.67560006,32.73600105],[-16.67571775,32.73605143],[-16.67576265,32.73599897],[-16.67568317,32.7359313],[-16.67560006,32.73600105]]],[[[-16.67578609,32.73613917],[-16.67575172,32.73623009],[-16.67581374,32.73624847],[-16.67585845,32.73617419],[-16.67578609,32.73613917]]],[[[-16.67498616,32.73632096],[-16.67509585,32.73631462],[-16.67502668,32.73621092],[-16.67498908,32.73621494],[-16.67498616,32.73632096]]],[[[-16.67570214,32.73665429],[-16.67584177,32.73674234],[-16.67595811,32.73666368],[-16.67589203,32.73657707],[-16.67570214,32.73665429]]],[[[-16.67622852,32.73688049],[-16.67623957,32.73694654],[-16.67638044,32.73694132],[-16.67622852,32.73688049]]],[[[-16.6751904,32.73754699],[-16.67588209,32.73740263],[-16.6756554,32.73676847],[-16.67520482,32.73688028],[-16.6751904,32.73754699]]],[[[-16.67624101,32.7375416],[-16.67649392,32.73779815],[-16.67676516,32.73746045],[-16.67644706,32.73768387],[-16.67624101,32.7375416]]],[[[-16.67635625,32.73862974],[-16.67645235,32.73846169],[-16.6763168,32.73813566],[-16.67610748,32.73836078],[-16.67635625,32.73862974]]],[[[-16.6787109,32.74001188],[-16.67855767,32.74029145],[-16.67895811,32.74023098],[-16.67899709,32.74007884],[-16.6787109,32.74001188]]],[[[-16.67981806,32.74020953],[-16.67985936,32.74014161],[-16.67979643,32.7400923],[-16.67976806,32.74016682],[-16.67981806,32.74020953]]],[[[-16.67986955,32.74187304],[-16.67998056,32.7418518],[-16.68018692,32.74157107],[-16.67960823,32.74168705],[-16.67986955,32.74187304]]],[[[-16.69510443,32.74710007],[-16.69503199,32.74694962],[-16.6948785,32.74690895],[-16.69499077,32.7470272],[-16.69510443,32.74710007]]],[[[-16.68915269,32.74750594],[-16.68930235,32.74756426],[-16.6895206,32.74736614],[-16.68923507,32.74744296],[-16.68915269,32.74750594]]],[[[-16.68966023,32.74909736],[-16.68964027,32.74927251],[-16.68994479,32.74921772],[-16.6898088,32.74909202],[-16.68966023,32.74909736]]],[[[-16.68866898,32.75086935],[-16.68881436,32.75084204],[-16.68860085,32.75085592],[-16.68866898,32.75086935]]],[[[-16.68927517,32.75189656],[-16.6893442,32.75192341],[-16.68938708,32.75188838],[-16.6893651,32.75183754],[-16.68927517,32.75189656]]],[[[-16.69544713,32.75196166],[-16.69558781,32.75204147],[-16.69561602,32.75197561],[-16.69544713,32.75196166]]],[[[-16.68855868,32.75216777],[-16.68851222,32.75207523],[-16.68840162,32.75211929],[-16.68855868,32.75216777]]],[[[-16.69162312,32.75323229],[-16.69167026,32.75317012],[-16.69147964,32.75317035],[-16.6914786,32.75320526],[-16.69162312,32.75323229]]],[[[-16.69370006,32.75453307],[-16.69433066,32.7540772],[-16.69309954,32.75370774],[-16.69305178,32.75439302],[-16.69370006,32.75453307]]],[[[-16.69463789,32.7541875],[-16.69449454,32.75427169],[-16.69465991,32.75430183],[-16.69463789,32.7541875]]],[[[-16.65953794,32.72698115],[-16.6599157,32.72705245],[-16.66000003,32.72689296],[-16.65996335,32.72681949],[-16.65953794,32.72698115]]],[[[-16.65679676,32.7277531],[-16.65674027,32.72785459],[-16.65681453,32.72789438],[-16.65684665,32.72779681],[-16.65679676,32.7277531]]],[[[-16.65631909,32.72786449],[-16.65638079,32.7278947],[-16.65634933,32.72776884],[-16.65631909,32.72786449]]],[[[-16.65659096,32.72793323],[-16.65673829,32.72818598],[-16.65682046,32.72818643],[-16.65679086,32.72799354],[-16.65659096,32.72793323]]],[[[-16.6662405,32.72931044],[-16.66614959,32.7293278],[-16.66611626,32.72942321],[-16.66621073,32.72943666],[-16.6662405,32.72931044]]],[[[-16.6583009,32.72756627],[-16.65695362,32.72805335],[-16.65526244,32.73167027],[-16.66205009,32.72854948],[-16.6583009,32.72756627]]],[[[-16.66597222,32.72953832],[-16.66595619,32.72961744],[-16.66616872,32.72957043],[-16.66612815,32.72952876],[-16.66597222,32.72953832]]],[[[-16.66405991,32.72990284],[-16.66438857,32.72988025],[-16.66387288,32.72959975],[-16.66389229,32.72983444],[-16.66405991,32.72990284]]],[[[-16.66450913,32.72998255],[-16.66452212,32.73005011],[-16.6646154,32.73005699],[-16.66463531,32.72997997],[-16.66450913,32.72998255]]],[[[-16.66421272,32.73006946],[-16.66427508,32.73008947],[-16.66436981,32.73008226],[-16.66433436,32.73001202],[-16.66421272,32.73006946]]],[[[-16.66905245,32.73103293],[-16.6691046,32.73093952],[-16.66895301,32.73098736],[-16.66898949,32.73104983],[-16.66905245,32.73103293]]],[[[-16.67352995,32.73169575],[-16.67360347,32.73171858],[-16.67374446,32.73165167],[-16.67368036,32.73160157],[-16.67352995,32.73169575]]],[[[-16.6723082,32.7321549],[-16.67219234,32.73220181],[-16.67218873,32.73224307],[-16.67238314,32.73220792],[-16.6723082,32.7321549]]],[[[-16.67410951,32.73256485],[-16.67423443,32.73255741],[-16.67423868,32.73247645],[-16.67416301,32.73245897],[-16.67410951,32.73256485]]],[[[-16.66958659,32.73411595],[-16.66954933,32.73405764],[-16.66948727,32.73415145],[-16.66958659,32.73411595]]],[[[-16.67433751,32.73265479],[-16.6710837,32.73232482],[-16.67074797,32.73093918],[-16.66802985,32.73044082],[-16.66685795,32.73102786],[-16.66668151,32.72961989],[-16.66517451,32.73048014],[-16.66217708,32.73041864],[-16.67739595,32.74021771],[-16.67921252,32.73834204],[-16.67433751,32.73265479]]],[[[-16.67063686,32.73494091],[-16.67055571,32.73493829],[-16.67053905,32.73497757],[-16.67066075,32.735026],[-16.67063686,32.73494091]]],[[[-16.6695455,32.73557461],[-16.66943911,32.73557495],[-16.66939311,32.73566611],[-16.66946161,32.73569397],[-16.6695455,32.73557461]]],[[[-16.67269245,32.73617039],[-16.67254451,32.73644249],[-16.67318705,32.73629547],[-16.6729882,32.73609916],[-16.67269245,32.73617039]]],[[[-16.67384452,32.73712411],[-16.67377309,32.73732196],[-16.67404091,32.73737727],[-16.67410641,32.73715904],[-16.67384452,32.73712411]]],[[[-16.67455849,32.73750393],[-16.67446911,32.73764898],[-16.67450088,32.73768734],[-16.67465218,32.73757168],[-16.67455849,32.73750393]]]]},"properties":{"con_name":"Machico","con_code":"3104","dis_name":"Madeira"}},{"type":"Feature","geometry":{"type":"Polygon","coordinates":[[[-8.58068267,39.30541209],[-8.61886844,39.28765612],[-8.63400954,39.24398195],[-8.55554855,39.17147598],[-8.49270877,39.23892184],[-8.53642936,39.25368817],[-8.55789563,39.30615762],[-8.58068267,39.30541209]]]},"properties":{"con_name":"Alpiar\u00e7a","con_code":"1404","dis_name":"Santar\u00e9m"}},{"type":"Feature","geometry":{"type":"Polygon","coordinates":[[[-8.51488696,41.34818245],[-8.50145405,41.36833494],[-8.45228309,41.37562316],[-8.43179607,41.36290683],[-8.37886411,41.38220224],[-8.37787776,41.42341645],[-8.44950316,41.47290937],[-8.56397081,41.47075987],[-8.5431526,41.45287636],[-8.5602804,41.42993411],[-8.60731686,41.43120718],[-8.62259403,41.41522834],[-8.59067413,41.40004682],[-8.62287054,41.3839315],[-8.61626722,41.35475893],[-8.60462061,41.33854427],[-8.51488696,41.34818245]]]},"properties":{"con_name":"Vila Nova de Famalic\u00e3o","con_code":"0312","dis_name":"Braga"}},{"type":"Feature","geometry":{"type":"Polygon","coordinates":[[[-7.12430618,41.69802807],[-7.11072031,41.71134257],[-7.02507479,41.67183366],[-6.99758369,41.70044011],[-6.92819895,41.679759],[-6.92173039,41.69806823],[-6.86095708,41.71534541],[-6.93019922,41.72861535],[-6.9479701,41.76164566],[-6.90754396,41.799107],[-6.95448411,41.82519537],[-6.89719496,41.8397463],[-6.88279509,41.8763901],[-6.90474752,41.9050311],[-6.88539579,41.94033764],[-6.94430529,41.94465802],[-6.9793649,41.9737827],[-7.00620461,41.95057425],[-7.06832017,41.94899656],[-7.11899585,41.98658724],[-7.17977342,41.97925293],[-7.18949922,41.94158093],[-7.17349225,41.91910232],[-7.21359377,41.82683838],[-7.17074357,41.76842169],[-7.18867738,41.73522514],[-7.12430618,41.69802807]]]},"properties":{"con_name":"Vinhais","con_code":"0412","dis_name":"Bragan\u00e7a"}},{"type":"Feature","geometry":{"type":"Polygon","coordinates":[[[-7.61766919,41.0576977],[-7.53098659,41.00570134],[-7.50342817,41.0409105],[-7.51373324,41.08819722],[-7.47463042,41.10121997],[-7.54956718,41.11461302],[-7.51963636,41.13433285],[-7.55071596,41.17383482],[-7.64028413,41.15879989],[-7.62218792,41.14308152],[-7.63614009,41.13361533],[-7.61766919,41.0576977]]]},"properties":{"con_name":"Tabua\u00e7o","con_code":"1819","dis_name":"Viseu"}},{"type":"Feature","geometry":{"type":"Polygon","coordinates":[[[-8.09099009,40.63468808],[-7.98632551,40.58785029],[-8.00613907,40.5450546],[-7.94472389,40.53658025],[-7.8837169,40.60193906],[-7.75898421,40.6451461],[-7.78396854,40.65687936],[-7.76202626,40.68107403],[-7.77529911,40.69174684],[-7.76892345,40.79834319],[-7.81363765,40.84259977],[-7.8617355,40.78912309],[-7.92751256,40.79912695],[-7.96612137,40.76305844],[-8.01972193,40.7642206],[-8.03087985,40.74443279],[-8.00725262,40.72929134],[-8.01872049,40.69327573],[-8.09099009,40.63468808]]]},"properties":{"con_name":"Viseu","con_code":"1823","dis_name":"Viseu"}},{"type":"Feature","geometry":{"type":"Polygon","coordinates":[[[-9.4196947,38.93237447],[-9.3951517,38.93063614],[-9.34563778,38.88333105],[-9.27209387,38.89385554],[-9.23756296,38.86243233],[-9.22878679,38.91591471],[-9.1899261,38.90332344],[-9.15943245,38.92977623],[-9.16458164,38.95637142],[-9.24056615,38.94842245],[-9.20451747,38.97138852],[-9.2143634,39.01824831],[-9.24395332,39.00557769],[-9.29757865,39.03015137],[-9.30616737,39.00625151],[-9.33003516,39.01002091],[-9.3511036,39.05300642],[-9.38935613,39.06471838],[-9.41786266,39.05089714],[-9.4196947,38.93237447]]]},"properties":{"con_name":"Mafra","con_code":"1109","dis_name":"Lisboa"}},{"type":"Feature","geometry":{"type":"Polygon","coordinates":[[[-7.76148952,39.38328649],[-7.70871697,39.38403498],[-7.69938804,39.41964628],[-7.6699198,39.4387705],[-7.64916568,39.43165861],[-7.63397723,39.39118772],[-7.58939791,39.38174856],[-7.59809173,39.44954896],[-7.56673122,39.47057381],[-7.58033421,39.51337843],[-7.55114776,39.51777765],[-7.56620529,39.54231983],[-7.48048755,39.52634468],[-7.48542205,39.5841775],[-7.53209065,39.66218422],[-7.57911935,39.65881724],[-7.63744248,39.62272354],[-7.67182118,39.64887378],[-7.7038261,39.63634941],[-7.72304632,39.59266654],[-7.75535383,39.58807552],[-7.88160702,39.49456132],[-7.78106135,39.4165424],[-7.74544877,39.41065245],[-7.76148952,39.38328649]]]},"properties":{"con_name":"Nisa","con_code":"1212","dis_name":"Portalegre"}},{"type":"Feature","geometry":{"type":"Polygon","coordinates":[[[-8.54643922,42.05223714],[-8.52930425,42.02260464],[-8.53611659,41.97412643],[-8.519203,41.96927341],[-8.28947322,42.00072645],[-8.30420537,42.04091513],[-8.32876282,42.05370637],[-8.31700641,42.06213928],[-8.35334593,42.08977242],[-8.42382395,42.07253487],[-8.52113741,42.07933419],[-8.54643922,42.05223714]]]},"properties":{"con_name":"Mon\u00e7\u00e3o","con_code":"1604","dis_name":"Viana do Castelo"}},{"type":"Feature","geometry":{"type":"Polygon","coordinates":[[[-7.61132718,40.32248466],[-7.5371975,40.3178395],[-7.48930119,40.39345752],[-7.43013409,40.39082945],[-7.41885082,40.43471498],[-7.4334959,40.460564],[-7.5707088,40.42474195],[-7.61132718,40.32248466]]]},"properties":{"con_name":"Manteigas","con_code":"0908","dis_name":"Guarda"}},{"type":"Feature","geometry":{"type":"Polygon","coordinates":[[[-8.33570432,39.80355207],[-8.30606449,39.90120439],[-8.35599408,39.89198474],[-8.3732632,39.85751289],[-8.43984512,39.87028453],[-8.48367948,39.86015766],[-8.45274965,39.73089058],[-8.40415441,39.76030926],[-8.38007146,39.75194119],[-8.34493166,39.77442683],[-8.32915925,39.7619871],[-8.33570432,39.80355207]]]},"properties":{"con_name":"Alvai\u00e1zere","con_code":"1002","dis_name":"Leiria"}},{"type":"Feature","geometry":{"type":"Polygon","coordinates":[[[-8.70248629,39.63883617],[-8.71880612,39.66588216],[-8.8020451,39.67556277],[-8.8154048,39.69539262],[-8.86413155,39.67645366],[-8.87379933,39.6513723],[-8.74128945,39.61090645],[-8.68734003,39.55086806],[-8.6711459,39.56361766],[-8.70248629,39.63883617]]]},"properties":{"con_name":"Batalha","con_code":"1004","dis_name":"Leiria"}},{"type":"Feature","geometry":{"type":"Polygon","coordinates":[[[-8.66748206,41.14349001],[-8.57576315,41.13995785],[-8.55261346,41.15820708],[-8.60415557,41.1859353],[-8.69012334,41.17339855],[-8.66748206,41.14349001]]]},"properties":{"con_name":"Porto","con_code":"1312","dis_name":"Porto"}},{"type":"Feature","geometry":{"type":"Polygon","coordinates":[[[-8.46769992,41.1451909],[-8.44203904,41.16735623],[-8.45839344,41.18874124],[-8.4401108,41.24445558],[-8.49600949,41.23807041],[-8.52031247,41.2690246],[-8.54347807,41.23219041],[-8.57072726,41.24039076],[-8.55505461,41.19673821],[-8.52732229,41.20326765],[-8.4943765,41.1457471],[-8.46769992,41.1451909]]]},"properties":{"con_name":"Valongo","con_code":"1315","dis_name":"Porto"}},{"type":"Feature","geometry":{"type":"Polygon","coordinates":[[[-8.51556055,41.28649583],[-8.50962297,41.34509893],[-8.59830647,41.34686378],[-8.63159319,41.32992996],[-8.62177695,41.29536885],[-8.5751519,41.25899442],[-8.51556055,41.28649583]]]},"properties":{"con_name":"Trofa","con_code":"1318","dis_name":"Porto"}},{"type":"Feature","geometry":{"type":"MultiPolygon","coordinates":[[[[-17.10396544,32.67828852],[-17.10425784,32.6781211],[-17.10442598,32.6778747],[-17.10413331,32.67792623],[-17.10396544,32.67828852]]],[[[-17.09099879,32.76099161],[-17.140733,32.70362409],[-17.10427179,32.67827003],[-17.08656589,32.67960555],[-17.04678905,32.7462878],[-17.07564093,32.77064628],[-17.09099879,32.76099161]]]]},"properties":{"con_name":"Ponta do Sol","con_code":"3105","dis_name":"Madeira"}},{"type":"Feature","geometry":{"type":"Polygon","coordinates":[[[-8.74589444,41.46785804],[-8.7016692,41.44242554],[-8.66808294,41.44460389],[-8.629345,41.41404663],[-8.60731686,41.43120718],[-8.56975676,41.42567738],[-8.5431526,41.45287636],[-8.56397081,41.47075987],[-8.51367161,41.47769198],[-8.52608554,41.49621389],[-8.49597276,41.53759074],[-8.50983112,41.56546426],[-8.4990923,41.57298257],[-8.53289403,41.58185505],[-8.54074722,41.63130874],[-8.56280294,41.62367066],[-8.57731024,41.64295787],[-8.60413455,41.6343145],[-8.64328194,41.65437971],[-8.6510107,41.63131238],[-8.72506493,41.63347459],[-8.73249773,41.52702812],[-8.71520162,41.52870974],[-8.70106597,41.49605899],[-8.73317763,41.49146187],[-8.74589444,41.46785804]]]},"properties":{"con_name":"Barcelos","con_code":"0302","dis_name":"Braga"}},{"type":"Feature","geometry":{"type":"Polygon","coordinates":[[[-8.61117683,40.97644103],[-8.59362292,41.01410617],[-8.60585794,41.02576644],[-8.64565721,41.01600512],[-8.65311933,40.96477828],[-8.61117683,40.97644103]]]},"properties":{"con_name":"Espinho","con_code":"0107","dis_name":"Aveiro"}},{"type":"Feature","geometry":{"type":"Polygon","coordinates":[[[-8.60974682,40.97617945],[-8.58674777,40.88966035],[-8.55414579,40.87215211],[-8.48910366,40.91660537],[-8.46873814,40.90484935],[-8.38885243,41.00453008],[-8.42998622,41.0224565],[-8.44874066,41.05346116],[-8.48622288,41.05270219],[-8.49258051,41.0395989],[-8.46661576,41.0302529],[-8.49093294,41.01170541],[-8.51437005,41.01467343],[-8.52844831,41.04050851],[-8.55719291,41.01556384],[-8.60287348,41.01024479],[-8.60974682,40.97617945]]]},"properties":{"con_name":"Santa Maria da Feira","con_code":"0109","dis_name":"Aveiro"}},{"type":"Feature","geometry":{"type":"Polygon","coordinates":[[[-8.23201986,39.72684606],[-8.23737184,39.64175524],[-8.13458512,39.61128494],[-8.0535726,39.61650647],[-8.07883559,39.65699784],[-8.05796628,39.67194216],[-8.054521,39.7357274],[-8.10878413,39.72960019],[-8.16966407,39.7598783],[-8.23201986,39.72684606]]]},"properties":{"con_name":"Vila de Rei","con_code":"0510","dis_name":"Castelo Branco"}},{"type":"Feature","geometry":{"type":"Polygon","coordinates":[[[-7.05134357,38.90608126],[-6.95113031,39.02359807],[-6.96780613,39.03949091],[-6.95941638,39.05447056],[-6.98090349,39.08782072],[-7.03257714,39.11732229],[-7.10533402,39.09920013],[-7.14402486,39.1086327],[-7.12899767,39.09810473],[-7.14663543,39.06700609],[-7.11034278,39.03927166],[-7.11664908,39.01723069],[-7.14925695,39.00147776],[-7.11228363,38.98327283],[-7.05134357,38.90608126]]]},"properties":{"con_name":"Campo Maior","con_code":"1204","dis_name":"Portalegre"}},{"type":"Feature","geometry":{"type":"Polygon","coordinates":[[[-8.6905911,41.81332955],[-8.69971182,41.77520976],[-8.64426662,41.70829474],[-8.65659463,41.68581326],[-8.6441944,41.65600751],[-8.60413455,41.6343145],[-8.54074722,41.63130874],[-8.54736004,41.66327501],[-8.52176518,41.67957411],[-8.51842791,41.72615628],[-8.49347537,41.74154842],[-8.48599791,41.72720289],[-8.46147975,41.73226199],[-8.47541517,41.74025861],[-8.47809079,41.79522108],[-8.51666762,41.79346628],[-8.52872987,41.86067962],[-8.59680693,41.86575162],[-8.62212129,41.84433566],[-8.65661153,41.85837903],[-8.6905911,41.81332955]]]},"properties":{"con_name":"Ponte de Lima","con_code":"1607","dis_name":"Viana do Castelo"}},{"type":"Feature","geometry":{"type":"Polygon","coordinates":[[[-8.15785644,40.44926412],[-8.01472047,40.47121521],[-8.01146188,40.4883634],[-7.95915354,40.51748739],[-7.96581829,40.54090256],[-8.00613907,40.5450546],[-7.98568005,40.58716148],[-8.12528631,40.64046567],[-8.19222574,40.56456165],[-8.20856251,40.56575019],[-8.2037885,40.59283949],[-8.23197228,40.61038661],[-8.3064015,40.59974133],[-8.28494293,40.53907559],[-8.21277388,40.50943458],[-8.20095355,40.47933865],[-8.15785644,40.44926412]]]},"properties":{"con_name":"Tondela","con_code":"1821","dis_name":"Viseu"}},{"type":"Feature","geometry":{"type":"Polygon","coordinates":[[[-8.4745552,40.03446387],[-8.42786627,40.04077573],[-8.45700396,40.0850078],[-8.40562097,40.07792805],[-8.4068356,40.12060199],[-8.49723777,40.12451538],[-8.48537345,40.16322107],[-8.54541463,40.1785483],[-8.55435425,40.14033537],[-8.58222602,40.13273906],[-8.58704489,40.0931414],[-8.55831361,40.08405264],[-8.53729846,40.04831522],[-8.4745552,40.03446387]]]},"properties":{"con_name":"Condeixa-a-Nova","con_code":"0604","dis_name":"Coimbra"}},{"type":"Feature","geometry":{"type":"Polygon","coordinates":[[[-8.84651861,40.3260204],[-8.90923755,40.18653707],[-8.86304373,40.14007601],[-8.89493301,40.04550282],[-8.86864962,40.02337716],[-8.8004634,40.01255864],[-8.78252762,40.03755266],[-8.73221701,40.03217589],[-8.74692273,40.08945141],[-8.76325869,40.11895767],[-8.77512354,40.11413788],[-8.70865519,40.16274327],[-8.70014012,40.19112301],[-8.74151859,40.29205],[-8.84651861,40.3260204]]]},"properties":{"con_name":"Figueira da Foz","con_code":"0605","dis_name":"Coimbra"}},{"type":"Feature","geometry":{"type":"Polygon","coordinates":[[[-8.63364704,39.53719056],[-8.50358151,39.63210687],[-8.51248368,39.64850542],[-8.49454126,39.6912387],[-8.46297323,39.70767119],[-8.43854664,39.67743788],[-8.42346611,39.67933662],[-8.42874282,39.73748543],[-8.4533038,39.73181231],[-8.47795368,39.83872917],[-8.50643974,39.81504959],[-8.52421158,39.8276691],[-8.58477521,39.77941147],[-8.63497979,39.78988782],[-8.67986944,39.76937503],[-8.66418299,39.72505943],[-8.67918215,39.70886804],[-8.63207571,39.69552965],[-8.64946835,39.66064376],[-8.70218772,39.63550421],[-8.68508746,39.57387163],[-8.63364704,39.53719056]]]},"properties":{"con_name":"Our\u00e9m","con_code":"1421","dis_name":"Santar\u00e9m"}},{"type":"Feature","geometry":{"type":"Polygon","coordinates":[[[-7.61192981,38.38191831],[-7.56074241,38.33458765],[-7.55721393,38.29770228],[-7.5417431,38.3026372],[-7.500216,38.24721685],[-7.4571949,38.2273651],[-7.40692727,38.27186325],[-7.42984679,38.29549463],[-7.41588059,38.32044579],[-7.42874926,38.34606303],[-7.37708373,38.36683058],[-7.38646496,38.39839642],[-7.34160746,38.43010567],[-7.3456914,38.49128508],[-7.37365449,38.51122065],[-7.43886126,38.4965446],[-7.47671702,38.52357034],[-7.51956147,38.52366823],[-7.57502182,38.46687997],[-7.61192981,38.38191831]]]},"properties":{"con_name":"Reguengos de Monsaraz","con_code":"0711","dis_name":"\u00c9vora"}},{"type":"Feature","geometry":{"type":"Polygon","coordinates":[[[-8.49294586,38.75391711],[-8.51084078,38.73606659],[-8.5010184,38.71549483],[-8.65347002,38.6122722],[-8.63911394,38.54949118],[-8.57521839,38.54792119],[-8.57868756,38.59895013],[-8.50045538,38.64906615],[-8.46845966,38.62802636],[-8.43291054,38.64385413],[-8.40610063,38.63227966],[-8.38025443,38.65007012],[-8.38684399,38.70522257],[-8.44297463,38.72630608],[-8.43528228,38.74528778],[-8.49294586,38.75391711]]]},"properties":{"con_name":"Vendas Novas","con_code":"0712","dis_name":"\u00c9vora"}},{"type":"Feature","geometry":{"type":"Polygon","coordinates":[[[-8.12638749,37.07370508],[-8.00046786,37.01026976],[-7.98204016,37.02113666],[-7.99071426,37.05195773],[-7.96479209,37.07562621],[-8.00643812,37.11131737],[-7.94219158,37.14405874],[-7.96419489,37.20371736],[-7.92680013,37.22646219],[-7.91212592,37.21212027],[-7.914815,37.2496528],[-7.89189212,37.25787756],[-7.90121754,37.2723506],[-7.88272676,37.28390414],[-7.91519018,37.31765128],[-7.87836478,37.37836973],[-7.89101514,37.41540747],[-7.99985077,37.3980713],[-8.00667349,37.37710761],[-7.9902132,37.3633846],[-8.02804422,37.35437735],[-8.06569376,37.31896333],[-8.18889662,37.33869905],[-8.19782232,37.31880758],[-8.17688057,37.29502381],[-8.21492668,37.26851424],[-8.23200789,37.21675152],[-8.15644813,37.1884386],[-8.19689043,37.12138344],[-8.15322968,37.10822131],[-8.12638749,37.07370508]]]},"properties":{"con_name":"Loul\u00e9","con_code":"0808","dis_name":"Faro"}},{"type":"Feature","geometry":{"type":"Polygon","coordinates":[[[-7.84846706,40.98272194],[-7.80622752,41.03617071],[-7.75908649,41.0459941],[-7.76885073,41.05786998],[-7.74954626,41.07221925],[-7.75779158,41.09243603],[-7.7299661,41.14510626],[-7.79724879,41.16184563],[-7.8138573,41.14567471],[-7.87952692,41.15303277],[-7.85070004,41.11111093],[-7.9156812,41.01997388],[-7.8772674,41.02658191],[-7.90270435,40.99398659],[-7.84846706,40.98272194]]]},"properties":{"con_name":"Lamego","con_code":"1805","dis_name":"Viseu"}},{"type":"Feature","geometry":{"type":"Polygon","coordinates":[[[-7.91433502,38.96474726],[-7.88846721,38.97757235],[-7.89595327,39.00441851],[-7.8639439,38.98753255],[-7.84959807,39.01566777],[-7.81401579,38.99125129],[-7.76024002,39.01013547],[-7.71772113,39.00257505],[-7.69666686,39.04375066],[-7.72622153,39.0488231],[-7.71945631,39.09107004],[-7.7724908,39.1128131],[-7.76853821,39.13592585],[-7.79002108,39.13342968],[-7.79870717,39.17079929],[-7.83581819,39.16617346],[-7.82011763,39.17461819],[-7.82274998,39.20111635],[-7.85359701,39.21341071],[-7.89056138,39.21838066],[-7.88903012,39.19694297],[-7.93510108,39.19142157],[-7.96143563,39.15256149],[-7.95892333,39.12240367],[-8.06586219,39.1138993],[-8.15200295,39.02693145],[-8.14038638,39.01247865],[-8.10380689,39.02273441],[-8.12028972,39.00398976],[-8.10316436,38.9691572],[-8.0792251,39.0138107],[-8.0476094,39.00828771],[-8.01372686,38.98138218],[-8.02210885,38.94076676],[-7.9467204,38.9720071],[-7.91433502,38.96474726]]]},"properties":{"con_name":"Avis","con_code":"1203","dis_name":"Portalegre"}},{"type":"Feature","geometry":{"type":"Polygon","coordinates":[[[-7.15224666,38.1544282],[-7.15869693,38.13967224],[-7.19482397,38.1555552],[-7.2107927,38.14004046],[-7.15015121,38.12752182],[-7.10188474,38.0886902],[-7.00664045,38.11160645],[-6.97558757,38.10416918],[-6.95217535,38.15277833],[-6.96914492,38.1663128],[-6.93149946,38.20829783],[-6.9366983,38.22066274],[-7.01066956,38.20462357],[-7.02254533,38.18535935],[-7.06618313,38.18651229],[-7.08447443,38.16923646],[-7.12173118,38.18640897],[-7.15237944,38.17347537],[-7.15224666,38.1544282]]]},"properties":{"con_name":"Barrancos","con_code":"0204","dis_name":"Beja"}},{"type":"Feature","geometry":{"type":"Polygon","coordinates":[[[-8.1467863,41.54747593],[-8.0614948,41.55801263],[-8.0523713,41.58550085],[-8.00087591,41.61619827],[-7.98174683,41.67895084],[-8.03807167,41.70073039],[-8.16912388,41.68124085],[-8.19802128,41.65386609],[-8.25943106,41.65391586],[-8.24640464,41.62796566],[-8.21279051,41.63467339],[-8.18895027,41.61749327],[-8.20631868,41.59978982],[-8.15006262,41.58765878],[-8.1467863,41.54747593]]]},"properties":{"con_name":"Vieira do Minho","con_code":"0311","dis_name":"Braga"}},{"type":"Feature","geometry":{"type":"Polygon","coordinates":[[[-8.31615703,41.35116154],[-8.27837833,41.34582795],[-8.27785411,41.36941268],[-8.24697581,41.39179693],[-8.26454659,41.39810509],[-8.26590716,41.38486822],[-8.26913529,41.38208345],[-8.31169535,41.4050199],[-8.32651538,41.39527536],[-8.31615703,41.35116154]]]},"properties":{"con_name":"Vizela","con_code":"0314","dis_name":"Braga"}},{"type":"Feature","geometry":{"type":"Polygon","coordinates":[[[-7.05443218,41.41435833],[-7.00929491,41.41950906],[-6.94684541,41.4717257],[-6.85672452,41.40368951],[-6.8093565,41.42790063],[-6.80581474,41.40737286],[-6.78635657,41.40842462],[-6.67220265,41.45450549],[-6.65941126,41.47705284],[-6.66717432,41.52720538],[-6.72357927,41.53547985],[-6.80048508,41.57641429],[-6.80386771,41.59572528],[-6.90512334,41.58765734],[-6.91421307,41.62305817],[-6.8839129,41.69742579],[-6.92173039,41.69806823],[-6.92819895,41.679759],[-6.9931758,41.70130363],[-7.03718751,41.67113242],[-7.05260919,41.69477741],[-7.11072031,41.71134257],[-7.12955668,41.67724347],[-7.10336778,41.66182274],[-7.11059278,41.6269865],[-7.08183227,41.61479491],[-7.09172927,41.59319873],[-7.07035367,41.57563187],[-7.03624217,41.57923856],[-7.03911046,41.53784387],[-7.06998616,41.5053719],[-7.02918724,41.46334417],[-7.05443218,41.41435833]]]},"properties":{"con_name":"Macedo de Cavaleiros","con_code":"0405","dis_name":"Bragan\u00e7a"}},{"type":"Feature","geometry":{"type":"Polygon","coordinates":[[[-7.19461154,41.23161097],[-7.1489124,41.25799959],[-7.09522646,41.23604892],[-7.08921732,41.27839492],[-7.03263238,41.37074249],[-7.06193135,41.41270584],[-7.12360547,41.40798932],[-7.11773674,41.39139135],[-7.1420123,41.37350551],[-7.20081958,41.38863026],[-7.29548452,41.33590139],[-7.27054583,41.33279734],[-7.29817488,41.2984183],[-7.23774612,41.29226777],[-7.24684952,41.26549119],[-7.23282371,41.23126429],[-7.19461154,41.23161097]]]},"properties":{"con_name":"Vila Flor","con_code":"0410","dis_name":"Bragan\u00e7a"}},{"type":"Feature","geometry":{"type":"Polygon","coordinates":[[[-7.62032444,41.63940023],[-7.57531071,41.59594548],[-7.5299228,41.61766372],[-7.50709024,41.58127365],[-7.45986708,41.60235177],[-7.4440235,41.62203996],[-7.45387132,41.63940177],[-7.42086922,41.66053872],[-7.43306317,41.68557053],[-7.41498272,41.70321908],[-7.376517,41.70004415],[-7.37762091,41.67633763],[-7.36451613,41.67386466],[-7.36595919,41.71515523],[-7.32973081,41.72417349],[-7.28060602,41.77402068],[-7.19367337,41.78208616],[-7.21359377,41.82683838],[-7.20049339,41.87950307],[-7.31531507,41.84254538],[-7.36578796,41.85278733],[-7.42763576,41.80736663],[-7.45031398,41.86325399],[-7.49129223,41.87124448],[-7.52105303,41.84196641],[-7.61145633,41.82917802],[-7.58057021,41.81230701],[-7.59068111,41.78689128],[-7.56272496,41.74473439],[-7.60035936,41.70594155],[-7.59376608,41.67049183],[-7.62032444,41.63940023]]]},"properties":{"con_name":"Chaves","con_code":"1703","dis_name":"Vila Real"}},{"type":"Feature","geometry":{"type":"Polygon","coordinates":[[[-9.21230514,39.01017548],[-9.20456431,38.97126585],[-9.24056615,38.94842245],[-9.16633313,38.95572386],[-9.17196315,38.98351449],[-9.15192041,38.96847385],[-9.11859211,38.99901595],[-9.11427318,38.98472196],[-9.09855796,38.99258899],[-9.10034066,39.02632781],[-9.12302037,39.03586956],[-9.15397913,39.03278834],[-9.16892443,39.01035621],[-9.21230514,39.01017548]]]},"properties":{"con_name":"Sobral de Monte Agra\u00e7o","con_code":"1112","dis_name":"Lisboa"}},{"type":"Feature","geometry":{"type":"Polygon","coordinates":[[[-7.92349155,38.35594035],[-7.9469194,38.35657951],[-7.91860263,38.38454863],[-7.94155108,38.41213874],[-8.00266761,38.40182826],[-8.06440173,38.36606992],[-8.06133765,38.39429428],[-8.09319514,38.39476178],[-8.09904605,38.44214385],[-8.13590969,38.48174318],[-8.1759271,38.46355724],[-8.17042558,38.48146221],[-8.26801381,38.47095732],[-8.2894546,38.45120623],[-8.28478244,38.42500314],[-8.30182292,38.42435123],[-8.28371846,38.41207075],[-8.32257079,38.3721828],[-8.27728634,38.37154371],[-8.26924725,38.35362158],[-8.13295411,38.3128204],[-8.04364427,38.32607956],[-8.00968428,38.299525],[-7.98141562,38.31817772],[-7.93649194,38.30138168],[-7.91666676,38.31102413],[-7.90855602,38.34983946],[-7.92349155,38.35594035]]]},"properties":{"con_name":"Viana do Alentejo","con_code":"0713","dis_name":"\u00c9vora"}},{"type":"Feature","geometry":{"type":"Polygon","coordinates":[[[-7.71604368,37.05945254],[-7.569614,37.14236706],[-7.57088978,37.25771128],[-7.62324286,37.28722148],[-7.67321932,37.27577063],[-7.68225505,37.29337706],[-7.72644893,37.30041443],[-7.76587929,37.3783275],[-7.87628011,37.3869372],[-7.91517857,37.31780453],[-7.88272676,37.28390414],[-7.90061488,37.26967063],[-7.7859173,37.25784878],[-7.8088722,37.21954321],[-7.82977077,37.21609783],[-7.81754405,37.19260856],[-7.84031796,37.1945849],[-7.83526476,37.14453835],[-7.82138703,37.12634486],[-7.76073337,37.13065501],[-7.74480306,37.07353293],[-7.71604368,37.05945254]]]},"properties":{"con_name":"Tavira","con_code":"0814","dis_name":"Faro"}},{"type":"Feature","geometry":{"type":"Polygon","coordinates":[[[-8.38758239,41.00192773],[-8.399111,41.05074356],[-8.37522718,41.05012264],[-8.37906819,41.07999928],[-8.412844,41.09774661],[-8.43742873,41.08692961],[-8.52732229,41.20326765],[-8.57637594,41.1964925],[-8.5841105,41.18136135],[-8.55261346,41.15820708],[-8.57576315,41.13995785],[-8.56883241,41.12619254],[-8.54772016,41.12105571],[-8.51385393,41.07263412],[-8.46721237,41.07356981],[-8.42998622,41.0224565],[-8.38758239,41.00192773]]]},"properties":{"con_name":"Gondomar","con_code":"1304","dis_name":"Porto"}}]}