ano,geocod,regiao,nivel,quartil,preco_m2
2022,1950502,Castelo Branco,Concelho,1.º quartil,398.0
2022,1950505,Idanha-a-Nova,Concelho,1.º quartil,128.0
2022,1950506,Oleiros,Concelho,1.º quartil,210.0
2022,1950507,Penamacor,Concelho,1.º quartil,152.0
2022,1950508,Proença-a-Nova,Concelho,1.º quartil,350.0
2022,1950509,Sertã,Concelho,1.º quartil,427.0
2022,1950510,Vila de Rei,Concelho,1.º quartil,201.0
2022,1950511,Vila Velha de Ródão,Concelho,1.º quartil,123.0
2022,196,Beiras e Serra da Estrela,NUTS III,1.º quartil,269.0
2022,1960501,Belmonte,Concelho,1.º quartil,300.0
2022,1960503,Covilhã,Concelho,1.º quartil,495.0
2022,1960504,Fundão,Concelho,1.º quartil,283.0
2022,1190311,Vieira do Minho,Concelho,1.º quartil,333.0
2022,1960902,Almeida,Concelho,1.º quartil,107.0
2022,1960903,Celorico da Beira,Concelho,1.º quartil,181.0
2022,1190309,Póvoa de Lanhoso,Concelho,1.º quartil,569.0
2022,1190312,Vila Nova de Famalicão,Concelho,1.º quartil,881.0
2022,1190314,Vizela,Concelho,1.º quartil,740.0
2022,1191705,Mondim de Basto,Concelho,1.º quartil,339.0
2022,11A,Área Metropolitana do Porto,NUTS III,1.º quartil,1167.0
2022,11A0107,Espinho,Concelho,1.º quartil,1167.0
2022,11A0109,Santa Maria da Feira,Concelho,1.º quartil,856.0
2022,11D0403,Carrazeda de Ansiães,Concelho,1.º quartil,142.0
2022,11D0404,Freixo de Espada à Cinta,Concelho,1.º quartil,
2022,11D0409,Torre de Moncorvo,Concelho,1.º quartil,159.0
2022,11D1711,Santa Marta de Penaguião,Concelho,1.º quartil,249.0
2022,11D1714,Vila Real,Concelho,1.º quartil,790.0
2022,11D1801,Armamar,Concelho,1.º quartil,101.0
2022,11D1805,Lamego,Concelho,1.º quartil,357.0
2022,11D1807,Moimenta da Beira,Concelho,1.º quartil,167.0
2022,11D1812,Penedono,Concelho,1.º quartil,
2022,1960904,Figueira de Castelo Rodrigo,Concelho,1.º quartil,89.0
2022,1960905,Fornos de Algodres,Concelho,1.º quartil,143.0
2022,1960906,Gouveia,Concelho,1.º quartil,227.0
2022,1960907,Guarda,Concelho,1.º quartil,487.0
2022,1960908,Manteigas,Concelho,1.º quartil,211.0
2022,1960909,Mêda,Concelho,1.º quartil,121.0
2022,1960910,Pinhel,Concelho,1.º quartil,94.0
2022,1960911,Sabugal,Concelho,1.º quartil,150.0
2022,1960912,Seia,Concelho,1.º quartil,233.0
2022,1960913,Trancoso,Concelho,1.º quartil,148.0
2022,1A01106,Lisboa,Concelho,1.º quartil,3015.0
2022,1A,Grande Lisboa,NUTS II,1.º quartil,1806.0
2022,1A0,Grande Lisboa,NUTS III,1.º quartil,1806.0
2022,11C1305,Lousada,Concelho,1.º quartil,629.0
2022,11C1301,Amarante,Concelho,1.º quartil,625.0
2022,11C1302,Baião,Concelho,1.º quartil,368.0
2022,11C1303,Felgueiras,Concelho,1.º quartil,583.0
2022,11C1307,Marco de Canaveses,Concelho,1.º quartil,517.0
2022,11C1309,Paços de Ferreira,Concelho,1.º quartil,740.0
2022,11C1311,Penafiel,Concelho,1.º quartil,583.0
2022,11C1804,Cinfães,Concelho,1.º quartil,195.0
2022,11C1813,Resende,Concelho,1.º quartil,176.0
2022,11D,Douro,NUTS III,1.º quartil,286.0
2022,1A01105,Cascais,Concelho,1.º quartil,2692.0
2022,1A01107,Loures,Concelho,1.º quartil,1667.0
2022,1A01109,Mafra,Concelho,1.º quartil,1593.0
2022,1A01110,Oeiras,Concelho,1.º quartil,2485.0
2022,1A01111,Sintra,Concelho,1.º quartil,1531.0
2022,1A01114,Vila Franca de Xira,Concelho,1.º quartil,1375.0
2022,1C,Alentejo,NUTS II,1.º quartil,414.0
2022,1C1,Alentejo Litoral,NUTS III,1.º quartil,925.0
2022,1C10211,Odemira,Concelho,1.º quartil,871.0
2022,1C11501,Alcácer do Sal,Concelho,1.º quartil,633.0
2022,1C11505,Grândola,Concelho,1.º quartil,1111.0
2022,1941816,São Pedro do Sul,Concelho,1.º quartil,453.0
2022,1941817,Sátão,Concelho,1.º quartil,207.0
2022,1941821,Tondela,Concelho,1.º quartil,296.0
2022,1941822,Vila Nova de Paiva,Concelho,1.º quartil,138.0
2022,1941823,Viseu,Concelho,1.º quartil,746.0
2022,1941824,Vouzela,Concelho,1.º quartil,208.0
2022,195,Beira Baixa,NUTS III,1.º quartil,282.0
2022,1910101,Águeda,Concelho,1.º quartil,573.0
2022,1910102,Albergaria-a-Velha,Concelho,1.º quartil,571.0
2022,1910105,Aveiro,Concelho,1.º quartil,1154.0
2022,1910108,Estarreja,Concelho,1.º quartil,494.0
2022,1910110,Ílhavo,Concelho,1.º quartil,1061.0
2022,1910112,Murtosa,Concelho,1.º quartil,673.0
2022,1910114,Oliveira do Bairro,Concelho,1.º quartil,698.0
2022,1910115,Ovar,Concelho,1.º quartil,865.0
2022,1910117,Sever do Vouga,Concelho,1.º quartil,313.0
2022,1910118,Vagos,Concelho,1.º quartil,899.0
2022,192,Região de Coimbra,NUTS III,1.º quartil,615.0
2022,1920111,Mealhada,Concelho,1.º quartil,577.0
2022,1920601,Arganil,Concelho,1.º quartil,249.0
2022,1920602,Cantanhede,Concelho,1.º quartil,521.0
2022,1920603,Coimbra,Concelho,1.º quartil,1102.0
2022,1920604,Condeixa-a-Nova,Concelho,1.º quartil,665.0
2022,1920605,Figueira da Foz,Concelho,1.º quartil,871.0
2022,1920606,Góis,Concelho,1.º quartil,250.0
2022,1920607,Lousã,Concelho,1.º quartil,563.0
2022,1920608,Mira,Concelho,1.º quartil,745.0
2022,1920609,Miranda do Corvo,Concelho,1.º quartil,431.0
2022,1920610,Montemor-o-Velho,Concelho,1.º quartil,394.0
2022,2004701,Horta,Concelho,1.º quartil,670.0
2022,2004801,Lajes das Flores,Concelho,1.º quartil,339.0
2022,2004802,Santa Cruz das Flores,Concelho,1.º quartil,
2022,2004901,Corvo,Concelho,1.º quartil,
2022,3,Região Autónoma da Madeira,NUTS I,1.º quartil,1061.0
2022,30,Região Autónoma da Madeira,NUTS II,1.º quartil,1061.0
2022,300,Região Autónoma da Madeira,NUTS III,1.º quartil,1061.0
2022,3003101,Calheta (R.A.M.),Concelho,1.º quartil,681.0
2022,3003102,Câmara de Lobos,Concelho,1.º quartil,959.0
2022,3003103,Funchal,Concelho,1.º quartil,1486.0
2022,3003104,Machico,Concelho,1.º quartil,810.0
2022,3003105,Ponta do Sol,Concelho,1.º quartil,629.0
2022,3003106,Porto Moniz,Concelho,1.º quartil,425.0
2022,3003107,Ribeira Brava,Concelho,1.º quartil,656.0
2022,3003108,Santa Cruz,Concelho,1.º quartil,1086.0
2022,3003109,Santana,Concelho,1.º quartil,582.0
2022,3003110,São Vicente,Concelho,1.º quartil,640.0
2022,3003201,Porto Santo,Concelho,1.º quartil,1067.0
2022,PT,Portugal,Nacional,1.º quartil,906.0
2022,1111601,Arcos de Valdevez,Concelho,1.º quartil,400.0
2022,1,Continente,NUTS I,1.º quartil,909.0
2022,11,Norte,NUTS II,1.º quartil,859.0
2022,111,Alto Minho,NUTS III,1.º quartil,651.0
2022,1111602,Caminha,Concelho,1.º quartil,765.0
2022,1111603,Melgaço,Concelho,1.º quartil,229.0
2022,1111604,Monção,Concelho,1.º quartil,536.0
2022,1111605,Paredes de Coura,Concelho,1.º quartil,372.0
2022,1111610,Vila Nova de Cerveira,Concelho,1.º quartil,571.0
2022,112,Cávado,NUTS III,1.º quartil,909.0
2022,1120301,Amares,Concelho,1.º quartil,661.0
2022,1120302,Barcelos,Concelho,1.º quartil,839.0
2022,1120303,Braga,Concelho,1.º quartil,1022.0
2022,1120306,Esposende,Concelho,1.º quartil,1035.0
2022,1120310,Terras de Bouro,Concelho,1.º quartil,416.0
2022,1120313,Vila Verde,Concelho,1.º quartil,695.0
2022,119,Ave,NUTS III,1.º quartil,728.0
2022,1190304,Cabeceiras de Basto,Concelho,1.º quartil,384.0
2022,1190307,Fafe,Concelho,1.º quartil,572.0
2022,1111606,Ponte da Barca,Concelho,1.º quartil,472.0
2022,1920611,Oliveira do Hospital,Concelho,1.º quartil,320.0
2022,1920612,Pampilhosa da Serra,Concelho,1.º quartil,143.0
2022,1920613,Penacova,Concelho,1.º quartil,363.0
2022,1920614,Penela,Concelho,1.º quartil,316.0
2022,1920615,Soure,Concelho,1.º quartil,377.0
2022,1920616,Tábua,Concelho,1.º quartil,281.0
2022,1920617,Vila Nova de Poiares,Concelho,1.º quartil,438.0
2022,1921808,Mortágua,Concelho,1.º quartil,397.0
2022,193,Região de Leiria,NUTS III,1.º quartil,644.0
2022,1931002,Alvaiázere,Concelho,1.º quartil,218.0
2022,1931003,Ansião,Concelho,1.º quartil,246.0
2022,1931004,Batalha,Concelho,1.º quartil,516.0
2022,1931010,Marinha Grande,Concelho,1.º quartil,771.0
2022,1931007,Castanheira de Pêra,Concelho,1.º quartil,277.0
2022,1931008,Figueiró dos Vinhos,Concelho,1.º quartil,297.0
2022,1931009,Leiria,Concelho,1.º quartil,927.0
2022,1931013,Pedrógão Grande,Concelho,1.º quartil,211.0
2022,1931015,Pombal,Concelho,1.º quartil,450.0
2022,1931016,Porto de Mós,Concelho,1.º quartil,483.0
2022,194,Viseu Dão Lafões,NUTS III,1.º quartil,395.0
2022,1940901,Aguiar da Beira,Concelho,1.º quartil,140.0
2022,1941802,Carregal do Sal,Concelho,1.º quartil,292.0
2022,1941803,Castro Daire,Concelho,1.º quartil,223.0
2022,1941806,Mangualde,Concelho,1.º quartil,242.0
2022,1941809,Nelas,Concelho,1.º quartil,294.0
2022,1941810,Oliveira de Frades,Concelho,1.º quartil,314.0
2022,1941811,Penalva do Castelo,Concelho,1.º quartil,178.0
2022,1941814,Santa Comba Dão,Concelho,1.º quartil,331.0
2022,1A01115,Amadora,Concelho,1.º quartil,1686.0
2022,1A01116,Odivelas,Concelho,1.º quartil,1939.0
2022,1B,Península de Setúbal,NUTS II,1.º quartil,1364.0
2022,1B0,Península de Setúbal,NUTS III,1.º quartil,1364.0
2022,1B01502,Alcochete,Concelho,1.º quartil,1424.0
2022,1B01503,Almada,Concelho,1.º quartil,1753.0
2022,1B01504,Barreiro,Concelho,1.º quartil,1244.0
2022,1B01506,Moita,Concelho,1.º quartil,985.0
2022,1B01507,Montijo,Concelho,1.º quartil,1364.0
2022,1B01508,Palmela,Concelho,1.º quartil,1287.0
2022,1B01510,Seixal,Concelho,1.º quartil,1480.0
2022,1B01511,Sesimbra,Concelho,1.º quartil,1571.0
2022,1B01512,Setúbal,Concelho,1.º quartil,1300.0
2022,1C40710,Redondo,Concelho,1.º quartil,340.0
2022,1C40711,Reguengos de Monsaraz,Concelho,1.º quartil,519.0
2022,1C40712,Vendas Novas,Concelho,1.º quartil,791.0
2022,1C40713,Viana do Alentejo,Concelho,1.º quartil,416.0
2022,1C40714,Vila Viçosa,Concelho,1.º quartil,364.0
2022,1D,Oeste e Vale do Tejo,NUTS II,1.º quartil,621.0
2022,1D1,Oeste,NUTS III,1.º quartil,826.0
2022,1D11001,Alcobaça,Concelho,1.º quartil,656.0
2022,1D11005,Bombarral,Concelho,1.º quartil,524.0
2022,1D11006,Caldas da Rainha,Concelho,1.º quartil,988.0
2022,1D11011,Nazaré,Concelho,1.º quartil,1362.0
2022,1D11012,Óbidos,Concelho,1.º quartil,1088.0
2022,1D11014,Peniche,Concelho,1.º quartil,1072.0
2022,1D11101,Alenquer,Concelho,1.º quartil,681.0
2022,1C31212,Nisa,Concelho,1.º quartil,150.0
2022,1C31213,Ponte de Sor,Concelho,1.º quartil,435.0
2022,1C31214,Portalegre,Concelho,1.º quartil,354.0
2022,1C40702,Arraiolos,Concelho,1.º quartil,477.0
2022,1C31215,Sousel,Concelho,1.º quartil,203.0
2022,1C4,Alentejo Central,NUTS III,1.º quartil,511.0
2022,1C40701,Alandroal,Concelho,1.º quartil,371.0
2022,1C40703,Borba,Concelho,1.º quartil,340.0
2022,1C40704,Estremoz,Concelho,1.º quartil,363.0
2022,1C40705,Évora,Concelho,1.º quartil,1191.0
2022,1C40706,Montemor-o-Novo,Concelho,1.º quartil,580.0
2022,1C40707,Mora,Concelho,1.º quartil,303.0
2022,1C11509,Santiago do Cacém,Concelho,1.º quartil,912.0
2022,1C11513,Sines,Concelho,1.º quartil,1325.0
2022,1C2,Baixo Alentejo,NUTS III,1.º quartil,352.0
2022,1C20201,Aljustrel,Concelho,1.º quartil,353.0
2022,1C20202,Almodôvar,Concelho,1.º quartil,266.0
2022,1C20203,Alvito,Concelho,1.º quartil,346.0
2022,1C20204,Barrancos,Concelho,1.º quartil,
2022,1C20205,Beja,Concelho,1.º quartil,509.0
2022,1C20206,Castro Verde,Concelho,1.º quartil,346.0
2022,1C20207,Cuba,Concelho,1.º quartil,244.0
2022,1C20208,Ferreira do Alentejo,Concelho,1.º quartil,301.0
2022,1C20209,Mértola,Concelho,1.º quartil,146.0
2022,1C20210,Moura,Concelho,1.º quartil,365.0
2022,1C20212,Ourique,Concelho,1.º quartil,242.0
2022,1C20213,Serpa,Concelho,1.º quartil,375.0
2022,1C20214,Vidigueira,Concelho,1.º quartil,290.0
2022,1C3,Alto Alentejo,NUTS III,1.º quartil,255.0
2022,1C31201,Alter do Chão,Concelho,1.º quartil,192.0
2022,1C31202,Arronches,Concelho,1.º quartil,170.0
2022,1C31203,Avis,Concelho,1.º quartil,272.0
2022,1C31204,Campo Maior,Concelho,1.º quartil,244.0
2022,1C31205,Castelo de Vide,Concelho,1.º quartil,270.0
2022,1C31209,Gavião,Concelho,1.º quartil,152.0
2022,1C31206,Crato,Concelho,1.º quartil,200.0
2022,1C31207,Elvas,Concelho,1.º quartil,287.0
2022,1C31208,Fronteira,Concelho,1.º quartil,233.0
2022,1C31210,Marvão,Concelho,1.º quartil,247.0
2022,1C31211,Monforte,Concelho,1.º quartil,163.0
2022,1C40708,Mourão,Concelho,1.º quartil,385.0
2022,1C40709,Portel,Concelho,1.º quartil,273.0
2022,1D11102,Arruda dos Vinhos,Concelho,1.º quartil,937.0
2022,1D11104,Cadaval,Concelho,1.º quartil,471.0
2022,1D11108,Lourinhã,Concelho,1.º quartil,838.0
2022,1D11112,Sobral de Monte Agraço,Concelho,1.º quartil,604.0
2022,1D11113,Torres Vedras,Concelho,1.º quartil,933.0
2022,1D2,Médio Tejo,NUTS III,1.º quartil,444.0
2022,1D21401,Abrantes,Concelho,1.º quartil,310.0
2022,1D21402,Alcanena,Concelho,1.º quartil,309.0
2022,1D21408,Constância,Concelho,1.º quartil,388.0
2022,1D21410,Entroncamento,Concelho,1.º quartil,648.0
2022,1D21411,Ferreira do Zêzere,Concelho,1.º quartil,423.0
2022,1D21413,Mação,Concelho,1.º quartil,122.0
2022,1D21417,Sardoal,Concelho,1.º quartil,172.0
2022,1D21418,Tomar,Concelho,1.º quartil,460.0
2022,1D21419,Torres Novas,Concelho,1.º quartil,435.0
2022,1D21420,Vila Nova da Barquinha,Concelho,1.º quartil,525.0
2022,1D21421,Ourém,Concelho,1.º quartil,633.0
2022,1D31103,Azambuja,Concelho,1.º quartil,708.0
2022,1D31403,Almeirim,Concelho,1.º quartil,630.0
2022,1D31404,Alpiarça,Concelho,1.º quartil,437.0
2022,1D31405,Benavente,Concelho,1.º quartil,915.0
2022,1D31406,Cartaxo,Concelho,1.º quartil,635.0
2022,1D31407,Chamusca,Concelho,1.º quartil,248.0
2022,1D31409,Coruche,Concelho,1.º quartil,458.0
2022,1D31412,Golegã,Concelho,1.º quartil,486.0
2022,1D31416,Santarém,Concelho,1.º quartil,580.0
2022,1D31414,Rio Maior,Concelho,1.º quartil,505.0
2022,1D3,Lezíria do Tejo,NUTS III,1.º quartil,601.0
2022,1D31415,Salvaterra de Magos,Concelho,1.º quartil,776.0
2022,2,Região Autónoma dos Açores,NUTS I,1.º quartil,654.0
2022,20,Região Autónoma dos Açores,NUTS II,1.º quartil,654.0
2022,200,Região Autónoma dos Açores,NUTS III,1.º quartil,654.0
2022,2004101,Vila do Porto,Concelho,1.º quartil,715.0
2022,2004201,Lagoa (R.A.A.),Concelho,1.º quartil,890.0
2022,2004202,Nordeste,Concelho,1.º quartil,363.0
2022,2004203,Ponta Delgada,Concelho,1.º quartil,963.0
2022,2004204,Povoação,Concelho,1.º quartil,515.0
2022,1111607,Ponte de Lima,Concelho,1.º quartil,669.0
2022,11D1815,São João da Pesqueira,Concelho,1.º quartil,181.0
2022,1111608,Valença,Concelho,1.º quartil,543.0
2022,1111609,Viana do Castelo,Concelho,1.º quartil,956.0
2022,1190308,Guimarães,Concelho,1.º quartil,813.0
2022,11D1818,Sernancelhe,Concelho,1.º quartil,75.0
2022,11D1819,Tabuaço,Concelho,1.º quartil,158.0
2022,11D1820,Tarouca,Concelho,1.º quartil,432.0
2022,11E,Terras de Trás-os-Montes,NUTS III,1.º quartil,412.0
2022,11E0401,Alfândega da Fé,Concelho,1.º quartil,167.0
2022,11E0402,Bragança,Concelho,1.º quartil,576.0
2022,11E0405,Macedo de Cavaleiros,Concelho,1.º quartil,338.0
2022,11E0406,Miranda do Douro,Concelho,1.º quartil,218.0
2022,11E0407,Mirandela,Concelho,1.º quartil,459.0
2022,11E0408,Mogadouro,Concelho,1.º quartil,162.0
2022,11E0410,Vila Flor,Concelho,1.º quartil,196.0
2022,11E0411,Vimioso,Concelho,1.º quartil,
2022,11E0412,Vinhais,Concelho,1.º quartil,188.0
2022,15,Algarve,NUTS II,1.º quartil,1736.0
2022,150,Algarve,NUTS III,1.º quartil,1736.0
2022,1500801,Albufeira,Concelho,1.º quartil,1999.0
2022,1500802,Alcoutim,Concelho,1.º quartil,314.0
2022,1500803,Aljezur,Concelho,1.º quartil,1879.0
2022,1500804,Castro Marim,Concelho,1.º quartil,1360.0
2022,1500805,Faro,Concelho,1.º quartil,1717.0
2022,1500806,Lagoa,Concelho,1.º quartil,1788.0
2022,1500807,Lagos,Concelho,1.º quartil,2094.0
2022,1500808,Loulé,Concelho,1.º quartil,2090.0
2022,1500809,Monchique,Concelho,1.º quartil,605.0
2022,1500810,Olhão,Concelho,1.º quartil,1454.0
2022,1500811,Portimão,Concelho,1.º quartil,1732.0
2022,1500812,São Brás de Alportel,Concelho,1.º quartil,1279.0
2022,1500813,Silves,Concelho,1.º quartil,1374.0
2022,1500814,Tavira,Concelho,1.º quartil,1949.0
2022,1500815,Vila do Bispo,Concelho,1.º quartil,1556.0
2022,1500816,Vila Real de Santo António,Concelho,1.º quartil,1478.0
2022,19,Centro,NUTS II,1.º quartil,516.0
2022,1910103,Anadia,Concelho,1.º quartil,422.0
2022,191,Região de Aveiro,NUTS III,1.º quartil,779.0
2022,2004205,Ribeira Grande,Concelho,1.º quartil,660.0
2022,2004206,Vila Franca do Campo,Concelho,1.º quartil,668.0
2022,2004301,Angra do Heroísmo,Concelho,1.º quartil,640.0
2022,2004302,Vila da Praia da Vitória,Concelho,1.º quartil,508.0
2022,2004401,Santa Cruz da Graciosa,Concelho,1.º quartil,173.0
2022,2004501,Calheta (R.A.A.),Concelho,1.º quartil,
2022,2004502,Velas,Concelho,1.º quartil,348.0
2022,2004601,Lajes do Pico,Concelho,1.º quartil,380.0
2022,2004602,Madalena,Concelho,1.º quartil,393.0
2022,2004603,São Roque do Pico,Concelho,1.º quartil,495.0
2022,11D0914,Vila Nova de Foz Côa,Concelho,1.º quartil,153.0
2022,11D1704,Mesão Frio,Concelho,1.º quartil,250.0
2022,11D1707,Murça,Concelho,1.º quartil,201.0
2022,11D1701,Alijó,Concelho,1.º quartil,200.0
2022,11D1708,Peso da Régua,Concelho,1.º quartil,500.0
2022,11D1710,Sabrosa,Concelho,1.º quartil,250.0
2022,11B1706,Montalegre,Concelho,1.º quartil,333.0
2022,11B1709,Ribeira de Pena,Concelho,1.º quartil,200.0
2022,11B1712,Valpaços,Concelho,1.º quartil,200.0
2022,11B1713,Vila Pouca de Aguiar,Concelho,1.º quartil,393.0
2022,11C,Tâmega e Sousa,NUTS III,1.º quartil,526.0
2022,11C0106,Castelo de Paiva,Concelho,1.º quartil,425.0
2022,11C0305,Celorico de Basto,Concelho,1.º quartil,303.0
2022,11A0104,Arouca,Concelho,1.º quartil,339.0
2022,11A0113,Oliveira de Azeméis,Concelho,1.º quartil,625.0
2022,11A0116,São João da Madeira,Concelho,1.º quartil,804.0
2022,11A0119,Vale de Cambra,Concelho,1.º quartil,656.0
2022,11A1304,Gondomar,Concelho,1.º quartil,1189.0
2022,11A1306,Maia,Concelho,1.º quartil,1355.0
2022,11A1308,Matosinhos,Concelho,1.º quartil,1625.0
2022,11A1310,Paredes,Concelho,1.º quartil,712.0
2022,11A1312,Porto,Concelho,1.º quartil,1851.0
2022,11A1313,Póvoa de Varzim,Concelho,1.º quartil,1268.0
2022,11A1314,Santo Tirso,Concelho,1.º quartil,684.0
2022,11A1315,Valongo,Concelho,1.º quartil,1136.0
2022,11A1316,Vila do Conde,Concelho,1.º quartil,1216.0
2022,11A1317,Vila Nova de Gaia,Concelho,1.º quartil,1292.0
2022,11A1318,Trofa,Concelho,1.º quartil,883.0
2022,11B,Alto Tâmega e Barroso,NUTS III,1.º quartil,403.0
2022,11B1702,Boticas,Concelho,1.º quartil,321.0
2022,11B1703,Chaves,Concelho,1.º quartil,630.0
2022,1950502,Castelo Branco,Concelho,2.º quartil,731.0
2022,1950505,Idanha-a-Nova,Concelho,2.º quartil,312.0
2022,1950506,Oleiros,Concelho,2.º quartil,409.0
2022,1950507,Penamacor,Concelho,2.º quartil,261.0
2022,1950508,Proença-a-Nova,Concelho,2.º quartil,588.0
2022,1950509,Sertã,Concelho,2.º quartil,760.0
2022,1950510,Vila de Rei,Concelho,2.º quartil,439.0
2022,1950511,Vila Velha de Ródão,Concelho,2.º quartil,234.0
2022,196,Beiras e Serra da Estrela,NUTS III,2.º quartil,570.0
2022,1960501,Belmonte,Concelho,2.º quartil,501.0
2022,1960503,Covilhã,Concelho,2.º quartil,776.0
2022,1960504,Fundão,Concelho,2.º quartil,556.0
2022,1190311,Vieira do Minho,Concelho,2.º quartil,608.0
2022,1960902,Almeida,Concelho,2.º quartil,233.0
2022,1960903,Celorico da Beira,Concelho,2.º quartil,370.0
2022,1190309,Póvoa de Lanhoso,Concelho,2.º quartil,918.0
2022,1190312,Vila Nova de Famalicão,Concelho,2.º quartil,1136.0
2022,1190314,Vizela,Concelho,2.º quartil,969.0
2022,1191705,Mondim de Basto,Concelho,2.º quartil,593.0
2022,11A,Área Metropolitana do Porto,NUTS III,2.º quartil,1607.0
2022,11A0107,Espinho,Concelho,2.º quartil,1645.0
2022,11A0109,Santa Maria da Feira,Concelho,2.º quartil,1125.0
2022,11D0403,Carrazeda de Ansiães,Concelho,2.º quartil,361.0
2022,11D0404,Freixo de Espada à Cinta,Concelho,2.º quartil,
2022,11D0409,Torre de Moncorvo,Concelho,2.º quartil,358.0
2022,11D1711,Santa Marta de Penaguião,Concelho,2.º quartil,408.0
2022,11D1714,Vila Real,Concelho,2.º quartil,1198.0
2022,11D1801,Armamar,Concelho,2.º quartil,203.0
2022,11D1805,Lamego,Concelho,2.º quartil,766.0
2022,11D1807,Moimenta da Beira,Concelho,2.º quartil,368.0
2022,11D1812,Penedono,Concelho,2.º quartil,
2022,1960904,Figueira de Castelo Rodrigo,Concelho,2.º quartil,192.0
2022,1960905,Fornos de Algodres,Concelho,2.º quartil,218.0
2022,1960906,Gouveia,Concelho,2.º quartil,416.0
2022,1960907,Guarda,Concelho,2.º quartil,746.0
2022,1960908,Manteigas,Concelho,2.º quartil,366.0
2022,1960909,Mêda,Concelho,2.º quartil,234.0
2022,1960910,Pinhel,Concelho,2.º quartil,264.0
2022,1960911,Sabugal,Concelho,2.º quartil,297.0
2022,1960912,Seia,Concelho,2.º quartil,489.0
2022,1960913,Trancoso,Concelho,2.º quartil,345.0
2022,1A01106,Lisboa,Concelho,2.º quartil,3872.0
2022,1A,Grande Lisboa,NUTS II,2.º quartil,2454.0
2022,1A0,Grande Lisboa,NUTS III,2.º quartil,2454.0
2022,11C1305,Lousada,Concelho,2.º quartil,897.0
2022,11C1301,Amarante,Concelho,2.º quartil,928.0
2022,11C1302,Baião,Concelho,2.º quartil,700.0
2022,11C1303,Felgueiras,Concelho,2.º quartil,848.0
2022,11C1307,Marco de Canaveses,Concelho,2.º quartil,860.0
2022,11C1309,Paços de Ferreira,Concelho,2.º quartil,965.0
2022,11C1311,Penafiel,Concelho,2.º quartil,915.0
2022,11C1804,Cinfães,Concelho,2.º quartil,466.0
2022,11C1813,Resende,Concelho,2.º quartil,408.0
2022,11D,Douro,NUTS III,2.º quartil,653.0
2022,1A01105,Cascais,Concelho,2.º quartil,3473.0
2022,1A01107,Loures,Concelho,2.º quartil,2155.0
2022,1A01109,Mafra,Concelho,2.º quartil,2065.0
2022,1A01110,Oeiras,Concelho,2.º quartil,3001.0
2022,1A01111,Sintra,Concelho,2.º quartil,1816.0
2022,1A01114,Vila Franca de Xira,Concelho,2.º quartil,1750.0
2022,1C,Alentejo,NUTS II,2.º quartil,795.0
2022,1C1,Alentejo Litoral,NUTS III,2.º quartil,1431.0
2022,1C10211,Odemira,Concelho,2.º quartil,1477.0
2022,1C11501,Alcácer do Sal,Concelho,2.º quartil,1151.0
2022,1C11505,Grândola,Concelho,2.º quartil,1722.0
2022,1941816,São Pedro do Sul,Concelho,2.º quartil,794.0
2022,1941817,Sátão,Concelho,2.º quartil,481.0
2022,1941821,Tondela,Concelho,2.º quartil,639.0
2022,1941822,Vila Nova de Paiva,Concelho,2.º quartil,279.0
2022,1941823,Viseu,Concelho,2.º quartil,1150.0
2022,1941824,Vouzela,Concelho,2.º quartil,439.0
2022,195,Beira Baixa,NUTS III,2.º quartil,618.0
2022,1910101,Águeda,Concelho,2.º quartil,876.0
2022,1910102,Albergaria-a-Velha,Concelho,2.º quartil,970.0
2022,1910105,Aveiro,Concelho,2.º quartil,1613.0
2022,1910108,Estarreja,Concelho,2.º quartil,857.0
2022,1910110,Ílhavo,Concelho,2.º quartil,1450.0
2022,1910112,Murtosa,Concelho,2.º quartil,1045.0
2022,1910114,Oliveira do Bairro,Concelho,2.º quartil,922.0
2022,1910115,Ovar,Concelho,2.º quartil,1241.0
2022,1910117,Sever do Vouga,Concelho,2.º quartil,487.0
2022,1910118,Vagos,Concelho,2.º quartil,1162.0
2022,192,Região de Coimbra,NUTS III,2.º quartil,1043.0
2022,1920111,Mealhada,Concelho,2.º quartil,869.0
2022,1920601,Arganil,Concelho,2.º quartil,473.0
2022,1920602,Cantanhede,Concelho,2.º quartil,803.0
2022,1920603,Coimbra,Concelho,2.º quartil,1664.0
2022,1920604,Condeixa-a-Nova,Concelho,2.º quartil,1054.0
2022,1920605,Figueira da Foz,Concelho,2.º quartil,1208.0
2022,1920606,Góis,Concelho,2.º quartil,538.0
2022,1920607,Lousã,Concelho,2.º quartil,855.0
2022,1920608,Mira,Concelho,2.º quartil,1182.0
2022,1920609,Miranda do Corvo,Concelho,2.º quartil,642.0
2022,1920610,Montemor-o-Velho,Concelho,2.º quartil,760.0
2022,2004701,Horta,Concelho,2.º quartil,1049.0
2022,2004801,Lajes das Flores,Concelho,2.º quartil,597.0
2022,2004802,Santa Cruz das Flores,Concelho,2.º quartil,
2022,2004901,Corvo,Concelho,2.º quartil,
2022,3,Região Autónoma da Madeira,NUTS I,2.º quartil,1571.0
2022,30,Região Autónoma da Madeira,NUTS II,2.º quartil,1571.0
2022,300,Região Autónoma da Madeira,NUTS III,2.º quartil,1571.0
2022,3003101,Calheta (R.A.M.),Concelho,2.º quartil,1317.0
2022,3003102,Câmara de Lobos,Concelho,2.º quartil,1401.0
2022,3003103,Funchal,Concelho,2.º quartil,2109.0
2022,3003104,Machico,Concelho,2.º quartil,1290.0
2022,3003105,Ponta do Sol,Concelho,2.º quartil,1198.0
2022,3003106,Porto Moniz,Concelho,2.º quartil,707.0
2022,3003107,Ribeira Brava,Concelho,2.º quartil,981.0
2022,3003108,Santa Cruz,Concelho,2.º quartil,1416.0
2022,3003109,Santana,Concelho,2.º quartil,816.0
2022,3003110,São Vicente,Concelho,2.º quartil,1068.0
2022,3003201,Porto Santo,Concelho,2.º quartil,1323.0
2022,PT,Portugal,Nacional,2.º quartil,1484.0
2022,1111601,Arcos de Valdevez,Concelho,2.º quartil,778.0
2022,1,Continente,NUTS I,2.º quartil,1492.0
2022,11,Norte,NUTS II,2.º quartil,1282.0
2022,111,Alto Minho,NUTS III,2.º quartil,1064.0
2022,1111602,Caminha,Concelho,2.º quartil,1201.0
2022,1111603,Melgaço,Concelho,2.º quartil,359.0
2022,1111604,Monção,Concelho,2.º quartil,967.0
2022,1111605,Paredes de Coura,Concelho,2.º quartil,587.0
2022,1111610,Vila Nova de Cerveira,Concelho,2.º quartil,889.0
2022,112,Cávado,NUTS III,2.º quartil,1230.0
2022,1120301,Amares,Concelho,2.º quartil,967.0
2022,1120302,Barcelos,Concelho,2.º quartil,1126.0
2022,1120303,Braga,Concelho,2.º quartil,1330.0
2022,1120306,Esposende,Concelho,2.º quartil,1359.0
2022,1120310,Terras de Bouro,Concelho,2.º quartil,845.0
2022,1120313,Vila Verde,Concelho,2.º quartil,1013.0
2022,119,Ave,NUTS III,2.º quartil,1050.0
2022,1190304,Cabeceiras de Basto,Concelho,2.º quartil,801.0
2022,1190307,Fafe,Concelho,2.º quartil,875.0
2022,1111606,Ponte da Barca,Concelho,2.º quartil,915.0
2022,1920611,Oliveira do Hospital,Concelho,2.º quartil,656.0
2022,1920612,Pampilhosa da Serra,Concelho,2.º quartil,333.0
2022,1920613,Penacova,Concelho,2.º quartil,580.0
2022,1920614,Penela,Concelho,2.º quartil,663.0
2022,1920615,Soure,Concelho,2.º quartil,669.0
2022,1920616,Tábua,Concelho,2.º quartil,604.0
2022,1920617,Vila Nova de Poiares,Concelho,2.º quartil,661.0
2022,1921808,Mortágua,Concelho,2.º quartil,637.0
2022,193,Região de Leiria,NUTS III,2.º quartil,1009.0
2022,1931002,Alvaiázere,Concelho,2.º quartil,396.0
2022,1931003,Ansião,Concelho,2.º quartil,620.0
2022,1931004,Batalha,Concelho,2.º quartil,940.0
2022,1931010,Marinha Grande,Concelho,2.º quartil,977.0
2022,1931007,Castanheira de Pêra,Concelho,2.º quartil,393.0
2022,1931008,Figueiró dos Vinhos,Concelho,2.º quartil,517.0
2022,1931009,Leiria,Concelho,2.º quartil,1247.0
2022,1931013,Pedrógão Grande,Concelho,2.º quartil,481.0
2022,1931015,Pombal,Concelho,2.º quartil,868.0
2022,1931016,Porto de Mós,Concelho,2.º quartil,737.0
2022,194,Viseu Dão Lafões,NUTS III,2.º quartil,767.0
2022,1940901,Aguiar da Beira,Concelho,2.º quartil,340.0
2022,1941802,Carregal do Sal,Concelho,2.º quartil,522.0
2022,1941803,Castro Daire,Concelho,2.º quartil,528.0
2022,1941806,Mangualde,Concelho,2.º quartil,553.0
2022,1941809,Nelas,Concelho,2.º quartil,539.0
2022,1941810,Oliveira de Frades,Concelho,2.º quartil,683.0
2022,1941811,Penalva do Castelo,Concelho,2.º quartil,441.0
2022,1941814,Santa Comba Dão,Concelho,2.º quartil,541.0
2022,1A01115,Amadora,Concelho,2.º quartil,2049.0
2022,1A01116,Odivelas,Concelho,2.º quartil,2355.0
2022,1B,Península de Setúbal,NUTS II,2.º quartil,1709.0
2022,1B0,Península de Setúbal,NUTS III,2.º quartil,1709.0
2022,1B01502,Alcochete,Concelho,2.º quartil,1867.0
2022,1B01503,Almada,Concelho,2.º quartil,2179.0
2022,1B01504,Barreiro,Concelho,2.º quartil,1512.0
2022,1B01506,Moita,Concelho,2.º quartil,1280.0
2022,1B01507,Montijo,Concelho,2.º quartil,1710.0
2022,1B01508,Palmela,Concelho,2.º quartil,1556.0
2022,1B01510,Seixal,Concelho,2.º quartil,1761.0
2022,1B01511,Sesimbra,Concelho,2.º quartil,1956.0
2022,1B01512,Setúbal,Concelho,2.º quartil,1648.0
2022,1C40710,Redondo,Concelho,2.º quartil,557.0
2022,1C40711,Reguengos de Monsaraz,Concelho,2.º quartil,816.0
2022,1C40712,Vendas Novas,Concelho,2.º quartil,1048.0
2022,1C40713,Viana do Alentejo,Concelho,2.º quartil,662.0
2022,1C40714,Vila Viçosa,Concelho,2.º quartil,624.0
2022,1D,Oeste e Vale do Tejo,NUTS II,2.º quartil,1010.0
2022,1D1,Oeste,NUTS III,2.º quartil,1297.0
2022,1D11001,Alcobaça,Concelho,2.º quartil,1065.0
2022,1D11005,Bombarral,Concelho,2.º quartil,956.0
2022,1D11006,Caldas da Rainha,Concelho,2.º quartil,1320.0
2022,1D11011,Nazaré,Concelho,2.º quartil,1870.0
2022,1D11012,Óbidos,Concelho,2.º quartil,1618.0
2022,1D11014,Peniche,Concelho,2.º quartil,1429.0
2022,1D11101,Alenquer,Concelho,2.º quartil,1165.0
2022,1C31212,Nisa,Concelho,2.º quartil,345.0
2022,1C31213,Ponte de Sor,Concelho,2.º quartil,688.0
2022,1C31214,Portalegre,Concelho,2.º quartil,691.0
2022,1C40702,Arraiolos,Concelho,2.º quartil,688.0
2022,1C31215,Sousel,Concelho,2.º quartil,368.0
2022,1C4,Alentejo Central,NUTS III,2.º quartil,917.0
2022,1C40701,Alandroal,Concelho,2.º quartil,602.0
2022,1C40703,Borba,Concelho,2.º quartil,615.0
2022,1C40704,Estremoz,Concelho,2.º quartil,707.0
2022,1C40705,Évora,Concelho,2.º quartil,1635.0
2022,1C40706,Montemor-o-Novo,Concelho,2.º quartil,942.0
2022,1C40707,Mora,Concelho,2.º quartil,528.0
2022,1C11509,Santiago do Cacém,Concelho,2.º quartil,1321.0
2022,1C11513,Sines,Concelho,2.º quartil,1659.0
2022,1C2,Baixo Alentejo,NUTS III,2.º quartil,646.0
2022,1C20201,Aljustrel,Concelho,2.º quartil,658.0
2022,1C20202,Almodôvar,Concelho,2.º quartil,579.0
2022,1C20203,Alvito,Concelho,2.º quartil,658.0
2022,1C20204,Barrancos,Concelho,2.º quartil,
2022,1C20205,Beja,Concelho,2.º quartil,839.0
2022,1C20206,Castro Verde,Concelho,2.º quartil,633.0
2022,1C20207,Cuba,Concelho,2.º quartil,580.0
2022,1C20208,Ferreira do Alentejo,Concelho,2.º quartil,512.0
2022,1C20209,Mértola,Concelho,2.º quartil,409.0
2022,1C20210,Moura,Concelho,2.º quartil,562.0
2022,1C20212,Ourique,Concelho,2.º quartil,558.0
2022,1C20213,Serpa,Concelho,2.º quartil,640.0
2022,1C20214,Vidigueira,Concelho,2.º quartil,472.0
2022,1C3,Alto Alentejo,NUTS III,2.º quartil,500.0
2022,1C31201,Alter do Chão,Concelho,2.º quartil,379.0
2022,1C31202,Arronches,Concelho,2.º quartil,526.0
2022,1C31203,Avis,Concelho,2.º quartil,443.0
2022,1C31204,Campo Maior,Concelho,2.º quartil,524.0
2022,1C31205,Castelo de Vide,Concelho,2.º quartil,429.0
2022,1C31209,Gavião,Concelho,2.º quartil,353.0
2022,1C31206,Crato,Concelho,2.º quartil,369.0
2022,1C31207,Elvas,Concelho,2.º quartil,578.0
2022,1C31208,Fronteira,Concelho,2.º quartil,417.0
2022,1C31210,Marvão,Concelho,2.º quartil,451.0
2022,1C31211,Monforte,Concelho,2.º quartil,421.0
2022,1C40708,Mourão,Concelho,2.º quartil,678.0
2022,1C40709,Portel,Concelho,2.º quartil,418.0
2022,1D11102,Arruda dos Vinhos,Concelho,2.º quartil,1447.0
2022,1D11104,Cadaval,Concelho,2.º quartil,839.0
2022,1D11108,Lourinhã,Concelho,2.º quartil,1268.0
2022,1D11112,Sobral de Monte Agraço,Concelho,2.º quartil,1030.0
2022,1D11113,Torres Vedras,Concelho,2.º quartil,1494.0
2022,1D2,Médio Tejo,NUTS III,2.º quartil,740.0
2022,1D21401,Abrantes,Concelho,2.º quartil,550.0
2022,1D21402,Alcanena,Concelho,2.º quartil,487.0
2022,1D21408,Constância,Concelho,2.º quartil,692.0
2022,1D21410,Entroncamento,Concelho,2.º quartil,848.0
2022,1D21411,Ferreira do Zêzere,Concelho,2.º quartil,718.0
2022,1D21413,Mação,Concelho,2.º quartil,297.0
2022,1D21417,Sardoal,Concelho,2.º quartil,405.0
2022,1D21418,Tomar,Concelho,2.º quartil,822.0
2022,1D21419,Torres Novas,Concelho,2.º quartil,740.0
2022,1D21420,Vila Nova da Barquinha,Concelho,2.º quartil,797.0
2022,1D21421,Ourém,Concelho,2.º quartil,934.0
2022,1D31103,Azambuja,Concelho,2.º quartil,1098.0
2022,1D31403,Almeirim,Concelho,2.º quartil,850.0
2022,1D31404,Alpiarça,Concelho,2.º quartil,667.0
2022,1D31405,Benavente,Concelho,2.º quartil,1187.0
2022,1D31406,Cartaxo,Concelho,2.º quartil,915.0
2022,1D31407,Chamusca,Concelho,2.º quartil,553.0
2022,1D31409,Coruche,Concelho,2.º quartil,825.0
2022,1D31412,Golegã,Concelho,2.º quartil,787.0
2022,1D31416,Santarém,Concelho,2.º quartil,897.0
2022,1D31414,Rio Maior,Concelho,2.º quartil,833.0
2022,1D3,Lezíria do Tejo,NUTS III,2.º quartil,935.0
2022,1D31415,Salvaterra de Magos,Concelho,2.º quartil,1182.0
2022,2,Região Autónoma dos Açores,NUTS I,2.º quartil,1034.0
2022,20,Região Autónoma dos Açores,NUTS II,2.º quartil,1034.0
2022,200,Região Autónoma dos Açores,NUTS III,2.º quartil,1034.0
2022,2004101,Vila do Porto,Concelho,2.º quartil,1098.0
2022,2004201,Lagoa (R.A.A.),Concelho,2.º quartil,1298.0
2022,2004202,Nordeste,Concelho,2.º quartil,615.0
2022,2004203,Ponta Delgada,Concelho,2.º quartil,1319.0
2022,2004204,Povoação,Concelho,2.º quartil,759.0
2022,1111607,Ponte de Lima,Concelho,2.º quartil,1142.0
2022,11D1815,São João da Pesqueira,Concelho,2.º quartil,363.0
2022,1111608,Valença,Concelho,2.º quartil,841.0
2022,1111609,Viana do Castelo,Concelho,2.º quartil,1297.0
2022,1190308,Guimarães,Concelho,2.º quartil,1115.0
2022,11D1818,Sernancelhe,Concelho,2.º quartil,208.0
2022,11D1819,Tabuaço,Concelho,2.º quartil,443.0
2022,11D1820,Tarouca,Concelho,2.º quartil,626.0
2022,11E,Terras de Trás-os-Montes,NUTS III,2.º quartil,705.0
2022,11E0401,Alfândega da Fé,Concelho,2.º quartil,407.0
2022,11E0402,Bragança,Concelho,2.º quartil,850.0
2022,11E0405,Macedo de Cavaleiros,Concelho,2.º quartil,596.0
2022,11E0406,Miranda do Douro,Concelho,2.º quartil,358.0
2022,11E0407,Mirandela,Concelho,2.º quartil,783.0
2022,11E0408,Mogadouro,Concelho,2.º quartil,418.0
2022,11E0410,Vila Flor,Concelho,2.º quartil,347.0
2022,11E0411,Vimioso,Concelho,2.º quartil,
2022,11E0412,Vinhais,Concelho,2.º quartil,427.0
2022,15,Algarve,NUTS II,2.º quartil,2339.0
2022,150,Algarve,NUTS III,2.º quartil,2339.0
2022,1500801,Albufeira,Concelho,2.º quartil,2532.0
2022,1500802,Alcoutim,Concelho,2.º quartil,518.0
2022,1500803,Aljezur,Concelho,2.º quartil,2553.0
2022,1500804,Castro Marim,Concelho,2.º quartil,1981.0
2022,1500805,Faro,Concelho,2.º quartil,2257.0
2022,1500806,Lagoa,Concelho,2.º quartil,2382.0
2022,1500807,Lagos,Concelho,2.º quartil,2678.0
2022,1500808,Loulé,Concelho,2.º quartil,2910.0
2022,1500809,Monchique,Concelho,2.º quartil,1114.0
2022,1500810,Olhão,Concelho,2.º quartil,1884.0
2022,1500811,Portimão,Concelho,2.º quartil,2219.0
2022,1500812,São Brás de Alportel,Concelho,2.º quartil,1793.0
2022,1500813,Silves,Concelho,2.º quartil,1919.0
2022,1500814,Tavira,Concelho,2.º quartil,2386.0
2022,1500815,Vila do Bispo,Concelho,2.º quartil,2404.0
2022,1500816,Vila Real de Santo António,Concelho,2.º quartil,1969.0
2022,19,Centro,NUTS II,2.º quartil,922.0
2022,1910103,Anadia,Concelho,2.º quartil,761.0
2022,191,Região de Aveiro,NUTS III,2.º quartil,1158.0
2022,2004205,Ribeira Grande,Concelho,2.º quartil,985.0
2022,2004206,Vila Franca do Campo,Concelho,2.º quartil,1057.0
2022,2004301,Angra do Heroísmo,Concelho,2.º quartil,947.0
2022,2004302,Vila da Praia da Vitória,Concelho,2.º quartil,837.0
2022,2004401,Santa Cruz da Graciosa,Concelho,2.º quartil,264.0
2022,2004501,Calheta (R.A.A.),Concelho,2.º quartil,
2022,2004502,Velas,Concelho,2.º quartil,597.0
2022,2004601,Lajes do Pico,Concelho,2.º quartil,802.0
2022,2004602,Madalena,Concelho,2.º quartil,676.0
2022,2004603,São Roque do Pico,Concelho,2.º quartil,1190.0
2022,11D0914,Vila Nova de Foz Côa,Concelho,2.º quartil,357.0
2022,11D1704,Mesão Frio,Concelho,2.º quartil,536.0
2022,11D1707,Murça,Concelho,2.º quartil,485.0
2022,11D1701,Alijó,Concelho,2.º quartil,600.0
2022,11D1708,Peso da Régua,Concelho,2.º quartil,838.0
2022,11D1710,Sabrosa,Concelho,2.º quartil,423.0
2022,11B1706,Montalegre,Concelho,2.º quartil,581.0
2022,11B1709,Ribeira de Pena,Concelho,2.º quartil,403.0
2022,11B1712,Valpaços,Concelho,2.º quartil,469.0
2022,11B1713,Vila Pouca de Aguiar,Concelho,2.º quartil,625.0
2022,11C,Tâmega e Sousa,NUTS III,2.º quartil,859.0
2022,11C0106,Castelo de Paiva,Concelho,2.º quartil,917.0
2022,11C0305,Celorico de Basto,Concelho,2.º quartil,632.0
2022,11A0104,Arouca,Concelho,2.º quartil,816.0
2022,11A0113,Oliveira de Azeméis,Concelho,2.º quartil,921.0
2022,11A0116,São João da Madeira,Concelho,2.º quartil,1054.0
2022,11A0119,Vale de Cambra,Concelho,2.º quartil,1030.0
2022,11A1304,Gondomar,Concelho,2.º quartil,1479.0
2022,11A1306,Maia,Concelho,2.º quartil,1613.0
2022,11A1308,Matosinhos,Concelho,2.º quartil,2089.0
2022,11A1310,Paredes,Concelho,2.º quartil,1005.0
2022,11A1312,Porto,Concelho,2.º quartil,2568.0
2022,11A1313,Póvoa de Varzim,Concelho,2.º quartil,1641.0
2022,11A1314,Santo Tirso,Concelho,2.º quartil,986.0
2022,11A1315,Valongo,Concelho,2.º quartil,1391.0
2022,11A1316,Vila do Conde,Concelho,2.º quartil,1586.0
2022,11A1317,Vila Nova de Gaia,Concelho,2.º quartil,1648.0
2022,11A1318,Trofa,Concelho,2.º quartil,1221.0
2022,11B,Alto Tâmega e Barroso,NUTS III,2.º quartil,738.0
2022,11B1702,Boticas,Concelho,2.º quartil,490.0
2022,11B1703,Chaves,Concelho,2.º quartil,916.0
2022,1950502,Castelo Branco,Concelho,3.º quartil,1032.0
2022,1950505,Idanha-a-Nova,Concelho,3.º quartil,548.0
2022,1950506,Oleiros,Concelho,3.º quartil,687.0
2022,1950507,Penamacor,Concelho,3.º quartil,480.0
2022,1950508,Proença-a-Nova,Concelho,3.º quartil,753.0
2022,1950509,Sertã,Concelho,3.º quartil,1025.0
2022,1950510,Vila de Rei,Concelho,3.º quartil,917.0
2022,1950511,Vila Velha de Ródão,Concelho,3.º quartil,461.0
2022,196,Beiras e Serra da Estrela,NUTS III,3.º quartil,900.0
2022,1960501,Belmonte,Concelho,3.º quartil,845.0
2022,1960503,Covilhã,Concelho,3.º quartil,1091.0
2022,1960504,Fundão,Concelho,3.º quartil,931.0
2022,1190311,Vieira do Minho,Concelho,3.º quartil,1107.0
2022,1960902,Almeida,Concelho,3.º quartil,387.0
2022,1960903,Celorico da Beira,Concelho,3.º quartil,668.0
2022,1190309,Póvoa de Lanhoso,Concelho,3.º quartil,1190.0
2022,1190312,Vila Nova de Famalicão,Concelho,3.º quartil,1364.0
2022,1190314,Vizela,Concelho,3.º quartil,1243.0
2022,1191705,Mondim de Basto,Concelho,3.º quartil,853.0
2022,11A,Área Metropolitana do Porto,NUTS III,3.º quartil,2179.0
2022,11A0107,Espinho,Concelho,3.º quartil,2175.0
2022,11A0109,Santa Maria da Feira,Concelho,3.º quartil,1367.0
2022,11D0403,Carrazeda de Ansiães,Concelho,3.º quartil,728.0
2022,11D0404,Freixo de Espada à Cinta,Concelho,3.º quartil,
2022,11D0409,Torre de Moncorvo,Concelho,3.º quartil,763.0
2022,11D1711,Santa Marta de Penaguião,Concelho,3.º quartil,656.0
2022,11D1714,Vila Real,Concelho,3.º quartil,1486.0
2022,11D1801,Armamar,Concelho,3.º quartil,534.0
2022,11D1805,Lamego,Concelho,3.º quartil,950.0
2022,11D1807,Moimenta da Beira,Concelho,3.º quartil,637.0
2022,11D1812,Penedono,Concelho,3.º quartil,
2022,1960904,Figueira de Castelo Rodrigo,Concelho,3.º quartil,498.0
2022,1960905,Fornos de Algodres,Concelho,3.º quartil,469.0
2022,1960906,Gouveia,Concelho,3.º quartil,625.0
2022,1960907,Guarda,Concelho,3.º quartil,1036.0
2022,1960908,Manteigas,Concelho,3.º quartil,516.0
2022,1960909,Mêda,Concelho,3.º quartil,462.0
2022,1960910,Pinhel,Concelho,3.º quartil,535.0
2022,1960911,Sabugal,Concelho,3.º quartil,552.0
2022,1960912,Seia,Concelho,3.º quartil,708.0
2022,1960913,Trancoso,Concelho,3.º quartil,667.0
2022,1A01106,Lisboa,Concelho,3.º quartil,4977.0
2022,1A,Grande Lisboa,NUTS II,3.º quartil,3543.0
2022,1A0,Grande Lisboa,NUTS III,3.º quartil,3543.0
2022,11C1305,Lousada,Concelho,3.º quartil,1101.0
2022,11C1301,Amarante,Concelho,3.º quartil,1200.0
2022,11C1302,Baião,Concelho,3.º quartil,1056.0
2022,11C1303,Felgueiras,Concelho,3.º quartil,1155.0
2022,11C1307,Marco de Canaveses,Concelho,3.º quartil,1145.0
2022,11C1309,Paços de Ferreira,Concelho,3.º quartil,1170.0
2022,11C1311,Penafiel,Concelho,3.º quartil,1240.0
2022,11C1804,Cinfães,Concelho,3.º quartil,874.0
2022,11C1813,Resende,Concelho,3.º quartil,821.0
2022,11D,Douro,NUTS III,3.º quartil,1049.0
2022,1A01105,Cascais,Concelho,3.º quartil,4667.0
2022,1A01107,Loures,Concelho,3.º quartil,2662.0
2022,1A01109,Mafra,Concelho,3.º quartil,2548.0
2022,1A01110,Oeiras,Concelho,3.º quartil,3626.0
2022,1A01111,Sintra,Concelho,3.º quartil,2137.0
2022,1A01114,Vila Franca de Xira,Concelho,3.º quartil,2100.0
2022,1C,Alentejo,NUTS II,3.º quartil,1286.0
2022,1C1,Alentejo Litoral,NUTS III,3.º quartil,2146.0
2022,1C10211,Odemira,Concelho,3.º quartil,2084.0
2022,1C11501,Alcácer do Sal,Concelho,3.º quartil,1952.0
2022,1C11505,Grândola,Concelho,3.º quartil,3395.0
2022,1941816,São Pedro do Sul,Concelho,3.º quartil,1150.0
2022,1941817,Sátão,Concelho,3.º quartil,719.0
2022,1941821,Tondela,Concelho,3.º quartil,1000.0
2022,1941822,Vila Nova de Paiva,Concelho,3.º quartil,451.0
2022,1941823,Viseu,Concelho,3.º quartil,1493.0
2022,1941824,Vouzela,Concelho,3.º quartil,826.0
2022,195,Beira Baixa,NUTS III,3.º quartil,943.0
2022,1910101,Águeda,Concelho,3.º quartil,1182.0
2022,1910102,Albergaria-a-Velha,Concelho,3.º quartil,1188.0
2022,1910105,Aveiro,Concelho,3.º quartil,2428.0
2022,1910108,Estarreja,Concelho,3.º quartil,1286.0
2022,1910110,Ílhavo,Concelho,3.º quartil,1988.0
2022,1910112,Murtosa,Concelho,3.º quartil,1402.0
2022,1910114,Oliveira do Bairro,Concelho,3.º quartil,1157.0
2022,1910115,Ovar,Concelho,3.º quartil,1582.0
2022,1910117,Sever do Vouga,Concelho,3.º quartil,822.0
2022,1910118,Vagos,Concelho,3.º quartil,1521.0
2022,192,Região de Coimbra,NUTS III,3.º quartil,1585.0
2022,1920111,Mealhada,Concelho,3.º quartil,1084.0
2022,1920601,Arganil,Concelho,3.º quartil,795.0
2022,1920602,Cantanhede,Concelho,3.º quartil,1153.0
2022,1920603,Coimbra,Concelho,3.º quartil,2171.0
2022,1920604,Condeixa-a-Nova,Concelho,3.º quartil,1380.0
2022,1920605,Figueira da Foz,Concelho,3.º quartil,1624.0
2022,1920606,Góis,Concelho,3.º quartil,847.0
2022,1920607,Lousã,Concelho,3.º quartil,1126.0
2022,1920608,Mira,Concelho,3.º quartil,1578.0
2022,1920609,Miranda do Corvo,Concelho,3.º quartil,851.0
2022,1920610,Montemor-o-Velho,Concelho,3.º quartil,1068.0
2022,2004701,Horta,Concelho,3.º quartil,1410.0
2022,2004801,Lajes das Flores,Concelho,3.º quartil,928.0
2022,2004802,Santa Cruz das Flores,Concelho,3.º quartil,
2022,2004901,Corvo,Concelho,3.º quartil,
2022,3,Região Autónoma da Madeira,NUTS I,3.º quartil,2273.0
2022,30,Região Autónoma da Madeira,NUTS II,3.º quartil,2273.0
2022,300,Região Autónoma da Madeira,NUTS III,3.º quartil,2273.0
2022,3003101,Calheta (R.A.M.),Concelho,3.º quartil,2238.0
2022,3003102,Câmara de Lobos,Concelho,3.º quartil,1745.0
2022,3003103,Funchal,Concelho,3.º quartil,2751.0
2022,3003104,Machico,Concelho,3.º quartil,1793.0
2022,3003105,Ponta do Sol,Concelho,3.º quartil,1941.0
2022,3003106,Porto Moniz,Concelho,3.º quartil,1201.0
2022,3003107,Ribeira Brava,Concelho,3.º quartil,1616.0
2022,3003108,Santa Cruz,Concelho,3.º quartil,1813.0
2022,3003109,Santana,Concelho,3.º quartil,1357.0
2022,3003110,São Vicente,Concelho,3.º quartil,1468.0
2022,3003201,Porto Santo,Concelho,3.º quartil,1809.0
2022,PT,Portugal,Nacional,3.º quartil,2219.0
2022,1111601,Arcos de Valdevez,Concelho,3.º quartil,1256.0
2022,1,Continente,NUTS I,3.º quartil,2232.0
2022,11,Norte,NUTS II,3.º quartil,1793.0
2022,111,Alto Minho,NUTS III,3.º quartil,1442.0
2022,1111602,Caminha,Concelho,3.º quartil,1582.0
2022,1111603,Melgaço,Concelho,3.º quartil,715.0
2022,1111604,Monção,Concelho,3.º quartil,1192.0
2022,1111605,Paredes de Coura,Concelho,3.º quartil,955.0
2022,1111610,Vila Nova de Cerveira,Concelho,3.º quartil,1250.0
2022,112,Cávado,NUTS III,3.º quartil,1574.0
2022,1120301,Amares,Concelho,3.º quartil,1180.0
2022,1120302,Barcelos,Concelho,3.º quartil,1441.0
2022,1120303,Braga,Concelho,3.º quartil,1667.0
2022,1120306,Esposende,Concelho,3.º quartil,1834.0
2022,1120310,Terras de Bouro,Concelho,3.º quartil,1221.0
2022,1120313,Vila Verde,Concelho,3.º quartil,1226.0
2022,119,Ave,NUTS III,3.º quartil,1316.0
2022,1190304,Cabeceiras de Basto,Concelho,3.º quartil,1067.0
2022,1190307,Fafe,Concelho,3.º quartil,1142.0
2022,1111606,Ponte da Barca,Concelho,3.º quartil,1139.0
2022,1920611,Oliveira do Hospital,Concelho,3.º quartil,918.0
2022,1920612,Pampilhosa da Serra,Concelho,3.º quartil,663.0
2022,1920613,Penacova,Concelho,3.º quartil,851.0
2022,1920614,Penela,Concelho,3.º quartil,941.0
2022,1920615,Soure,Concelho,3.º quartil,882.0
2022,1920616,Tábua,Concelho,3.º quartil,808.0
2022,1920617,Vila Nova de Poiares,Concelho,3.º quartil,897.0
2022,1921808,Mortágua,Concelho,3.º quartil,923.0
2022,193,Região de Leiria,NUTS III,3.º quartil,1359.0
2022,1931002,Alvaiázere,Concelho,3.º quartil,766.0
2022,1931003,Ansião,Concelho,3.º quartil,975.0
2022,1931004,Batalha,Concelho,3.º quartil,1250.0
2022,1931010,Marinha Grande,Concelho,3.º quartil,1195.0
2022,1931007,Castanheira de Pêra,Concelho,3.º quartil,590.0
2022,1931008,Figueiró dos Vinhos,Concelho,3.º quartil,785.0
2022,1931009,Leiria,Concelho,3.º quartil,1598.0
2022,1931013,Pedrógão Grande,Concelho,3.º quartil,908.0
2022,1931015,Pombal,Concelho,3.º quartil,1213.0
2022,1931016,Porto de Mós,Concelho,3.º quartil,961.0
2022,194,Viseu Dão Lafões,NUTS III,3.º quartil,1182.0
2022,1940901,Aguiar da Beira,Concelho,3.º quartil,561.0
2022,1941802,Carregal do Sal,Concelho,3.º quartil,760.0
2022,1941803,Castro Daire,Concelho,3.º quartil,769.0
2022,1941806,Mangualde,Concelho,3.º quartil,791.0
2022,1941809,Nelas,Concelho,3.º quartil,814.0
2022,1941810,Oliveira de Frades,Concelho,3.º quartil,976.0
2022,1941811,Penalva do Castelo,Concelho,3.º quartil,741.0
2022,1941814,Santa Comba Dão,Concelho,3.º quartil,809.0
2022,1A01115,Amadora,Concelho,3.º quartil,2414.0
2022,1A01116,Odivelas,Concelho,3.º quartil,2819.0
2022,1B,Península de Setúbal,NUTS II,3.º quartil,2123.0
2022,1B0,Península de Setúbal,NUTS III,3.º quartil,2123.0
2022,1B01502,Alcochete,Concelho,3.º quartil,2421.0
2022,1B01503,Almada,Concelho,3.º quartil,2679.0
2022,1B01504,Barreiro,Concelho,3.º quartil,1763.0
2022,1B01506,Moita,Concelho,3.º quartil,1556.0
2022,1B01507,Montijo,Concelho,3.º quartil,2006.0
2022,1B01508,Palmela,Concelho,3.º quartil,1839.0
2022,1B01510,Seixal,Concelho,3.º quartil,2099.0
2022,1B01511,Sesimbra,Concelho,3.º quartil,2428.0
2022,1B01512,Setúbal,Concelho,3.º quartil,2020.0
2022,1C40710,Redondo,Concelho,3.º quartil,976.0
2022,1C40711,Reguengos de Monsaraz,Concelho,3.º quartil,1087.0
2022,1C40712,Vendas Novas,Concelho,3.º quartil,1290.0
2022,1C40713,Viana do Alentejo,Concelho,3.º quartil,926.0
2022,1C40714,Vila Viçosa,Concelho,3.º quartil,892.0
2022,1D,Oeste e Vale do Tejo,NUTS II,3.º quartil,1450.0
2022,1D1,Oeste,NUTS III,3.º quartil,1743.0
2022,1D11001,Alcobaça,Concelho,3.º quartil,1600.0
2022,1D11005,Bombarral,Concelho,3.º quartil,1249.0
2022,1D11006,Caldas da Rainha,Concelho,3.º quartil,1711.0
2022,1D11011,Nazaré,Concelho,3.º quartil,2678.0
2022,1D11012,Óbidos,Concelho,3.º quartil,2118.0
2022,1D11014,Peniche,Concelho,3.º quartil,1801.0
2022,1D11101,Alenquer,Concelho,3.º quartil,1475.0
2022,1C31212,Nisa,Concelho,3.º quartil,559.0
2022,1C31213,Ponte de Sor,Concelho,3.º quartil,990.0
2022,1C31214,Portalegre,Concelho,3.º quartil,982.0
2022,1C40702,Arraiolos,Concelho,3.º quartil,1014.0
2022,1C31215,Sousel,Concelho,3.º quartil,545.0
2022,1C4,Alentejo Central,NUTS III,3.º quartil,1459.0
2022,1C40701,Alandroal,Concelho,3.º quartil,870.0
2022,1C40703,Borba,Concelho,3.º quartil,831.0
2022,1C40704,Estremoz,Concelho,3.º quartil,1037.0
2022,1C40705,Évora,Concelho,3.º quartil,2088.0
2022,1C40706,Montemor-o-Novo,Concelho,3.º quartil,1257.0
2022,1C40707,Mora,Concelho,3.º quartil,919.0
2022,1C11509,Santiago do Cacém,Concelho,3.º quartil,1729.0
2022,1C11513,Sines,Concelho,3.º quartil,2184.0
2022,1C2,Baixo Alentejo,NUTS III,3.º quartil,950.0
2022,1C20201,Aljustrel,Concelho,3.º quartil,920.0
2022,1C20202,Almodôvar,Concelho,3.º quartil,1121.0
2022,1C20203,Alvito,Concelho,3.º quartil,806.0
2022,1C20204,Barrancos,Concelho,3.º quartil,
2022,1C20205,Beja,Concelho,3.º quartil,1106.0
2022,1C20206,Castro Verde,Concelho,3.º quartil,922.0
2022,1C20207,Cuba,Concelho,3.º quartil,965.0
2022,1C20208,Ferreira do Alentejo,Concelho,3.º quartil,783.0
2022,1C20209,Mértola,Concelho,3.º quartil,804.0
2022,1C20210,Moura,Concelho,3.º quartil,807.0
2022,1C20212,Ourique,Concelho,3.º quartil,1015.0
2022,1C20213,Serpa,Concelho,3.º quartil,879.0
2022,1C20214,Vidigueira,Concelho,3.º quartil,774.0
2022,1C3,Alto Alentejo,NUTS III,3.º quartil,831.0
2022,1C31201,Alter do Chão,Concelho,3.º quartil,545.0
2022,1C31202,Arronches,Concelho,3.º quartil,950.0
2022,1C31203,Avis,Concelho,3.º quartil,858.0
2022,1C31204,Campo Maior,Concelho,3.º quartil,802.0
2022,1C31205,Castelo de Vide,Concelho,3.º quartil,667.0
2022,1C31209,Gavião,Concelho,3.º quartil,598.0
2022,1C31206,Crato,Concelho,3.º quartil,568.0
2022,1C31207,Elvas,Concelho,3.º quartil,857.0
2022,1C31208,Fronteira,Concelho,3.º quartil,821.0
2022,1C31210,Marvão,Concelho,3.º quartil,843.0
2022,1C31211,Monforte,Concelho,3.º quartil,670.0
2022,1C40708,Mourão,Concelho,3.º quartil,1016.0
2022,1C40709,Portel,Concelho,3.º quartil,672.0
2022,1D11102,Arruda dos Vinhos,Concelho,3.º quartil,1695.0
2022,1D11104,Cadaval,Concelho,3.º quartil,1180.0
2022,1D11108,Lourinhã,Concelho,3.º quartil,1674.0
2022,1D11112,Sobral de Monte Agraço,Concelho,3.º quartil,1583.0
2022,1D11113,Torres Vedras,Concelho,3.º quartil,1905.0
2022,1D2,Médio Tejo,NUTS III,3.º quartil,1036.0
2022,1D21401,Abrantes,Concelho,3.º quartil,777.0
2022,1D21402,Alcanena,Concelho,3.º quartil,686.0
2022,1D21408,Constância,Concelho,3.º quartil,898.0
2022,1D21410,Entroncamento,Concelho,3.º quartil,1045.0
2022,1D21411,Ferreira do Zêzere,Concelho,3.º quartil,1131.0
2022,1D21413,Mação,Concelho,3.º quartil,583.0
2022,1D21417,Sardoal,Concelho,3.º quartil,659.0
2022,1D21418,Tomar,Concelho,3.º quartil,1199.0
2022,1D21419,Torres Novas,Concelho,3.º quartil,991.0
2022,1D21420,Vila Nova da Barquinha,Concelho,3.º quartil,1089.0
2022,1D21421,Ourém,Concelho,3.º quartil,1311.0
2022,1D31103,Azambuja,Concelho,3.º quartil,1419.0
2022,1D31403,Almeirim,Concelho,3.º quartil,1118.0
2022,1D31404,Alpiarça,Concelho,3.º quartil,887.0
2022,1D31405,Benavente,Concelho,3.º quartil,1398.0
2022,1D31406,Cartaxo,Concelho,3.º quartil,1156.0
2022,1D31407,Chamusca,Concelho,3.º quartil,777.0
2022,1D31409,Coruche,Concelho,3.º quartil,1226.0
2022,1D31412,Golegã,Concelho,3.º quartil,1022.0
2022,1D31416,Santarém,Concelho,3.º quartil,1185.0
2022,1D31414,Rio Maior,Concelho,3.º quartil,1136.0
2022,1D3,Lezíria do Tejo,NUTS III,3.º quartil,1248.0
2022,1D31415,Salvaterra de Magos,Concelho,3.º quartil,1449.0
2022,2,Região Autónoma dos Açores,NUTS I,3.º quartil,1477.0
2022,20,Região Autónoma dos Açores,NUTS II,3.º quartil,1477.0
2022,200,Região Autónoma dos Açores,NUTS III,3.º quartil,1477.0
2022,2004101,Vila do Porto,Concelho,3.º quartil,1349.0
2022,2004201,Lagoa (R.A.A.),Concelho,3.º quartil,1550.0
2022,2004202,Nordeste,Concelho,3.º quartil,922.0
2022,2004203,Ponta Delgada,Concelho,3.º quartil,1777.0
2022,2004204,Povoação,Concelho,3.º quartil,1206.0
2022,1111607,Ponte de Lima,Concelho,3.º quartil,1511.0
2022,11D1815,São João da Pesqueira,Concelho,3.º quartil,667.0
2022,1111608,Valença,Concelho,3.º quartil,1182.0
2022,1111609,Viana do Castelo,Concelho,3.º quartil,1646.0
2022,1190308,Guimarães,Concelho,3.º quartil,1381.0
2022,11D1818,Sernancelhe,Concelho,3.º quartil,475.0
2022,11D1819,Tabuaço,Concelho,3.º quartil,675.0
2022,11D1820,Tarouca,Concelho,3.º quartil,783.0
2022,11E,Terras de Trás-os-Montes,NUTS III,3.º quartil,972.0
2022,11E0401,Alfândega da Fé,Concelho,3.º quartil,620.0
2022,11E0402,Bragança,Concelho,3.º quartil,1031.0
2022,11E0405,Macedo de Cavaleiros,Concelho,3.º quartil,793.0
2022,11E0406,Miranda do Douro,Concelho,3.º quartil,641.0
2022,11E0407,Mirandela,Concelho,3.º quartil,1033.0
2022,11E0408,Mogadouro,Concelho,3.º quartil,729.0
2022,11E0410,Vila Flor,Concelho,3.º quartil,497.0
2022,11E0411,Vimioso,Concelho,3.º quartil,
2022,11E0412,Vinhais,Concelho,3.º quartil,684.0
2022,15,Algarve,NUTS II,3.º quartil,3042.0
2022,150,Algarve,NUTS III,3.º quartil,3042.0
2022,1500801,Albufeira,Concelho,3.º quartil,3156.0
2022,1500802,Alcoutim,Concelho,3.º quartil,875.0
2022,1500803,Aljezur,Concelho,3.º quartil,3295.0
2022,1500804,Castro Marim,Concelho,3.º quartil,2649.0
2022,1500805,Faro,Concelho,3.º quartil,2803.0
2022,1500806,Lagoa,Concelho,3.º quartil,3087.0
2022,1500807,Lagos,Concelho,3.º quartil,3343.0
2022,1500808,Loulé,Concelho,3.º quartil,3886.0
2022,1500809,Monchique,Concelho,3.º quartil,1724.0
2022,1500810,Olhão,Concelho,3.º quartil,2524.0
2022,1500811,Portimão,Concelho,3.º quartil,2821.0
2022,1500812,São Brás de Alportel,Concelho,3.º quartil,2346.0
2022,1500813,Silves,Concelho,3.º quartil,2532.0
2022,1500814,Tavira,Concelho,3.º quartil,2882.0
2022,1500815,Vila do Bispo,Concelho,3.º quartil,3409.0
2022,1500816,Vila Real de Santo António,Concelho,3.º quartil,2693.0
2022,19,Centro,NUTS II,3.º quartil,1358.0
2022,1910103,Anadia,Concelho,3.º quartil,1045.0
2022,191,Região de Aveiro,NUTS III,3.º quartil,1606.0
2022,2004205,Ribeira Grande,Concelho,3.º quartil,1302.0
2022,2004206,Vila Franca do Campo,Concelho,3.º quartil,1375.0
2022,2004301,Angra do Heroísmo,Concelho,3.º quartil,1250.0
2022,2004302,Vila da Praia da Vitória,Concelho,3.º quartil,1282.0
2022,2004401,Santa Cruz da Graciosa,Concelho,3.º quartil,508.0
2022,2004501,Calheta (R.A.A.),Concelho,3.º quartil,
2022,2004502,Velas,Concelho,3.º quartil,1063.0
2022,2004601,Lajes do Pico,Concelho,3.º quartil,1103.0
2022,2004602,Madalena,Concelho,3.º quartil,1297.0
2022,2004603,São Roque do Pico,Concelho,3.º quartil,1982.0
2022,11D0914,Vila Nova de Foz Côa,Concelho,3.º quartil,502.0
2022,11D1704,Mesão Frio,Concelho,3.º quartil,947.0
2022,11D1707,Murça,Concelho,3.º quartil,636.0
2022,11D1701,Alijó,Concelho,3.º quartil,853.0
2022,11D1708,Peso da Régua,Concelho,3.º quartil,1071.0
2022,11D1710,Sabrosa,Concelho,3.º quartil,764.0
2022,11B1706,Montalegre,Concelho,3.º quartil,859.0
2022,11B1709,Ribeira de Pena,Concelho,3.º quartil,798.0
2022,11B1712,Valpaços,Concelho,3.º quartil,764.0
2022,11B1713,Vila Pouca de Aguiar,Concelho,3.º quartil,890.0
2022,11C,Tâmega e Sousa,NUTS III,3.º quartil,1138.0
2022,11C0106,Castelo de Paiva,Concelho,3.º quartil,1090.0
2022,11C0305,Celorico de Basto,Concelho,3.º quartil,878.0
2022,11A0104,Arouca,Concelho,3.º quartil,1223.0
2022,11A0113,Oliveira de Azeméis,Concelho,3.º quartil,1131.0
2022,11A0116,São João da Madeira,Concelho,3.º quartil,1353.0
2022,11A0119,Vale de Cambra,Concelho,3.º quartil,1268.0
2022,11A1304,Gondomar,Concelho,3.º quartil,1749.0
2022,11A1306,Maia,Concelho,3.º quartil,1891.0
2022,11A1308,Matosinhos,Concelho,3.º quartil,2640.0
2022,11A1310,Paredes,Concelho,3.º quartil,1219.0
2022,11A1312,Porto,Concelho,3.º quartil,3312.0
2022,11A1313,Póvoa de Varzim,Concelho,3.º quartil,2013.0
2022,11A1314,Santo Tirso,Concelho,3.º quartil,1332.0
2022,11A1315,Valongo,Concelho,3.º quartil,1600.0
2022,11A1316,Vila do Conde,Concelho,3.º quartil,1981.0
2022,11A1317,Vila Nova de Gaia,Concelho,3.º quartil,2062.0
2022,11A1318,Trofa,Concelho,3.º quartil,1578.0
2022,11B,Alto Tâmega e Barroso,NUTS III,3.º quartil,1053.0
2022,11B1702,Boticas,Concelho,3.º quartil,770.0
2022,11B1703,Chaves,Concelho,3.º quartil,1183.0
2023,1950502,Castelo Branco,Concelho,1.º quartil,367.0
2023,1950505,Idanha-a-Nova,Concelho,1.º quartil,143.0
2023,1950506,Oleiros,Concelho,1.º quartil,
2023,1950507,Penamacor,Concelho,1.º quartil,168.0
2023,1950508,Proença-a-Nova,Concelho,1.º quartil,211.0
2023,1950509,Sertã,Concelho,1.º quartil,390.0
2023,1950510,Vila de Rei,Concelho,1.º quartil,170.0
2023,1950511,Vila Velha de Ródão,Concelho,1.º quartil,157.0
2023,196,Beiras e Serra da Estrela,NUTS III,1.º quartil,260.0
2023,1960501,Belmonte,Concelho,1.º quartil,337.0
2023,1960503,Covilhã,Concelho,1.º quartil,435.0
2023,1960504,Fundão,Concelho,1.º quartil,289.0
2023,1190311,Vieira do Minho,Concelho,1.º quartil,247.0
2023,1960902,Almeida,Concelho,1.º quartil,181.0
2023,1960903,Celorico da Beira,Concelho,1.º quartil,142.0
2023,1190309,Póvoa de Lanhoso,Concelho,1.º quartil,528.0
2023,1190312,Vila Nova de Famalicão,Concelho,1.º quartil,980.0
2023,1190314,Vizela,Concelho,1.º quartil,793.0
2023,1191705,Mondim de Basto,Concelho,1.º quartil,231.0
2023,11A,Área Metropolitana do Porto,NUTS III,1.º quartil,1273.0
2023,11A0107,Espinho,Concelho,1.º quartil,1257.0
2023,11A0109,Santa Maria da Feira,Concelho,1.º quartil,863.0
2023,11D0403,Carrazeda de Ansiães,Concelho,1.º quartil,102.0
2023,11D0404,Freixo de Espada à Cinta,Concelho,1.º quartil,
2023,11D0409,Torre de Moncorvo,Concelho,1.º quartil,145.0
2023,11D1711,Santa Marta de Penaguião,Concelho,1.º quartil,
2023,11D1714,Vila Real,Concelho,1.º quartil,810.0
2023,11D1801,Armamar,Concelho,1.º quartil,165.0
2023,11D1805,Lamego,Concelho,1.º quartil,337.0
2023,11D1807,Moimenta da Beira,Concelho,1.º quartil,179.0
2023,11D1812,Penedono,Concelho,1.º quartil,
2023,1960904,Figueira de Castelo Rodrigo,Concelho,1.º quartil,70.0
2023,1960905,Fornos de Algodres,Concelho,1.º quartil,201.0
2023,1960906,Gouveia,Concelho,1.º quartil,210.0
2023,1960907,Guarda,Concelho,1.º quartil,350.0
2023,1960908,Manteigas,Concelho,1.º quartil,226.0
2023,1960909,Mêda,Concelho,1.º quartil,53.0
2023,1960910,Pinhel,Concelho,1.º quartil,114.0
2023,1960911,Sabugal,Concelho,1.º quartil,213.0
2023,1960912,Seia,Concelho,1.º quartil,286.0
2023,1960913,Trancoso,Concelho,1.º quartil,181.0
2023,1A01106,Lisboa,Concelho,1.º quartil,3308.0
2023,1A,Grande Lisboa,NUTS II,1.º quartil,2016.0
2023,1A0,Grande Lisboa,NUTS III,1.º quartil,2016.0
2023,11C1305,Lousada,Concelho,1.º quartil,672.0
2023,11C1301,Amarante,Concelho,1.º quartil,488.0
2023,11C1302,Baião,Concelho,1.º quartil,291.0
2023,11C1303,Felgueiras,Concelho,1.º quartil,625.0
2023,11C1307,Marco de Canaveses,Concelho,1.º quartil,527.0
2023,11C1309,Paços de Ferreira,Concelho,1.º quartil,717.0
2023,11C1311,Penafiel,Concelho,1.º quartil,694.0
2023,11C1804,Cinfães,Concelho,1.º quartil,199.0
2023,11C1813,Resende,Concelho,1.º quartil,216.0
2023,11D,Douro,NUTS III,1.º quartil,267.0
2023,1A01105,Cascais,Concelho,1.º quartil,3057.0
2023,1A01107,Loures,Concelho,1.º quartil,1910.0
2023,1A01109,Mafra,Concelho,1.º quartil,1743.0
2023,1A01110,Oeiras,Concelho,1.º quartil,2551.0
2023,1A01111,Sintra,Concelho,1.º quartil,1700.0
2023,1A01114,Vila Franca de Xira,Concelho,1.º quartil,1545.0
2023,1C,Alentejo,NUTS II,1.º quartil,409.0
2023,1C1,Alentejo Litoral,NUTS III,1.º quartil,992.0
2023,1C10211,Odemira,Concelho,1.º quartil,789.0
2023,1C11501,Alcácer do Sal,Concelho,1.º quartil,687.0
2023,1C11505,Grândola,Concelho,1.º quartil,1166.0
2023,1941816,São Pedro do Sul,Concelho,1.º quartil,371.0
2023,1941817,Sátão,Concelho,1.º quartil,262.0
2023,1941821,Tondela,Concelho,1.º quartil,306.0
2023,1941822,Vila Nova de Paiva,Concelho,1.º quartil,327.0
2023,1941823,Viseu,Concelho,1.º quartil,704.0
2023,1941824,Vouzela,Concelho,1.º quartil,284.0
2023,195,Beira Baixa,NUTS III,1.º quartil,263.0
2023,1910101,Águeda,Concelho,1.º quartil,590.0
2023,1910102,Albergaria-a-Velha,Concelho,1.º quartil,616.0
2023,1910105,Aveiro,Concelho,1.º quartil,1377.0
2023,1910108,Estarreja,Concelho,1.º quartil,495.0
2023,1910110,Ílhavo,Concelho,1.º quartil,1210.0
2023,1910112,Murtosa,Concelho,1.º quartil,596.0
2023,1910114,Oliveira do Bairro,Concelho,1.º quartil,797.0
2023,1910115,Ovar,Concelho,1.º quartil,914.0
2023,1910117,Sever do Vouga,Concelho,1.º quartil,349.0
2023,1910118,Vagos,Concelho,1.º quartil,888.0
2023,192,Região de Coimbra,NUTS III,1.º quartil,583.0
2023,1920111,Mealhada,Concelho,1.º quartil,425.0
2023,1920601,Arganil,Concelho,1.º quartil,293.0
2023,1920602,Cantanhede,Concelho,1.º quartil,498.0
2023,1920603,Coimbra,Concelho,1.º quartil,1150.0
2023,1920604,Condeixa-a-Nova,Concelho,1.º quartil,765.0
2023,1920605,Figueira da Foz,Concelho,1.º quartil,968.0
2023,1920606,Góis,Concelho,1.º quartil,204.0
2023,1920607,Lousã,Concelho,1.º quartil,426.0
2023,1920608,Mira,Concelho,1.º quartil,872.0
2023,1920609,Miranda do Corvo,Concelho,1.º quartil,303.0
2023,1920610,Montemor-o-Velho,Concelho,1.º quartil,494.0
2023,2004701,Horta,Concelho,1.º quartil,764.0
2023,2004801,Lajes das Flores,Concelho,1.º quartil,285.0
2023,2004802,Santa Cruz das Flores,Concelho,1.º quartil,
2023,2004901,Corvo,Concelho,1.º quartil,
2023,3,Região Autónoma da Madeira,NUTS I,1.º quartil,1122.0
2023,30,Região Autónoma da Madeira,NUTS II,1.º quartil,1122.0
2023,300,Região Autónoma da Madeira,NUTS III,1.º quartil,1122.0
2023,3003101,Calheta (R.A.M.),Concelho,1.º quartil,800.0
2023,3003102,Câmara de Lobos,Concelho,1.º quartil,954.0
2023,3003103,Funchal,Concelho,1.º quartil,1656.0
2023,3003104,Machico,Concelho,1.º quartil,865.0
2023,3003105,Ponta do Sol,Concelho,1.º quartil,654.0
2023,3003106,Porto Moniz,Concelho,1.º quartil,404.0
2023,3003107,Ribeira Brava,Concelho,1.º quartil,489.0
2023,3003108,Santa Cruz,Concelho,1.º quartil,1292.0
2023,3003109,Santana,Concelho,1.º quartil,461.0
2023,3003110,São Vicente,Concelho,1.º quartil,479.0
2023,3003201,Porto Santo,Concelho,1.º quartil,1255.0
2023,PT,Portugal,Nacional,1.º quartil,938.0
2023,1111601,Arcos de Valdevez,Concelho,1.º quartil,408.0
2023,1,Continente,NUTS I,1.º quartil,941.0
2023,11,Norte,NUTS II,1.º quartil,889.0
2023,111,Alto Minho,NUTS III,1.º quartil,654.0
2023,1111602,Caminha,Concelho,1.º quartil,892.0
2023,1111603,Melgaço,Concelho,1.º quartil,200.0
2023,1111604,Monção,Concelho,1.º quartil,469.0
2023,1111605,Paredes de Coura,Concelho,1.º quartil,400.0
2023,1111610,Vila Nova de Cerveira,Concelho,1.º quartil,617.0
2023,112,Cávado,NUTS III,1.º quartil,1004.0
2023,1120301,Amares,Concelho,1.º quartil,754.0
2023,1120302,Barcelos,Concelho,1.º quartil,860.0
2023,1120303,Braga,Concelho,1.º quartil,1176.0
2023,1120306,Esposende,Concelho,1.º quartil,1133.0
2023,1120310,Terras de Bouro,Concelho,1.º quartil,375.0
2023,1120313,Vila Verde,Concelho,1.º quartil,756.0
2023,119,Ave,NUTS III,1.º quartil,767.0
2023,1190304,Cabeceiras de Basto,Concelho,1.º quartil,326.0
2023,1190307,Fafe,Concelho,1.º quartil,600.0
2023,1111606,Ponte da Barca,Concelho,1.º quartil,325.0
2023,1920611,Oliveira do Hospital,Concelho,1.º quartil,324.0
2023,1920612,Pampilhosa da Serra,Concelho,1.º quartil,124.0
2023,1920613,Penacova,Concelho,1.º quartil,250.0
2023,1920614,Penela,Concelho,1.º quartil,260.0
2023,1920615,Soure,Concelho,1.º quartil,326.0
2023,1920616,Tábua,Concelho,1.º quartil,271.0
2023,1920617,Vila Nova de Poiares,Concelho,1.º quartil,471.0
2023,1921808,Mortágua,Concelho,1.º quartil,274.0
2023,193,Região de Leiria,NUTS III,1.º quartil,664.0
2023,1931002,Alvaiázere,Concelho,1.º quartil,293.0
2023,1931003,Ansião,Concelho,1.º quartil,282.0
2023,1931004,Batalha,Concelho,1.º quartil,500.0
2023,1931010,Marinha Grande,Concelho,1.º quartil,897.0
2023,1931007,Castanheira de Pêra,Concelho,1.º quartil,231.0
2023,1931008,Figueiró dos Vinhos,Concelho,1.º quartil,367.0
2023,1931009,Leiria,Concelho,1.º quartil,1005.0
2023,1931013,Pedrógão Grande,Concelho,1.º quartil,292.0
2023,1931015,Pombal,Concelho,1.º quartil,501.0
2023,1931016,Porto de Mós,Concelho,1.º quartil,384.0
2023,194,Viseu Dão Lafões,NUTS III,1.º quartil,362.0
2023,1940901,Aguiar da Beira,Concelho,1.º quartil,133.0
2023,1941802,Carregal do Sal,Concelho,1.º quartil,283.0
2023,1941803,Castro Daire,Concelho,1.º quartil,213.0
2023,1941806,Mangualde,Concelho,1.º quartil,208.0
2023,1941809,Nelas,Concelho,1.º quartil,324.0
2023,1941810,Oliveira de Frades,Concelho,1.º quartil,316.0
2023,1941811,Penalva do Castelo,Concelho,1.º quartil,143.0
2023,1941814,Santa Comba Dão,Concelho,1.º quartil,249.0
2023,1A01115,Amadora,Concelho,1.º quartil,1881.0
2023,1A01116,Odivelas,Concelho,1.º quartil,2109.0
2023,1B,Península de Setúbal,NUTS II,1.º quartil,1523.0
2023,1B0,Península de Setúbal,NUTS III,1.º quartil,1523.0
2023,1B01502,Alcochete,Concelho,1.º quartil,1636.0
2023,1B01503,Almada,Concelho,1.º quartil,1892.0
2023,1B01504,Barreiro,Concelho,1.º quartil,1380.0
2023,1B01506,Moita,Concelho,1.º quartil,1202.0
2023,1B01507,Montijo,Concelho,1.º quartil,1413.0
2023,1B01508,Palmela,Concelho,1.º quartil,1462.0
2023,1B01510,Seixal,Concelho,1.º quartil,1687.0
2023,1B01511,Sesimbra,Concelho,1.º quartil,1740.0
2023,1B01512,Setúbal,Concelho,1.º quartil,1466.0
2023,1C40710,Redondo,Concelho,1.º quartil,399.0
2023,1C40711,Reguengos de Monsaraz,Concelho,1.º quartil,479.0
2023,1C40712,Vendas Novas,Concelho,1.º quartil,721.0
2023,1C40713,Viana do Alentejo,Concelho,1.º quartil,388.0
2023,1C40714,Vila Viçosa,Concelho,1.º quartil,346.0
2023,1D,Oeste e Vale do Tejo,NUTS II,1.º quartil,685.0
2023,1D1,Oeste,NUTS III,1.º quartil,939.0
2023,1D11001,Alcobaça,Concelho,1.º quartil,781.0
2023,1D11005,Bombarral,Concelho,1.º quartil,739.0
2023,1D11006,Caldas da Rainha,Concelho,1.º quartil,1104.0
2023,1D11011,Nazaré,Concelho,1.º quartil,1509.0
2023,1D11012,Óbidos,Concelho,1.º quartil,1063.0
2023,1D11014,Peniche,Concelho,1.º quartil,1342.0
2023,1D11101,Alenquer,Concelho,1.º quartil,847.0
2023,1C31212,Nisa,Concelho,1.º quartil,215.0
2023,1C31213,Ponte de Sor,Concelho,1.º quartil,369.0
2023,1C31214,Portalegre,Concelho,1.º quartil,352.0
2023,1C40702,Arraiolos,Concelho,1.º quartil,500.0
2023,1C31215,Sousel,Concelho,1.º quartil,244.0
2023,1C4,Alentejo Central,NUTS III,1.º quartil,534.0
2023,1C40701,Alandroal,Concelho,1.º quartil,256.0
2023,1C40703,Borba,Concelho,1.º quartil,389.0
2023,1C40704,Estremoz,Concelho,1.º quartil,385.0
2023,1C40705,Évora,Concelho,1.º quartil,1338.0
2023,1C40706,Montemor-o-Novo,Concelho,1.º quartil,727.0
2023,1C40707,Mora,Concelho,1.º quartil,422.0
2023,1C11509,Santiago do Cacém,Concelho,1.º quartil,1033.0
2023,1C11513,Sines,Concelho,1.º quartil,1492.0
2023,1C2,Baixo Alentejo,NUTS III,1.º quartil,340.0
2023,1C20201,Aljustrel,Concelho,1.º quartil,290.0
2023,1C20202,Almodôvar,Concelho,1.º quartil,342.0
2023,1C20203,Alvito,Concelho,1.º quartil,354.0
2023,1C20204,Barrancos,Concelho,1.º quartil,
2023,1C20205,Beja,Concelho,1.º quartil,523.0
2023,1C20206,Castro Verde,Concelho,1.º quartil,265.0
2023,1C20207,Cuba,Concelho,1.º quartil,367.0
2023,1C20208,Ferreira do Alentejo,Concelho,1.º quartil,296.0
2023,1C20209,Mértola,Concelho,1.º quartil,144.0
2023,1C20210,Moura,Concelho,1.º quartil,302.0
2023,1C20212,Ourique,Concelho,1.º quartil,368.0
2023,1C20213,Serpa,Concelho,1.º quartil,326.0
2023,1C20214,Vidigueira,Concelho,1.º quartil,318.0
2023,1C3,Alto Alentejo,NUTS III,1.º quartil,267.0
2023,1C31201,Alter do Chão,Concelho,1.º quartil,313.0
2023,1C31202,Arronches,Concelho,1.º quartil,279.0
2023,1C31203,Avis,Concelho,1.º quartil,324.0
2023,1C31204,Campo Maior,Concelho,1.º quartil,243.0
2023,1C31205,Castelo de Vide,Concelho,1.º quartil,319.0
2023,1C31209,Gavião,Concelho,1.º quartil,171.0
2023,1C31206,Crato,Concelho,1.º quartil,172.0
2023,1C31207,Elvas,Concelho,1.º quartil,284.0
2023,1C31208,Fronteira,Concelho,1.º quartil,330.0
2023,1C31210,Marvão,Concelho,1.º quartil,256.0
2023,1C31211,Monforte,Concelho,1.º quartil,194.0
2023,1C40708,Mourão,Concelho,1.º quartil,333.0
2023,1C40709,Portel,Concelho,1.º quartil,176.0
2023,1D11102,Arruda dos Vinhos,Concelho,1.º quartil,891.0
2023,1D11104,Cadaval,Concelho,1.º quartil,461.0
2023,1D11108,Lourinhã,Concelho,1.º quartil,928.0
2023,1D11112,Sobral de Monte Agraço,Concelho,1.º quartil,671.0
2023,1D11113,Torres Vedras,Concelho,1.º quartil,946.0
2023,1D2,Médio Tejo,NUTS III,1.º quartil,475.0
2023,1D21401,Abrantes,Concelho,1.º quartil,338.0
2023,1D21402,Alcanena,Concelho,1.º quartil,274.0
2023,1D21408,Constância,Concelho,1.º quartil,337.0
2023,1D21410,Entroncamento,Concelho,1.º quartil,847.0
2023,1D21411,Ferreira do Zêzere,Concelho,1.º quartil,391.0
2023,1D21413,Mação,Concelho,1.º quartil,118.0
2023,1D21417,Sardoal,Concelho,1.º quartil,215.0
2023,1D21418,Tomar,Concelho,1.º quartil,510.0
2023,1D21419,Torres Novas,Concelho,1.º quartil,474.0
2023,1D21420,Vila Nova da Barquinha,Concelho,1.º quartil,535.0
2023,1D21421,Ourém,Concelho,1.º quartil,617.0
2023,1D31103,Azambuja,Concelho,1.º quartil,712.0
2023,1D31403,Almeirim,Concelho,1.º quartil,650.0
2023,1D31404,Alpiarça,Concelho,1.º quartil,638.0
2023,1D31405,Benavente,Concelho,1.º quartil,1095.0
2023,1D31406,Cartaxo,Concelho,1.º quartil,780.0
2023,1D31407,Chamusca,Concelho,1.º quartil,351.0
2023,1D31409,Coruche,Concelho,1.º quartil,498.0
2023,1D31412,Golegã,Concelho,1.º quartil,424.0
2023,1D31416,Santarém,Concelho,1.º quartil,536.0
2023,1D31414,Rio Maior,Concelho,1.º quartil,525.0
2023,1D3,Lezíria do Tejo,NUTS III,1.º quartil,661.0
2023,1D31415,Salvaterra de Magos,Concelho,1.º quartil,879.0
2023,2,Região Autónoma dos Açores,NUTS I,1.º quartil,661.0
2023,20,Região Autónoma dos Açores,NUTS II,1.º quartil,661.0
2023,200,Região Autónoma dos Açores,NUTS III,1.º quartil,661.0
2023,2004101,Vila do Porto,Concelho,1.º quartil,715.0
2023,2004201,Lagoa (R.A.A.),Concelho,1.º quartil,964.0
2023,2004202,Nordeste,Concelho,1.º quartil,533.0
2023,2004203,Ponta Delgada,Concelho,1.º quartil,1053.0
2023,2004204,Povoação,Concelho,1.º quartil,498.0
2023,1111607,Ponte de Lima,Concelho,1.º quartil,662.0
2023,11D1815,São João da Pesqueira,Concelho,1.º quartil,102.0
2023,1111608,Valença,Concelho,1.º quartil,586.0
2023,1111609,Viana do Castelo,Concelho,1.º quartil,980.0
2023,1190308,Guimarães,Concelho,1.º quartil,863.0
2023,11D1818,Sernancelhe,Concelho,1.º quartil,96.0
2023,11D1819,Tabuaço,Concelho,1.º quartil,90.0
2023,11D1820,Tarouca,Concelho,1.º quartil,355.0
2023,11E,Terras de Trás-os-Montes,NUTS III,1.º quartil,335.0
2023,11E0401,Alfândega da Fé,Concelho,1.º quartil,208.0
2023,11E0402,Bragança,Concelho,1.º quartil,651.0
2023,11E0405,Macedo de Cavaleiros,Concelho,1.º quartil,227.0
2023,11E0406,Miranda do Douro,Concelho,1.º quartil,159.0
2023,11E0407,Mirandela,Concelho,1.º quartil,417.0
2023,11E0408,Mogadouro,Concelho,1.º quartil,175.0
2023,11E0410,Vila Flor,Concelho,1.º quartil,123.0
2023,11E0411,Vimioso,Concelho,1.º quartil,145.0
2023,11E0412,Vinhais,Concelho,1.º quartil,250.0
2023,15,Algarve,NUTS II,1.º quartil,1904.0
2023,150,Algarve,NUTS III,1.º quartil,1904.0
2023,1500801,Albufeira,Concelho,1.º quartil,2166.0
2023,1500802,Alcoutim,Concelho,1.º quartil,432.0
2023,1500803,Aljezur,Concelho,1.º quartil,2442.0
2023,1500804,Castro Marim,Concelho,1.º quartil,1381.0
2023,1500805,Faro,Concelho,1.º quartil,1737.0
2023,1500806,Lagoa,Concelho,1.º quartil,1844.0
2023,1500807,Lagos,Concelho,1.º quartil,2442.0
2023,1500808,Loulé,Concelho,1.º quartil,2256.0
2023,1500809,Monchique,Concelho,1.º quartil,559.0
2023,1500810,Olhão,Concelho,1.º quartil,1665.0
2023,1500811,Portimão,Concelho,1.º quartil,1959.0
2023,1500812,São Brás de Alportel,Concelho,1.º quartil,1240.0
2023,1500813,Silves,Concelho,1.º quartil,1504.0
2023,1500814,Tavira,Concelho,1.º quartil,2195.0
2023,1500815,Vila do Bispo,Concelho,1.º quartil,2196.0
2023,1500816,Vila Real de Santo António,Concelho,1.º quartil,1695.0
2023,19,Centro,NUTS II,1.º quartil,484.0
2023,1910103,Anadia,Concelho,1.º quartil,356.0
2023,191,Região de Aveiro,NUTS III,1.º quartil,825.0
2023,2004205,Ribeira Grande,Concelho,1.º quartil,623.0
2023,2004206,Vila Franca do Campo,Concelho,1.º quartil,686.0
2023,2004301,Angra do Heroísmo,Concelho,1.º quartil,685.0
2023,2004302,Vila da Praia da Vitória,Concelho,1.º quartil,528.0
2023,2004401,Santa Cruz da Graciosa,Concelho,1.º quartil,174.0
2023,2004501,Calheta (R.A.A.),Concelho,1.º quartil,215.0
2023,2004502,Velas,Concelho,1.º quartil,302.0
2023,2004601,Lajes do Pico,Concelho,1.º quartil,509.0
2023,2004602,Madalena,Concelho,1.º quartil,426.0
2023,2004603,São Roque do Pico,Concelho,1.º quartil,567.0
2023,11D0914,Vila Nova de Foz Côa,Concelho,1.º quartil,129.0
2023,11D1704,Mesão Frio,Concelho,1.º quartil,
2023,11D1707,Murça,Concelho,1.º quartil,184.0
2023,11D1701,Alijó,Concelho,1.º quartil,253.0
2023,11D1708,Peso da Régua,Concelho,1.º quartil,508.0
2023,11D1710,Sabrosa,Concelho,1.º quartil,237.0
2023,11B1706,Montalegre,Concelho,1.º quartil,330.0
2023,11B1709,Ribeira de Pena,Concelho,1.º quartil,237.0
2023,11B1712,Valpaços,Concelho,1.º quartil,270.0
2023,11B1713,Vila Pouca de Aguiar,Concelho,1.º quartil,304.0
2023,11C,Tâmega e Sousa,NUTS III,1.º quartil,538.0
2023,11C0106,Castelo de Paiva,Concelho,1.º quartil,483.0
2023,11C0305,Celorico de Basto,Concelho,1.º quartil,280.0
2023,11A0104,Arouca,Concelho,1.º quartil,350.0
2023,11A0113,Oliveira de Azeméis,Concelho,1.º quartil,638.0
2023,11A0116,São João da Madeira,Concelho,1.º quartil,791.0
2023,11A0119,Vale de Cambra,Concelho,1.º quartil,723.0
2023,11A1304,Gondomar,Concelho,1.º quartil,1250.0
2023,11A1306,Maia,Concelho,1.º quartil,1466.0
2023,11A1308,Matosinhos,Concelho,1.º quartil,1856.0
2023,11A1310,Paredes,Concelho,1.º quartil,750.0
2023,11A1312,Porto,Concelho,1.º quartil,2134.0
2023,11A1313,Póvoa de Varzim,Concelho,1.º quartil,1288.0
2023,11A1314,Santo Tirso,Concelho,1.º quartil,826.0
2023,11A1315,Valongo,Concelho,1.º quartil,1267.0
2023,11A1316,Vila do Conde,Concelho,1.º quartil,1330.0
2023,11A1317,Vila Nova de Gaia,Concelho,1.º quartil,1404.0
2023,11A1318,Trofa,Concelho,1.º quartil,947.0
2023,11B,Alto Tâmega e Barroso,NUTS III,1.º quartil,417.0
2023,11B1702,Boticas,Concelho,1.º quartil,212.0
2023,11B1703,Chaves,Concelho,1.º quartil,600.0
2023,1950502,Castelo Branco,Concelho,2.º quartil,742.0
2023,1950505,Idanha-a-Nova,Concelho,2.º quartil,278.0
2023,1950506,Oleiros,Concelho,2.º quartil,
2023,1950507,Penamacor,Concelho,2.º quartil,314.0
2023,1950508,Proença-a-Nova,Concelho,2.º quartil,449.0
2023,1950509,Sertã,Concelho,2.º quartil,612.0
2023,1950510,Vila de Rei,Concelho,2.º quartil,400.0
2023,1950511,Vila Velha de Ródão,Concelho,2.º quartil,273.0
2023,196,Beiras e Serra da Estrela,NUTS III,2.º quartil,573.0
2023,1960501,Belmonte,Concelho,2.º quartil,625.0
2023,1960503,Covilhã,Concelho,2.º quartil,824.0
2023,1960504,Fundão,Concelho,2.º quartil,606.0
2023,1190311,Vieira do Minho,Concelho,2.º quartil,564.0
2023,1960902,Almeida,Concelho,2.º quartil,336.0
2023,1960903,Celorico da Beira,Concelho,2.º quartil,295.0
2023,1190309,Póvoa de Lanhoso,Concelho,2.º quartil,922.0
2023,1190312,Vila Nova de Famalicão,Concelho,2.º quartil,1264.0
2023,1190314,Vizela,Concelho,2.º quartil,1073.0
2023,1191705,Mondim de Basto,Concelho,2.º quartil,536.0
2023,11A,Área Metropolitana do Porto,NUTS III,2.º quartil,1800.0
2023,11A0107,Espinho,Concelho,2.º quartil,1830.0
2023,11A0109,Santa Maria da Feira,Concelho,2.º quartil,1214.0
2023,11D0403,Carrazeda de Ansiães,Concelho,2.º quartil,322.0
2023,11D0404,Freixo de Espada à Cinta,Concelho,2.º quartil,
2023,11D0409,Torre de Moncorvo,Concelho,2.º quartil,306.0
2023,11D1711,Santa Marta de Penaguião,Concelho,2.º quartil,
2023,11D1714,Vila Real,Concelho,2.º quartil,1271.0
2023,11D1801,Armamar,Concelho,2.º quartil,400.0
2023,11D1805,Lamego,Concelho,2.º quartil,769.0
2023,11D1807,Moimenta da Beira,Concelho,2.º quartil,497.0
2023,11D1812,Penedono,Concelho,2.º quartil,
2023,1960904,Figueira de Castelo Rodrigo,Concelho,2.º quartil,185.0
2023,1960905,Fornos de Algodres,Concelho,2.º quartil,405.0
2023,1960906,Gouveia,Concelho,2.º quartil,446.0
2023,1960907,Guarda,Concelho,2.º quartil,706.0
2023,1960908,Manteigas,Concelho,2.º quartil,329.0
2023,1960909,Mêda,Concelho,2.º quartil,156.0
2023,1960910,Pinhel,Concelho,2.º quartil,315.0
2023,1960911,Sabugal,Concelho,2.º quartil,391.0
2023,1960912,Seia,Concelho,2.º quartil,527.0
2023,1960913,Trancoso,Concelho,2.º quartil,357.0
2023,1A01106,Lisboa,Concelho,2.º quartil,4167.0
2023,1A,Grande Lisboa,NUTS II,2.º quartil,2740.0
2023,1A0,Grande Lisboa,NUTS III,2.º quartil,2740.0
2023,11C1305,Lousada,Concelho,2.º quartil,1000.0
2023,11C1301,Amarante,Concelho,2.º quartil,861.0
2023,11C1302,Baião,Concelho,2.º quartil,568.0
2023,11C1303,Felgueiras,Concelho,2.º quartil,931.0
2023,11C1307,Marco de Canaveses,Concelho,2.º quartil,918.0
2023,11C1309,Paços de Ferreira,Concelho,2.º quartil,1010.0
2023,11C1311,Penafiel,Concelho,2.º quartil,1070.0
2023,11C1804,Cinfães,Concelho,2.º quartil,593.0
2023,11C1813,Resende,Concelho,2.º quartil,438.0
2023,11D,Douro,NUTS III,2.º quartil,654.0
2023,1A01105,Cascais,Concelho,2.º quartil,3976.0
2023,1A01107,Loures,Concelho,2.º quartil,2482.0
2023,1A01109,Mafra,Concelho,2.º quartil,2200.0
2023,1A01110,Oeiras,Concelho,2.º quartil,3158.0
2023,1A01111,Sintra,Concelho,2.º quartil,2014.0
2023,1A01114,Vila Franca de Xira,Concelho,2.º quartil,1897.0
2023,1C,Alentejo,NUTS II,2.º quartil,803.0
2023,1C1,Alentejo Litoral,NUTS III,2.º quartil,1605.0
2023,1C10211,Odemira,Concelho,2.º quartil,1392.0
2023,1C11501,Alcácer do Sal,Concelho,2.º quartil,1273.0
2023,1C11505,Grândola,Concelho,2.º quartil,2067.0
2023,1941816,São Pedro do Sul,Concelho,2.º quartil,828.0
2023,1941817,Sátão,Concelho,2.º quartil,514.0
2023,1941821,Tondela,Concelho,2.º quartil,606.0
2023,1941822,Vila Nova de Paiva,Concelho,2.º quartil,498.0
2023,1941823,Viseu,Concelho,2.º quartil,1185.0
2023,1941824,Vouzela,Concelho,2.º quartil,640.0
2023,195,Beira Baixa,NUTS III,2.º quartil,556.0
2023,1910101,Águeda,Concelho,2.º quartil,1000.0
2023,1910102,Albergaria-a-Velha,Concelho,2.º quartil,1045.0
2023,1910105,Aveiro,Concelho,2.º quartil,1912.0
2023,1910108,Estarreja,Concelho,2.º quartil,950.0
2023,1910110,Ílhavo,Concelho,2.º quartil,1755.0
2023,1910112,Murtosa,Concelho,2.º quartil,1061.0
2023,1910114,Oliveira do Bairro,Concelho,2.º quartil,1056.0
2023,1910115,Ovar,Concelho,2.º quartil,1340.0
2023,1910117,Sever do Vouga,Concelho,2.º quartil,710.0
2023,1910118,Vagos,Concelho,2.º quartil,1389.0
2023,192,Região de Coimbra,NUTS III,2.º quartil,1086.0
2023,1920111,Mealhada,Concelho,2.º quartil,749.0
2023,1920601,Arganil,Concelho,2.º quartil,577.0
2023,1920602,Cantanhede,Concelho,2.º quartil,822.0
2023,1920603,Coimbra,Concelho,2.º quartil,1734.0
2023,1920604,Condeixa-a-Nova,Concelho,2.º quartil,1199.0
2023,1920605,Figueira da Foz,Concelho,2.º quartil,1412.0
2023,1920606,Góis,Concelho,2.º quartil,424.0
2023,1920607,Lousã,Concelho,2.º quartil,817.0
2023,1920608,Mira,Concelho,2.º quartil,1317.0
2023,1920609,Miranda do Corvo,Concelho,2.º quartil,611.0
2023,1920610,Montemor-o-Velho,Concelho,2.º quartil,912.0
2023,2004701,Horta,Concelho,2.º quartil,1189.0
2023,2004801,Lajes das Flores,Concelho,2.º quartil,549.0
2023,2004802,Santa Cruz das Flores,Concelho,2.º quartil,
2023,2004901,Corvo,Concelho,2.º quartil,
2023,3,Região Autónoma da Madeira,NUTS I,2.º quartil,1889.0
2023,30,Região Autónoma da Madeira,NUTS II,2.º quartil,1889.0
2023,300,Região Autónoma da Madeira,NUTS III,2.º quartil,1889.0
2023,3003101,Calheta (R.A.M.),Concelho,2.º quartil,1376.0
2023,3003102,Câmara de Lobos,Concelho,2.º quartil,1511.0
2023,3003103,Funchal,Concelho,2.º quartil,2500.0
2023,3003104,Machico,Concelho,2.º quartil,1236.0
2023,3003105,Ponta do Sol,Concelho,2.º quartil,1446.0
2023,3003106,Porto Moniz,Concelho,2.º quartil,803.0
2023,3003107,Ribeira Brava,Concelho,2.º quartil,1088.0
2023,3003108,Santa Cruz,Concelho,2.º quartil,1798.0
2023,3003109,Santana,Concelho,2.º quartil,938.0
2023,3003110,São Vicente,Concelho,2.º quartil,1016.0
2023,3003201,Porto Santo,Concelho,2.º quartil,1630.0
2023,PT,Portugal,Nacional,2.º quartil,1611.0
2023,1111601,Arcos de Valdevez,Concelho,2.º quartil,813.0
2023,1,Continente,NUTS I,2.º quartil,1618.0
2023,11,Norte,NUTS II,2.º quartil,1394.0
2023,111,Alto Minho,NUTS III,2.º quartil,1108.0
2023,1111602,Caminha,Concelho,2.º quartil,1318.0
2023,1111603,Melgaço,Concelho,2.º quartil,404.0
2023,1111604,Monção,Concelho,2.º quartil,910.0
2023,1111605,Paredes de Coura,Concelho,2.º quartil,723.0
2023,1111610,Vila Nova de Cerveira,Concelho,2.º quartil,951.0
2023,112,Cávado,NUTS III,2.º quartil,1385.0
2023,1120301,Amares,Concelho,2.º quartil,1157.0
2023,1120302,Barcelos,Concelho,2.º quartil,1152.0
2023,1120303,Braga,Concelho,2.º quartil,1524.0
2023,1120306,Esposende,Concelho,2.º quartil,1518.0
2023,1120310,Terras de Bouro,Concelho,2.º quartil,823.0
2023,1120313,Vila Verde,Concelho,2.º quartil,1083.0
2023,119,Ave,NUTS III,2.º quartil,1150.0
2023,1190304,Cabeceiras de Basto,Concelho,2.º quartil,631.0
2023,1190307,Fafe,Concelho,2.º quartil,969.0
2023,1111606,Ponte da Barca,Concelho,2.º quartil,759.0
2023,1920611,Oliveira do Hospital,Concelho,2.º quartil,652.0
2023,1920612,Pampilhosa da Serra,Concelho,2.º quartil,228.0
2023,1920613,Penacova,Concelho,2.º quartil,524.0
2023,1920614,Penela,Concelho,2.º quartil,520.0
2023,1920615,Soure,Concelho,2.º quartil,594.0
2023,1920616,Tábua,Concelho,2.º quartil,618.0
2023,1920617,Vila Nova de Poiares,Concelho,2.º quartil,731.0
2023,1921808,Mortágua,Concelho,2.º quartil,583.0
2023,193,Região de Leiria,NUTS III,2.º quartil,1138.0
2023,1931002,Alvaiázere,Concelho,2.º quartil,515.0
2023,1931003,Ansião,Concelho,2.º quartil,481.0
2023,1931004,Batalha,Concelho,2.º quartil,998.0
2023,1931010,Marinha Grande,Concelho,2.º quartil,1136.0
2023,1931007,Castanheira de Pêra,Concelho,2.º quartil,446.0
2023,1931008,Figueiró dos Vinhos,Concelho,2.º quartil,630.0
2023,1931009,Leiria,Concelho,2.º quartil,1416.0
2023,1931013,Pedrógão Grande,Concelho,2.º quartil,536.0
2023,1931015,Pombal,Concelho,2.º quartil,980.0
2023,1931016,Porto de Mós,Concelho,2.º quartil,714.0
2023,194,Viseu Dão Lafões,NUTS III,2.º quartil,753.0
2023,1940901,Aguiar da Beira,Concelho,2.º quartil,343.0
2023,1941802,Carregal do Sal,Concelho,2.º quartil,541.0
2023,1941803,Castro Daire,Concelho,2.º quartil,423.0
2023,1941806,Mangualde,Concelho,2.º quartil,546.0
2023,1941809,Nelas,Concelho,2.º quartil,579.0
2023,1941810,Oliveira de Frades,Concelho,2.º quartil,603.0
2023,1941811,Penalva do Castelo,Concelho,2.º quartil,432.0
2023,1941814,Santa Comba Dão,Concelho,2.º quartil,484.0
2023,1A01115,Amadora,Concelho,2.º quartil,2260.0
2023,1A01116,Odivelas,Concelho,2.º quartil,2517.0
2023,1B,Península de Setúbal,NUTS II,2.º quartil,1901.0
2023,1B0,Península de Setúbal,NUTS III,2.º quartil,1901.0
2023,1B01502,Alcochete,Concelho,2.º quartil,2086.0
2023,1B01503,Almada,Concelho,2.º quartil,2374.0
2023,1B01504,Barreiro,Concelho,2.º quartil,1687.0
2023,1B01506,Moita,Concelho,2.º quartil,1498.0
2023,1B01507,Montijo,Concelho,2.º quartil,1840.0
2023,1B01508,Palmela,Concelho,2.º quartil,1764.0
2023,1B01510,Seixal,Concelho,2.º quartil,1992.0
2023,1B01511,Sesimbra,Concelho,2.º quartil,2086.0
2023,1B01512,Setúbal,Concelho,2.º quartil,1835.0
2023,1C40710,Redondo,Concelho,2.º quartil,707.0
2023,1C40711,Reguengos de Monsaraz,Concelho,2.º quartil,780.0
2023,1C40712,Vendas Novas,Concelho,2.º quartil,1086.0
2023,1C40713,Viana do Alentejo,Concelho,2.º quartil,645.0
2023,1C40714,Vila Viçosa,Concelho,2.º quartil,647.0
2023,1D,Oeste e Vale do Tejo,NUTS II,2.º quartil,1140.0
2023,1D1,Oeste,NUTS III,2.º quartil,1469.0
2023,1D11001,Alcobaça,Concelho,2.º quartil,1274.0
2023,1D11005,Bombarral,Concelho,2.º quartil,1115.0
2023,1D11006,Caldas da Rainha,Concelho,2.º quartil,1500.0
2023,1D11011,Nazaré,Concelho,2.º quartil,2059.0
2023,1D11012,Óbidos,Concelho,2.º quartil,1790.0
2023,1D11014,Peniche,Concelho,2.º quartil,1683.0
2023,1D11101,Alenquer,Concelho,2.º quartil,1389.0
2023,1C31212,Nisa,Concelho,2.º quartil,321.0
2023,1C31213,Ponte de Sor,Concelho,2.º quartil,718.0
2023,1C31214,Portalegre,Concelho,2.º quartil,723.0
2023,1C40702,Arraiolos,Concelho,2.º quartil,855.0
2023,1C31215,Sousel,Concelho,2.º quartil,500.0
2023,1C4,Alentejo Central,NUTS III,2.º quartil,961.0
2023,1C40701,Alandroal,Concelho,2.º quartil,534.0
2023,1C40703,Borba,Concelho,2.º quartil,658.0
2023,1C40704,Estremoz,Concelho,2.º quartil,704.0
2023,1C40705,Évora,Concelho,2.º quartil,1864.0
2023,1C40706,Montemor-o-Novo,Concelho,2.º quartil,1101.0
2023,1C40707,Mora,Concelho,2.º quartil,673.0
2023,1C11509,Santiago do Cacém,Concelho,2.º quartil,1549.0
2023,1C11513,Sines,Concelho,2.º quartil,1925.0
2023,1C2,Baixo Alentejo,NUTS III,2.º quartil,629.0
2023,1C20201,Aljustrel,Concelho,2.º quartil,584.0
2023,1C20202,Almodôvar,Concelho,2.º quartil,625.0
2023,1C20203,Alvito,Concelho,2.º quartil,495.0
2023,1C20204,Barrancos,Concelho,2.º quartil,
2023,1C20205,Beja,Concelho,2.º quartil,932.0
2023,1C20206,Castro Verde,Concelho,2.º quartil,514.0
2023,1C20207,Cuba,Concelho,2.º quartil,614.0
2023,1C20208,Ferreira do Alentejo,Concelho,2.º quartil,582.0
2023,1C20209,Mértola,Concelho,2.º quartil,417.0
2023,1C20210,Moura,Concelho,2.º quartil,514.0
2023,1C20212,Ourique,Concelho,2.º quartil,765.0
2023,1C20213,Serpa,Concelho,2.º quartil,561.0
2023,1C20214,Vidigueira,Concelho,2.º quartil,618.0
2023,1C3,Alto Alentejo,NUTS III,2.º quartil,520.0
2023,1C31201,Alter do Chão,Concelho,2.º quartil,469.0
2023,1C31202,Arronches,Concelho,2.º quartil,388.0
2023,1C31203,Avis,Concelho,2.º quartil,603.0
2023,1C31204,Campo Maior,Concelho,2.º quartil,480.0
2023,1C31205,Castelo de Vide,Concelho,2.º quartil,529.0
2023,1C31209,Gavião,Concelho,2.º quartil,400.0
2023,1C31206,Crato,Concelho,2.º quartil,331.0
2023,1C31207,Elvas,Concelho,2.º quartil,613.0
2023,1C31208,Fronteira,Concelho,2.º quartil,511.0
2023,1C31210,Marvão,Concelho,2.º quartil,402.0
2023,1C31211,Monforte,Concelho,2.º quartil,504.0
2023,1C40708,Mourão,Concelho,2.º quartil,523.0
2023,1C40709,Portel,Concelho,2.º quartil,465.0
2023,1D11102,Arruda dos Vinhos,Concelho,2.º quartil,1464.0
2023,1D11104,Cadaval,Concelho,2.º quartil,912.0
2023,1D11108,Lourinhã,Concelho,2.º quartil,1473.0
2023,1D11112,Sobral de Monte Agraço,Concelho,2.º quartil,1164.0
2023,1D11113,Torres Vedras,Concelho,2.º quartil,1581.0
2023,1D2,Médio Tejo,NUTS III,2.º quartil,833.0
2023,1D21401,Abrantes,Concelho,2.º quartil,625.0
2023,1D21402,Alcanena,Concelho,2.º quartil,492.0
2023,1D21408,Constância,Concelho,2.º quartil,737.0
2023,1D21410,Entroncamento,Concelho,2.º quartil,1027.0
2023,1D21411,Ferreira do Zêzere,Concelho,2.º quartil,675.0
2023,1D21413,Mação,Concelho,2.º quartil,273.0
2023,1D21417,Sardoal,Concelho,2.º quartil,488.0
2023,1D21418,Tomar,Concelho,2.º quartil,937.0
2023,1D21419,Torres Novas,Concelho,2.º quartil,812.0
2023,1D21420,Vila Nova da Barquinha,Concelho,2.º quartil,989.0
2023,1D21421,Ourém,Concelho,2.º quartil,960.0
2023,1D31103,Azambuja,Concelho,2.º quartil,1210.0
2023,1D31403,Almeirim,Concelho,2.º quartil,908.0
2023,1D31404,Alpiarça,Concelho,2.º quartil,895.0
2023,1D31405,Benavente,Concelho,2.º quartil,1354.0
2023,1D31406,Cartaxo,Concelho,2.º quartil,1087.0
2023,1D31407,Chamusca,Concelho,2.º quartil,587.0
2023,1D31409,Coruche,Concelho,2.º quartil,889.0
2023,1D31412,Golegã,Concelho,2.º quartil,892.0
2023,1D31416,Santarém,Concelho,2.º quartil,985.0
2023,1D31414,Rio Maior,Concelho,2.º quartil,855.0
2023,1D3,Lezíria do Tejo,NUTS III,2.º quartil,1061.0
2023,1D31415,Salvaterra de Magos,Concelho,2.º quartil,1258.0
2023,2,Região Autónoma dos Açores,NUTS I,2.º quartil,1105.0
2023,20,Região Autónoma dos Açores,NUTS II,2.º quartil,1105.0
2023,200,Região Autónoma dos Açores,NUTS III,2.º quartil,1105.0
2023,2004101,Vila do Porto,Concelho,2.º quartil,1000.0
2023,2004201,Lagoa (R.A.A.),Concelho,2.º quartil,1379.0
2023,2004202,Nordeste,Concelho,2.º quartil,805.0
2023,2004203,Ponta Delgada,Concelho,2.º quartil,1497.0
2023,2004204,Povoação,Concelho,2.º quartil,772.0
2023,1111607,Ponte de Lima,Concelho,2.º quartil,1128.0
2023,11D1815,São João da Pesqueira,Concelho,2.º quartil,286.0
2023,1111608,Valença,Concelho,2.º quartil,945.0
2023,1111609,Viana do Castelo,Concelho,2.º quartil,1289.0
2023,1190308,Guimarães,Concelho,2.º quartil,1219.0
2023,11D1818,Sernancelhe,Concelho,2.º quartil,229.0
2023,11D1819,Tabuaço,Concelho,2.º quartil,226.0
2023,11D1820,Tarouca,Concelho,2.º quartil,687.0
2023,11E,Terras de Trás-os-Montes,NUTS III,2.º quartil,699.0
2023,11E0401,Alfândega da Fé,Concelho,2.º quartil,331.0
2023,11E0402,Bragança,Concelho,2.º quartil,899.0
2023,11E0405,Macedo de Cavaleiros,Concelho,2.º quartil,540.0
2023,11E0406,Miranda do Douro,Concelho,2.º quartil,299.0
2023,11E0407,Mirandela,Concelho,2.º quartil,750.0
2023,11E0408,Mogadouro,Concelho,2.º quartil,350.0
2023,11E0410,Vila Flor,Concelho,2.º quartil,330.0
2023,11E0411,Vimioso,Concelho,2.º quartil,301.0
2023,11E0412,Vinhais,Concelho,2.º quartil,442.0
2023,15,Algarve,NUTS II,2.º quartil,2613.0
2023,150,Algarve,NUTS III,2.º quartil,2613.0
2023,1500801,Albufeira,Concelho,2.º quartil,2775.0
2023,1500802,Alcoutim,Concelho,2.º quartil,795.0
2023,1500803,Aljezur,Concelho,2.º quartil,2929.0
2023,1500804,Castro Marim,Concelho,2.º quartil,2152.0
2023,1500805,Faro,Concelho,2.º quartil,2315.0
2023,1500806,Lagoa,Concelho,2.º quartil,2640.0
2023,1500807,Lagos,Concelho,2.º quartil,3182.0
2023,1500808,Loulé,Concelho,2.º quartil,3269.0
2023,1500809,Monchique,Concelho,2.º quartil,1057.0
2023,1500810,Olhão,Concelho,2.º quartil,2085.0
2023,1500811,Portimão,Concelho,2.º quartil,2541.0
2023,1500812,São Brás de Alportel,Concelho,2.º quartil,1843.0
2023,1500813,Silves,Concelho,2.º quartil,2180.0
2023,1500814,Tavira,Concelho,2.º quartil,2826.0
2023,1500815,Vila do Bispo,Concelho,2.º quartil,3162.0
2023,1500816,Vila Real de Santo António,Concelho,2.º quartil,2311.0
2023,19,Centro,NUTS II,2.º quartil,961.0
2023,1910103,Anadia,Concelho,2.º quartil,654.0
2023,191,Região de Aveiro,NUTS III,2.º quartil,1283.0
2023,2004205,Ribeira Grande,Concelho,2.º quartil,1000.0
2023,2004206,Vila Franca do Campo,Concelho,2.º quartil,969.0
2023,2004301,Angra do Heroísmo,Concelho,2.º quartil,976.0
2023,2004302,Vila da Praia da Vitória,Concelho,2.º quartil,969.0
2023,2004401,Santa Cruz da Graciosa,Concelho,2.º quartil,322.0
2023,2004501,Calheta (R.A.A.),Concelho,2.º quartil,545.0
2023,2004502,Velas,Concelho,2.º quartil,683.0
2023,2004601,Lajes do Pico,Concelho,2.º quartil,646.0
2023,2004602,Madalena,Concelho,2.º quartil,765.0
2023,2004603,São Roque do Pico,Concelho,2.º quartil,1163.0
2023,11D0914,Vila Nova de Foz Côa,Concelho,2.º quartil,313.0
2023,11D1704,Mesão Frio,Concelho,2.º quartil,
2023,11D1707,Murça,Concelho,2.º quartil,424.0
2023,11D1701,Alijó,Concelho,2.º quartil,482.0
2023,11D1708,Peso da Régua,Concelho,2.º quartil,995.0
2023,11D1710,Sabrosa,Concelho,2.º quartil,427.0
2023,11B1706,Montalegre,Concelho,2.º quartil,687.0
2023,11B1709,Ribeira de Pena,Concelho,2.º quartil,435.0
2023,11B1712,Valpaços,Concelho,2.º quartil,570.0
2023,11B1713,Vila Pouca de Aguiar,Concelho,2.º quartil,569.0
2023,11C,Tâmega e Sousa,NUTS III,2.º quartil,913.0
2023,11C0106,Castelo de Paiva,Concelho,2.º quartil,916.0
2023,11C0305,Celorico de Basto,Concelho,2.º quartil,686.0
2023,11A0104,Arouca,Concelho,2.º quartil,924.0
2023,11A0113,Oliveira de Azeméis,Concelho,2.º quartil,1000.0
2023,11A0116,São João da Madeira,Concelho,2.º quartil,1084.0
2023,11A0119,Vale de Cambra,Concelho,2.º quartil,1172.0
2023,11A1304,Gondomar,Concelho,2.º quartil,1570.0
2023,11A1306,Maia,Concelho,2.º quartil,1806.0
2023,11A1308,Matosinhos,Concelho,2.º quartil,2491.0
2023,11A1310,Paredes,Concelho,2.º quartil,1081.0
2023,11A1312,Porto,Concelho,2.º quartil,2866.0
2023,11A1313,Póvoa de Varzim,Concelho,2.º quartil,1737.0
2023,11A1314,Santo Tirso,Concelho,2.º quartil,1178.0
2023,11A1315,Valongo,Concelho,2.º quartil,1528.0
2023,11A1316,Vila do Conde,Concelho,2.º quartil,1736.0
2023,11A1317,Vila Nova de Gaia,Concelho,2.º quartil,1873.0
2023,11A1318,Trofa,Concelho,2.º quartil,1279.0
2023,11B,Alto Tâmega e Barroso,NUTS III,2.º quartil,735.0
2023,11B1702,Boticas,Concelho,2.º quartil,471.0
2023,11B1703,Chaves,Concelho,2.º quartil,887.0
2023,1950502,Castelo Branco,Concelho,3.º quartil,1049.0
2023,1950505,Idanha-a-Nova,Concelho,3.º quartil,500.0
2023,1950506,Oleiros,Concelho,3.º quartil,
2023,1950507,Penamacor,Concelho,3.º quartil,527.0
2023,1950508,Proença-a-Nova,Concelho,3.º quartil,704.0
2023,1950509,Sertã,Concelho,3.º quartil,1008.0
2023,1950510,Vila de Rei,Concelho,3.º quartil,909.0
2023,1950511,Vila Velha de Ródão,Concelho,3.º quartil,450.0
2023,196,Beiras e Serra da Estrela,NUTS III,3.º quartil,941.0
2023,1960501,Belmonte,Concelho,3.º quartil,973.0
2023,1960503,Covilhã,Concelho,3.º quartil,1176.0
2023,1960504,Fundão,Concelho,3.º quartil,984.0
2023,1190311,Vieira do Minho,Concelho,3.º quartil,1104.0
2023,1960902,Almeida,Concelho,3.º quartil,565.0
2023,1960903,Celorico da Beira,Concelho,3.º quartil,575.0
2023,1190309,Póvoa de Lanhoso,Concelho,3.º quartil,1294.0
2023,1190312,Vila Nova de Famalicão,Concelho,3.º quartil,1515.0
2023,1190314,Vizela,Concelho,3.º quartil,1303.0
2023,1191705,Mondim de Basto,Concelho,3.º quartil,880.0
2023,11A,Área Metropolitana do Porto,NUTS III,3.º quartil,2529.0
2023,11A0107,Espinho,Concelho,3.º quartil,2470.0
2023,11A0109,Santa Maria da Feira,Concelho,3.º quartil,1461.0
2023,11D0403,Carrazeda de Ansiães,Concelho,3.º quartil,515.0
2023,11D0404,Freixo de Espada à Cinta,Concelho,3.º quartil,
2023,11D0409,Torre de Moncorvo,Concelho,3.º quartil,694.0
2023,11D1711,Santa Marta de Penaguião,Concelho,3.º quartil,
2023,11D1714,Vila Real,Concelho,3.º quartil,1810.0
2023,11D1801,Armamar,Concelho,3.º quartil,635.0
2023,11D1805,Lamego,Concelho,3.º quartil,1088.0
2023,11D1807,Moimenta da Beira,Concelho,3.º quartil,817.0
2023,11D1812,Penedono,Concelho,3.º quartil,
2023,1960904,Figueira de Castelo Rodrigo,Concelho,3.º quartil,352.0
2023,1960905,Fornos de Algodres,Concelho,3.º quartil,618.0
2023,1960906,Gouveia,Concelho,3.º quartil,720.0
2023,1960907,Guarda,Concelho,3.º quartil,1025.0
2023,1960908,Manteigas,Concelho,3.º quartil,626.0
2023,1960909,Mêda,Concelho,3.º quartil,417.0
2023,1960910,Pinhel,Concelho,3.º quartil,587.0
2023,1960911,Sabugal,Concelho,3.º quartil,630.0
2023,1960912,Seia,Concelho,3.º quartil,867.0
2023,1960913,Trancoso,Concelho,3.º quartil,746.0
2023,1A01106,Lisboa,Concelho,3.º quartil,5376.0
2023,1A,Grande Lisboa,NUTS II,3.º quartil,3953.0
2023,1A0,Grande Lisboa,NUTS III,3.º quartil,3953.0
2023,11C1305,Lousada,Concelho,3.º quartil,1234.0
2023,11C1301,Amarante,Concelho,3.º quartil,1155.0
2023,11C1302,Baião,Concelho,3.º quartil,1009.0
2023,11C1303,Felgueiras,Concelho,3.º quartil,1222.0
2023,11C1307,Marco de Canaveses,Concelho,3.º quartil,1271.0
2023,11C1309,Paços de Ferreira,Concelho,3.º quartil,1265.0
2023,11C1311,Penafiel,Concelho,3.º quartil,1398.0
2023,11C1804,Cinfães,Concelho,3.º quartil,1085.0
2023,11C1813,Resende,Concelho,3.º quartil,901.0
2023,11D,Douro,NUTS III,3.º quartil,1071.0
2023,1A01105,Cascais,Concelho,3.º quartil,5466.0
2023,1A01107,Loures,Concelho,3.º quartil,3060.0
2023,1A01109,Mafra,Concelho,3.º quartil,2913.0
2023,1A01110,Oeiras,Concelho,3.º quartil,3833.0
2023,1A01111,Sintra,Concelho,3.º quartil,2336.0
2023,1A01114,Vila Franca de Xira,Concelho,3.º quartil,2238.0
2023,1C,Alentejo,NUTS II,3.º quartil,1383.0
2023,1C1,Alentejo Litoral,NUTS III,3.º quartil,2258.0
2023,1C10211,Odemira,Concelho,3.º quartil,2105.0
2023,1C11501,Alcácer do Sal,Concelho,3.º quartil,2127.0
2023,1C11505,Grândola,Concelho,3.º quartil,4617.0
2023,1941816,São Pedro do Sul,Concelho,3.º quartil,1308.0
2023,1941817,Sátão,Concelho,3.º quartil,776.0
2023,1941821,Tondela,Concelho,3.º quartil,1057.0
2023,1941822,Vila Nova de Paiva,Concelho,3.º quartil,833.0
2023,1941823,Viseu,Concelho,3.º quartil,1598.0
2023,1941824,Vouzela,Concelho,3.º quartil,1090.0
2023,195,Beira Baixa,NUTS III,3.º quartil,953.0
2023,1910101,Águeda,Concelho,3.º quartil,1329.0
2023,1910102,Albergaria-a-Velha,Concelho,3.º quartil,1250.0
2023,1910105,Aveiro,Concelho,3.º quartil,2679.0
2023,1910108,Estarreja,Concelho,3.º quartil,1431.0
2023,1910110,Ílhavo,Concelho,3.º quartil,2452.0
2023,1910112,Murtosa,Concelho,3.º quartil,1384.0
2023,1910114,Oliveira do Bairro,Concelho,3.º quartil,1262.0
2023,1910115,Ovar,Concelho,3.º quartil,1736.0
2023,1910117,Sever do Vouga,Concelho,3.º quartil,984.0
2023,1910118,Vagos,Concelho,3.º quartil,1755.0
2023,192,Região de Coimbra,NUTS III,3.º quartil,1714.0
2023,1920111,Mealhada,Concelho,3.º quartil,1088.0
2023,1920601,Arganil,Concelho,3.º quartil,936.0
2023,1920602,Cantanhede,Concelho,3.º quartil,1209.0
2023,1920603,Coimbra,Concelho,3.º quartil,2424.0
2023,1920604,Condeixa-a-Nova,Concelho,3.º quartil,1492.0
2023,1920605,Figueira da Foz,Concelho,3.º quartil,1892.0
2023,1920606,Góis,Concelho,3.º quartil,722.0
2023,1920607,Lousã,Concelho,3.º quartil,1084.0
2023,1920608,Mira,Concelho,3.º quartil,1742.0
2023,1920609,Miranda do Corvo,Concelho,3.º quartil,866.0
2023,1920610,Montemor-o-Velho,Concelho,3.º quartil,1248.0
2023,2004701,Horta,Concelho,3.º quartil,1524.0
2023,2004801,Lajes das Flores,Concelho,3.º quartil,1429.0
2023,2004802,Santa Cruz das Flores,Concelho,3.º quartil,
2023,2004901,Corvo,Concelho,3.º quartil,
2023,3,Região Autónoma da Madeira,NUTS I,3.º quartil,2677.0
2023,30,Região Autónoma da Madeira,NUTS II,3.º quartil,2677.0
2023,300,Região Autónoma da Madeira,NUTS III,3.º quartil,2677.0
2023,3003101,Calheta (R.A.M.),Concelho,3.º quartil,2326.0
2023,3003102,Câmara de Lobos,Concelho,3.º quartil,2046.0
2023,3003103,Funchal,Concelho,3.º quartil,3167.0
2023,3003104,Machico,Concelho,3.º quartil,1881.0
2023,3003105,Ponta do Sol,Concelho,3.º quartil,2214.0
2023,3003106,Porto Moniz,Concelho,3.º quartil,1637.0
2023,3003107,Ribeira Brava,Concelho,3.º quartil,1874.0
2023,3003108,Santa Cruz,Concelho,3.º quartil,2124.0
2023,3003109,Santana,Concelho,3.º quartil,1301.0
2023,3003110,São Vicente,Concelho,3.º quartil,1681.0
2023,3003201,Porto Santo,Concelho,3.º quartil,2117.0
2023,PT,Portugal,Nacional,3.º quartil,2447.0
2023,1111601,Arcos de Valdevez,Concelho,3.º quartil,1426.0
2023,1,Continente,NUTS I,3.º quartil,2456.0
2023,11,Norte,NUTS II,3.º quartil,2000.0
2023,111,Alto Minho,NUTS III,3.º quartil,1542.0
2023,1111602,Caminha,Concelho,3.º quartil,1750.0
2023,1111603,Melgaço,Concelho,3.º quartil,733.0
2023,1111604,Monção,Concelho,3.º quartil,1345.0
2023,1111605,Paredes de Coura,Concelho,3.º quartil,1189.0
2023,1111610,Vila Nova de Cerveira,Concelho,3.º quartil,1442.0
2023,112,Cávado,NUTS III,3.º quartil,1763.0
2023,1120301,Amares,Concelho,3.º quartil,1525.0
2023,1120302,Barcelos,Concelho,3.º quartil,1471.0
2023,1120303,Braga,Concelho,3.º quartil,1905.0
2023,1120306,Esposende,Concelho,3.º quartil,1930.0
2023,1120310,Terras de Bouro,Concelho,3.º quartil,1318.0
2023,1120313,Vila Verde,Concelho,3.º quartil,1402.0
2023,119,Ave,NUTS III,3.º quartil,1457.0
2023,1190304,Cabeceiras de Basto,Concelho,3.º quartil,1042.0
2023,1190307,Fafe,Concelho,3.º quartil,1301.0
2023,1111606,Ponte da Barca,Concelho,3.º quartil,1104.0
2023,1920611,Oliveira do Hospital,Concelho,3.º quartil,927.0
2023,1920612,Pampilhosa da Serra,Concelho,3.º quartil,500.0
2023,1920613,Penacova,Concelho,3.º quartil,754.0
2023,1920614,Penela,Concelho,3.º quartil,1060.0
2023,1920615,Soure,Concelho,3.º quartil,898.0
2023,1920616,Tábua,Concelho,3.º quartil,819.0
2023,1920617,Vila Nova de Poiares,Concelho,3.º quartil,1002.0
2023,1921808,Mortágua,Concelho,3.º quartil,962.0
2023,193,Região de Leiria,NUTS III,3.º quartil,1561.0
2023,1931002,Alvaiázere,Concelho,3.º quartil,833.0
2023,1931003,Ansião,Concelho,3.º quartil,831.0
2023,1931004,Batalha,Concelho,3.º quartil,1291.0
2023,1931010,Marinha Grande,Concelho,3.º quartil,1398.0
2023,1931007,Castanheira de Pêra,Concelho,3.º quartil,624.0
2023,1931008,Figueiró dos Vinhos,Concelho,3.º quartil,1040.0
2023,1931009,Leiria,Concelho,3.º quartil,1826.0
2023,1931013,Pedrógão Grande,Concelho,3.º quartil,913.0
2023,1931015,Pombal,Concelho,3.º quartil,1469.0
2023,1931016,Porto de Mós,Concelho,3.º quartil,1066.0
2023,194,Viseu Dão Lafões,NUTS III,3.º quartil,1216.0
2023,1940901,Aguiar da Beira,Concelho,3.º quartil,655.0
2023,1941802,Carregal do Sal,Concelho,3.º quartil,843.0
2023,1941803,Castro Daire,Concelho,3.º quartil,778.0
2023,1941806,Mangualde,Concelho,3.º quartil,853.0
2023,1941809,Nelas,Concelho,3.º quartil,843.0
2023,1941810,Oliveira de Frades,Concelho,3.º quartil,1023.0
2023,1941811,Penalva do Castelo,Concelho,3.º quartil,759.0
2023,1941814,Santa Comba Dão,Concelho,3.º quartil,763.0
2023,1A01115,Amadora,Concelho,3.º quartil,2654.0
2023,1A01116,Odivelas,Concelho,3.º quartil,2984.0
2023,1B,Península de Setúbal,NUTS II,3.º quartil,2353.0
2023,1B0,Península de Setúbal,NUTS III,3.º quartil,2353.0
2023,1B01502,Alcochete,Concelho,3.º quartil,2639.0
2023,1B01503,Almada,Concelho,3.º quartil,3016.0
2023,1B01504,Barreiro,Concelho,3.º quartil,1980.0
2023,1B01506,Moita,Concelho,3.º quartil,1767.0
2023,1B01507,Montijo,Concelho,3.º quartil,2194.0
2023,1B01508,Palmela,Concelho,3.º quartil,2056.0
2023,1B01510,Seixal,Concelho,3.º quartil,2361.0
2023,1B01511,Sesimbra,Concelho,3.º quartil,2585.0
2023,1B01512,Setúbal,Concelho,3.º quartil,2271.0
2023,1C40710,Redondo,Concelho,3.º quartil,1021.0
2023,1C40711,Reguengos de Monsaraz,Concelho,3.º quartil,1075.0
2023,1C40712,Vendas Novas,Concelho,3.º quartil,1482.0
2023,1C40713,Viana do Alentejo,Concelho,3.º quartil,1000.0
2023,1C40714,Vila Viçosa,Concelho,3.º quartil,984.0
2023,1D,Oeste e Vale do Tejo,NUTS II,3.º quartil,1618.0
2023,1D1,Oeste,NUTS III,3.º quartil,1957.0
2023,1D11001,Alcobaça,Concelho,3.º quartil,1901.0
2023,1D11005,Bombarral,Concelho,3.º quartil,1514.0
2023,1D11006,Caldas da Rainha,Concelho,3.º quartil,1969.0
2023,1D11011,Nazaré,Concelho,3.º quartil,2816.0
2023,1D11012,Óbidos,Concelho,3.º quartil,2264.0
2023,1D11014,Peniche,Concelho,3.º quartil,2261.0
2023,1D11101,Alenquer,Concelho,3.º quartil,1688.0
2023,1C31212,Nisa,Concelho,3.º quartil,600.0
2023,1C31213,Ponte de Sor,Concelho,3.º quartil,1022.0
2023,1C31214,Portalegre,Concelho,3.º quartil,1028.0
2023,1C40702,Arraiolos,Concelho,3.º quartil,1321.0
2023,1C31215,Sousel,Concelho,3.º quartil,802.0
2023,1C4,Alentejo Central,NUTS III,3.º quartil,1667.0
2023,1C40701,Alandroal,Concelho,3.º quartil,800.0
2023,1C40703,Borba,Concelho,3.º quartil,917.0
2023,1C40704,Estremoz,Concelho,3.º quartil,1112.0
2023,1C40705,Évora,Concelho,3.º quartil,2460.0
2023,1C40706,Montemor-o-Novo,Concelho,3.º quartil,1510.0
2023,1C40707,Mora,Concelho,3.º quartil,996.0
2023,1C11509,Santiago do Cacém,Concelho,3.º quartil,1931.0
2023,1C11513,Sines,Concelho,3.º quartil,2452.0
2023,1C2,Baixo Alentejo,NUTS III,3.º quartil,1008.0
2023,1C20201,Aljustrel,Concelho,3.º quartil,895.0
2023,1C20202,Almodôvar,Concelho,3.º quartil,1015.0
2023,1C20203,Alvito,Concelho,3.º quartil,839.0
2023,1C20204,Barrancos,Concelho,3.º quartil,
2023,1C20205,Beja,Concelho,3.º quartil,1307.0
2023,1C20206,Castro Verde,Concelho,3.º quartil,1044.0
2023,1C20207,Cuba,Concelho,3.º quartil,860.0
2023,1C20208,Ferreira do Alentejo,Concelho,3.º quartil,1037.0
2023,1C20209,Mértola,Concelho,3.º quartil,893.0
2023,1C20210,Moura,Concelho,3.º quartil,791.0
2023,1C20212,Ourique,Concelho,3.º quartil,910.0
2023,1C20213,Serpa,Concelho,3.º quartil,900.0
2023,1C20214,Vidigueira,Concelho,3.º quartil,900.0
2023,1C3,Alto Alentejo,NUTS III,3.º quartil,875.0
2023,1C31201,Alter do Chão,Concelho,3.º quartil,703.0
2023,1C31202,Arronches,Concelho,3.º quartil,578.0
2023,1C31203,Avis,Concelho,3.º quartil,828.0
2023,1C31204,Campo Maior,Concelho,3.º quartil,784.0
2023,1C31205,Castelo de Vide,Concelho,3.º quartil,952.0
2023,1C31209,Gavião,Concelho,3.º quartil,573.0
2023,1C31206,Crato,Concelho,3.º quartil,476.0
2023,1C31207,Elvas,Concelho,3.º quartil,990.0
2023,1C31208,Fronteira,Concelho,3.º quartil,786.0
2023,1C31210,Marvão,Concelho,3.º quartil,688.0
2023,1C31211,Monforte,Concelho,3.º quartil,681.0
2023,1C40708,Mourão,Concelho,3.º quartil,985.0
2023,1C40709,Portel,Concelho,3.º quartil,767.0
2023,1D11102,Arruda dos Vinhos,Concelho,3.º quartil,1871.0
2023,1D11104,Cadaval,Concelho,3.º quartil,1319.0
2023,1D11108,Lourinhã,Concelho,3.º quartil,1932.0
2023,1D11112,Sobral de Monte Agraço,Concelho,3.º quartil,1701.0
2023,1D11113,Torres Vedras,Concelho,3.º quartil,2072.0
2023,1D2,Médio Tejo,NUTS III,3.º quartil,1172.0
2023,1D21401,Abrantes,Concelho,3.º quartil,920.0
2023,1D21402,Alcanena,Concelho,3.º quartil,819.0
2023,1D21408,Constância,Concelho,3.º quartil,1314.0
2023,1D21410,Entroncamento,Concelho,3.º quartil,1207.0
2023,1D21411,Ferreira do Zêzere,Concelho,3.º quartil,1169.0
2023,1D21413,Mação,Concelho,3.º quartil,544.0
2023,1D21417,Sardoal,Concelho,3.º quartil,804.0
2023,1D21418,Tomar,Concelho,3.º quartil,1454.0
2023,1D21419,Torres Novas,Concelho,3.º quartil,1093.0
2023,1D21420,Vila Nova da Barquinha,Concelho,3.º quartil,1258.0
2023,1D21421,Ourém,Concelho,3.º quartil,1391.0
2023,1D31103,Azambuja,Concelho,3.º quartil,1570.0
2023,1D31403,Almeirim,Concelho,3.º quartil,1196.0
2023,1D31404,Alpiarça,Concelho,3.º quartil,1152.0
2023,1D31405,Benavente,Concelho,3.º quartil,1606.0
2023,1D31406,Cartaxo,Concelho,3.º quartil,1366.0
2023,1D31407,Chamusca,Concelho,3.º quartil,891.0
2023,1D31409,Coruche,Concelho,3.º quartil,1234.0
2023,1D31412,Golegã,Concelho,3.º quartil,1094.0
2023,1D31416,Santarém,Concelho,3.º quartil,1399.0
2023,1D31414,Rio Maior,Concelho,3.º quartil,1254.0
2023,1D3,Lezíria do Tejo,NUTS III,3.º quartil,1422.0
2023,1D31415,Salvaterra de Magos,Concelho,3.º quartil,1573.0
2023,2,Região Autónoma dos Açores,NUTS I,3.º quartil,1600.0
2023,20,Região Autónoma dos Açores,NUTS II,3.º quartil,1600.0
2023,200,Região Autónoma dos Açores,NUTS III,3.º quartil,1600.0
2023,2004101,Vila do Porto,Concelho,3.º quartil,1462.0
2023,2004201,Lagoa (R.A.A.),Concelho,3.º quartil,1643.0
2023,2004202,Nordeste,Concelho,3.º quartil,1220.0
2023,2004203,Ponta Delgada,Concelho,3.º quartil,2044.0
2023,2004204,Povoação,Concelho,3.º quartil,1367.0
2023,1111607,Ponte de Lima,Concelho,3.º quartil,1526.0
2023,11D1815,São João da Pesqueira,Concelho,3.º quartil,556.0
2023,1111608,Valença,Concelho,3.º quartil,1415.0
2023,1111609,Viana do Castelo,Concelho,3.º quartil,1714.0
2023,1190308,Guimarães,Concelho,3.º quartil,1541.0
2023,11D1818,Sernancelhe,Concelho,3.º quartil,490.0
2023,11D1819,Tabuaço,Concelho,3.º quartil,603.0
2023,11D1820,Tarouca,Concelho,3.º quartil,808.0
2023,11E,Terras de Trás-os-Montes,NUTS III,3.º quartil,1019.0
2023,11E0401,Alfândega da Fé,Concelho,3.º quartil,667.0
2023,11E0402,Bragança,Concelho,3.º quartil,1172.0
2023,11E0405,Macedo de Cavaleiros,Concelho,3.º quartil,760.0
2023,11E0406,Miranda do Douro,Concelho,3.º quartil,488.0
2023,11E0407,Mirandela,Concelho,3.º quartil,1091.0
2023,11E0408,Mogadouro,Concelho,3.º quartil,770.0
2023,11E0410,Vila Flor,Concelho,3.º quartil,525.0
2023,11E0411,Vimioso,Concelho,3.º quartil,484.0
2023,11E0412,Vinhais,Concelho,3.º quartil,718.0
2023,15,Algarve,NUTS II,3.º quartil,3438.0
2023,150,Algarve,NUTS III,3.º quartil,3438.0
2023,1500801,Albufeira,Concelho,3.º quartil,3474.0
2023,1500802,Alcoutim,Concelho,3.º quartil,1243.0
2023,1500803,Aljezur,Concelho,3.º quartil,3557.0
2023,1500804,Castro Marim,Concelho,3.º quartil,2876.0
2023,1500805,Faro,Concelho,3.º quartil,3028.0
2023,1500806,Lagoa,Concelho,3.º quartil,3537.0
2023,1500807,Lagos,Concelho,3.º quartil,3926.0
2023,1500808,Loulé,Concelho,3.º quartil,4483.0
2023,1500809,Monchique,Concelho,3.º quartil,2000.0
2023,1500810,Olhão,Concelho,3.º quartil,2700.0
2023,1500811,Portimão,Concelho,3.º quartil,3116.0
2023,1500812,São Brás de Alportel,Concelho,3.º quartil,2320.0
2023,1500813,Silves,Concelho,3.º quartil,2792.0
2023,1500814,Tavira,Concelho,3.º quartil,3551.0
2023,1500815,Vila do Bispo,Concelho,3.º quartil,4012.0
2023,1500816,Vila Real de Santo António,Concelho,3.º quartil,2998.0
2023,19,Centro,NUTS II,3.º quartil,1481.0
2023,1910103,Anadia,Concelho,3.º quartil,1017.0
2023,191,Região de Aveiro,NUTS III,3.º quartil,1835.0
2023,2004205,Ribeira Grande,Concelho,3.º quartil,1466.0
2023,2004206,Vila Franca do Campo,Concelho,3.º quartil,1369.0
2023,2004301,Angra do Heroísmo,Concelho,3.º quartil,1314.0
2023,2004302,Vila da Praia da Vitória,Concelho,3.º quartil,1438.0
2023,2004401,Santa Cruz da Graciosa,Concelho,3.º quartil,467.0
2023,2004501,Calheta (R.A.A.),Concelho,3.º quartil,1182.0
2023,2004502,Velas,Concelho,3.º quartil,1042.0
2023,2004601,Lajes do Pico,Concelho,3.º quartil,1147.0
2023,2004602,Madalena,Concelho,3.º quartil,1481.0
2023,2004603,São Roque do Pico,Concelho,3.º quartil,1715.0
2023,11D0914,Vila Nova de Foz Côa,Concelho,3.º quartil,590.0
2023,11D1704,Mesão Frio,Concelho,3.º quartil,
2023,11D1707,Murça,Concelho,3.º quartil,681.0
2023,11D1701,Alijó,Concelho,3.º quartil,833.0
2023,11D1708,Peso da Régua,Concelho,3.º quartil,1175.0
2023,11D1710,Sabrosa,Concelho,3.º quartil,798.0
2023,11B1706,Montalegre,Concelho,3.º quartil,947.0
2023,11B1709,Ribeira de Pena,Concelho,3.º quartil,743.0
2023,11B1712,Valpaços,Concelho,3.º quartil,830.0
2023,11B1713,Vila Pouca de Aguiar,Concelho,3.º quartil,817.0
2023,11C,Tâmega e Sousa,NUTS III,3.º quartil,1224.0
2023,11C0106,Castelo de Paiva,Concelho,3.º quartil,1114.0
2023,11C0305,Celorico de Basto,Concelho,3.º quartil,1010.0
2023,11A0104,Arouca,Concelho,3.º quartil,1323.0
2023,11A0113,Oliveira de Azeméis,Concelho,3.º quartil,1238.0
2023,11A0116,São João da Madeira,Concelho,3.º quartil,1344.0
2023,11A0119,Vale de Cambra,Concelho,3.º quartil,1426.0
2023,11A1304,Gondomar,Concelho,3.º quartil,1895.0
2023,11A1306,Maia,Concelho,3.º quartil,2099.0
2023,11A1308,Matosinhos,Concelho,3.º quartil,3056.0
2023,11A1310,Paredes,Concelho,3.º quartil,1385.0
2023,11A1312,Porto,Concelho,3.º quartil,3650.0
2023,11A1313,Póvoa de Varzim,Concelho,3.º quartil,2174.0
2023,11A1314,Santo Tirso,Concelho,3.º quartil,1524.0
2023,11A1315,Valongo,Concelho,3.º quartil,1768.0
2023,11A1316,Vila do Conde,Concelho,3.º quartil,2145.0
2023,11A1317,Vila Nova de Gaia,Concelho,3.º quartil,2358.0
2023,11A1318,Trofa,Concelho,3.º quartil,1552.0
2023,11B,Alto Tâmega e Barroso,NUTS III,3.º quartil,1045.0
2023,11B1702,Boticas,Concelho,3.º quartil,924.0
2023,11B1703,Chaves,Concelho,3.º quartil,1177.0
2024,1950502,Castelo Branco,Concelho,1.º quartil,351.0
2024,1950505,Idanha-a-Nova,Concelho,1.º quartil,122.0
2024,1950506,Oleiros,Concelho,1.º quartil,234.0
2024,1950507,Penamacor,Concelho,1.º quartil,167.0
2024,1950508,Proença-a-Nova,Concelho,1.º quartil,300.0
2024,1950509,Sertã,Concelho,1.º quartil,439.0
2024,1950510,Vila de Rei,Concelho,1.º quartil,162.0
2024,1950511,Vila Velha de Ródão,Concelho,1.º quartil,136.0
2024,196,Beiras e Serra da Estrela,NUTS III,1.º quartil,275.0
2024,1960501,Belmonte,Concelho,1.º quartil,300.0
2024,1960503,Covilhã,Concelho,1.º quartil,438.0
2024,1960504,Fundão,Concelho,1.º quartil,347.0
2024,1190311,Vieira do Minho,Concelho,1.º quartil,278.0
2024,1960902,Almeida,Concelho,1.º quartil,145.0
2024,1960903,Celorico da Beira,Concelho,1.º quartil,184.0
2024,1190309,Póvoa de Lanhoso,Concelho,1.º quartil,597.0
2024,1190312,Vila Nova de Famalicão,Concelho,1.º quartil,1059.0
2024,1190314,Vizela,Concelho,1.º quartil,757.0
2024,1191705,Mondim de Basto,Concelho,1.º quartil,313.0
2024,11A,Área Metropolitana do Porto,NUTS III,1.º quartil,1418.0
2024,11A0107,Espinho,Concelho,1.º quartil,1780.0
2024,11A0109,Santa Maria da Feira,Concelho,1.º quartil,905.0
2024,11D0403,Carrazeda de Ansiães,Concelho,1.º quartil,238.0
2024,11D0404,Freixo de Espada à Cinta,Concelho,1.º quartil,190.0
2024,11D0409,Torre de Moncorvo,Concelho,1.º quartil,132.0
2024,11D1711,Santa Marta de Penaguião,Concelho,1.º quartil,200.0
2024,11D1714,Vila Real,Concelho,1.º quartil,844.0
2024,11D1801,Armamar,Concelho,1.º quartil,126.0
2024,11D1805,Lamego,Concelho,1.º quartil,300.0
2024,11D1807,Moimenta da Beira,Concelho,1.º quartil,209.0
2024,11D1812,Penedono,Concelho,1.º quartil,
2024,1960904,Figueira de Castelo Rodrigo,Concelho,1.º quartil,95.0
2024,1960905,Fornos de Algodres,Concelho,1.º quartil,74.0
2024,1960906,Gouveia,Concelho,1.º quartil,211.0
2024,1960907,Guarda,Concelho,1.º quartil,406.0
2024,1960908,Manteigas,Concelho,1.º quartil,200.0
2024,1960909,Mêda,Concelho,1.º quartil,238.0
2024,1960910,Pinhel,Concelho,1.º quartil,171.0
2024,1960911,Sabugal,Concelho,1.º quartil,155.0
2024,1960912,Seia,Concelho,1.º quartil,269.0
2024,1960913,Trancoso,Concelho,1.º quartil,138.0
2024,1A01106,Lisboa,Concelho,1.º quartil,3498.0
2024,1A,Grande Lisboa,NUTS II,1.º quartil,2200.0
2024,1A0,Grande Lisboa,NUTS III,1.º quartil,2200.0
2024,11C1305,Lousada,Concelho,1.º quartil,811.0
2024,11C1301,Amarante,Concelho,1.º quartil,537.0
2024,11C1302,Baião,Concelho,1.º quartil,304.0
2024,11C1303,Felgueiras,Concelho,1.º quartil,579.0
2024,11C1307,Marco de Canaveses,Concelho,1.º quartil,580.0
2024,11C1309,Paços de Ferreira,Concelho,1.º quartil,810.0
2024,11C1311,Penafiel,Concelho,1.º quartil,638.0
2024,11C1804,Cinfães,Concelho,1.º quartil,189.0
2024,11C1813,Resende,Concelho,1.º quartil,254.0
2024,11D,Douro,NUTS III,1.º quartil,260.0
2024,1A01105,Cascais,Concelho,1.º quartil,3170.0
2024,1A01107,Loures,Concelho,1.º quartil,2038.0
2024,1A01109,Mafra,Concelho,1.º quartil,1881.0
2024,1A01110,Oeiras,Concelho,1.º quartil,2895.0
2024,1A01111,Sintra,Concelho,1.º quartil,1882.0
2024,1A01114,Vila Franca de Xira,Concelho,1.º quartil,1748.0
2024,1C,Alentejo,NUTS II,1.º quartil,444.0
2024,1C1,Alentejo Litoral,NUTS III,1.º quartil,1027.0
2024,1C10211,Odemira,Concelho,1.º quartil,681.0
2024,1C11501,Alcácer do Sal,Concelho,1.º quartil,839.0
2024,1C11505,Grândola,Concelho,1.º quartil,1293.0
2024,1941816,São Pedro do Sul,Concelho,1.º quartil,388.0
2024,1941817,Sátão,Concelho,1.º quartil,266.0
2024,1941821,Tondela,Concelho,1.º quartil,263.0
2024,1941822,Vila Nova de Paiva,Concelho,1.º quartil,216.0
2024,1941823,Viseu,Concelho,1.º quartil,685.0
2024,1941824,Vouzela,Concelho,1.º quartil,219.0
2024,195,Beira Baixa,NUTS III,1.º quartil,256.0
2024,1910101,Águeda,Concelho,1.º quartil,544.0
2024,1910102,Albergaria-a-Velha,Concelho,1.º quartil,731.0
2024,1910105,Aveiro,Concelho,1.º quartil,1397.0
2024,1910108,Estarreja,Concelho,1.º quartil,635.0
2024,1910110,Ílhavo,Concelho,1.º quartil,1203.0
2024,1910112,Murtosa,Concelho,1.º quartil,753.0
2024,1910114,Oliveira do Bairro,Concelho,1.º quartil,787.0
2024,1910115,Ovar,Concelho,1.º quartil,1000.0
2024,1910117,Sever do Vouga,Concelho,1.º quartil,364.0
2024,1910118,Vagos,Concelho,1.º quartil,864.0
2024,192,Região de Coimbra,NUTS III,1.º quartil,616.0
2024,1920111,Mealhada,Concelho,1.º quartil,528.0
2024,1920601,Arganil,Concelho,1.º quartil,268.0
2024,1920602,Cantanhede,Concelho,1.º quartil,616.0
2024,1920603,Coimbra,Concelho,1.º quartil,1120.0
2024,1920604,Condeixa-a-Nova,Concelho,1.º quartil,992.0
2024,1920605,Figueira da Foz,Concelho,1.º quartil,1019.0
2024,1920606,Góis,Concelho,1.º quartil,251.0
2024,1920607,Lousã,Concelho,1.º quartil,563.0
2024,1920608,Mira,Concelho,1.º quartil,941.0
2024,1920609,Miranda do Corvo,Concelho,1.º quartil,379.0
2024,1920610,Montemor-o-Velho,Concelho,1.º quartil,469.0
2024,2004701,Horta,Concelho,1.º quartil,650.0
2024,2004801,Lajes das Flores,Concelho,1.º quartil,
2024,2004802,Santa Cruz das Flores,Concelho,1.º quartil,
2024,2004901,Corvo,Concelho,1.º quartil,
2024,3,Região Autónoma da Madeira,NUTS I,1.º quartil,1399.0
2024,30,Região Autónoma da Madeira,NUTS II,1.º quartil,1399.0
2024,300,Região Autónoma da Madeira,NUTS III,1.º quartil,1399.0
2024,3003101,Calheta (R.A.M.),Concelho,1.º quartil,718.0
2024,3003102,Câmara de Lobos,Concelho,1.º quartil,1324.0
2024,3003103,Funchal,Concelho,1.º quartil,2029.0
2024,3003104,Machico,Concelho,1.º quartil,1194.0
2024,3003105,Ponta do Sol,Concelho,1.º quartil,896.0
2024,3003106,Porto Moniz,Concelho,1.º quartil,607.0
2024,3003107,Ribeira Brava,Concelho,1.º quartil,773.0
2024,3003108,Santa Cruz,Concelho,1.º quartil,1567.0
2024,3003109,Santana,Concelho,1.º quartil,718.0
2024,3003110,São Vicente,Concelho,1.º quartil,615.0
2024,3003201,Porto Santo,Concelho,1.º quartil,1279.0
2024,PT,Portugal,Nacional,1.º quartil,1008.0
2024,1111601,Arcos de Valdevez,Concelho,1.º quartil,401.0
2024,1,Continente,NUTS I,1.º quartil,1013.0
2024,11,Norte,NUTS II,1.º quartil,962.0
2024,111,Alto Minho,NUTS III,1.º quartil,698.0
2024,1111602,Caminha,Concelho,1.º quartil,1000.0
2024,1111603,Melgaço,Concelho,1.º quartil,212.0
2024,1111604,Monção,Concelho,1.º quartil,655.0
2024,1111605,Paredes de Coura,Concelho,1.º quartil,381.0
2024,1111610,Vila Nova de Cerveira,Concelho,1.º quartil,533.0
2024,112,Cávado,NUTS III,1.º quartil,1097.0
2024,1120301,Amares,Concelho,1.º quartil,750.0
2024,1120302,Barcelos,Concelho,1.º quartil,941.0
2024,1120303,Braga,Concelho,1.º quartil,1278.0
2024,1120306,Esposende,Concelho,1.º quartil,1364.0
2024,1120310,Terras de Bouro,Concelho,1.º quartil,373.0
2024,1120313,Vila Verde,Concelho,1.º quartil,704.0
2024,119,Ave,NUTS III,1.º quartil,837.0
2024,1190304,Cabeceiras de Basto,Concelho,1.º quartil,319.0
2024,1190307,Fafe,Concelho,1.º quartil,693.0
2024,1111606,Ponte da Barca,Concelho,1.º quartil,556.0
2024,1920611,Oliveira do Hospital,Concelho,1.º quartil,281.0
2024,1920612,Pampilhosa da Serra,Concelho,1.º quartil,175.0
2024,1920613,Penacova,Concelho,1.º quartil,248.0
2024,1920614,Penela,Concelho,1.º quartil,465.0
2024,1920615,Soure,Concelho,1.º quartil,378.0
2024,1920616,Tábua,Concelho,1.º quartil,244.0
2024,1920617,Vila Nova de Poiares,Concelho,1.º quartil,422.0
2024,1921808,Mortágua,Concelho,1.º quartil,373.0
2024,193,Região de Leiria,NUTS III,1.º quartil,672.0
2024,1931002,Alvaiázere,Concelho,1.º quartil,232.0
2024,1931003,Ansião,Concelho,1.º quartil,262.0
2024,1931004,Batalha,Concelho,1.º quartil,541.0
2024,1931010,Marinha Grande,Concelho,1.º quartil,890.0
2024,1931007,Castanheira de Pêra,Concelho,1.º quartil,250.0
2024,1931008,Figueiró dos Vinhos,Concelho,1.º quartil,335.0
2024,1931009,Leiria,Concelho,1.º quartil,1051.0
2024,1931013,Pedrógão Grande,Concelho,1.º quartil,309.0
2024,1931015,Pombal,Concelho,1.º quartil,551.0
2024,1931016,Porto de Mós,Concelho,1.º quartil,465.0
2024,194,Viseu Dão Lafões,NUTS III,1.º quartil,380.0
2024,1940901,Aguiar da Beira,Concelho,1.º quartil,178.0
2024,1941802,Carregal do Sal,Concelho,1.º quartil,238.0
2024,1941803,Castro Daire,Concelho,1.º quartil,278.0
2024,1941806,Mangualde,Concelho,1.º quartil,264.0
2024,1941809,Nelas,Concelho,1.º quartil,347.0
2024,1941810,Oliveira de Frades,Concelho,1.º quartil,466.0
2024,1941811,Penalva do Castelo,Concelho,1.º quartil,175.0
2024,1941814,Santa Comba Dão,Concelho,1.º quartil,357.0
2024,1A01115,Amadora,Concelho,1.º quartil,2101.0
2024,1A01116,Odivelas,Concelho,1.º quartil,2327.0
2024,1B,Península de Setúbal,NUTS II,1.º quartil,1713.0
2024,1B0,Península de Setúbal,NUTS III,1.º quartil,1713.0
2024,1B01502,Alcochete,Concelho,1.º quartil,1697.0
2024,1B01503,Almada,Concelho,1.º quartil,2144.0
2024,1B01504,Barreiro,Concelho,1.º quartil,1611.0
2024,1B01506,Moita,Concelho,1.º quartil,1403.0
2024,1B01507,Montijo,Concelho,1.º quartil,1599.0
2024,1B01508,Palmela,Concelho,1.º quartil,1556.0
2024,1B01510,Seixal,Concelho,1.º quartil,1832.0
2024,1B01511,Sesimbra,Concelho,1.º quartil,1896.0
2024,1B01512,Setúbal,Concelho,1.º quartil,1674.0
2024,1C40710,Redondo,Concelho,1.º quartil,365.0
2024,1C40711,Reguengos de Monsaraz,Concelho,1.º quartil,536.0
2024,1C40712,Vendas Novas,Concelho,1.º quartil,1007.0
2024,1C40713,Viana do Alentejo,Concelho,1.º quartil,444.0
2024,1C40714,Vila Viçosa,Concelho,1.º quartil,393.0
2024,1D,Oeste e Vale do Tejo,NUTS II,1.º quartil,746.0
2024,1D1,Oeste,NUTS III,1.º quartil,1039.0
2024,1D11001,Alcobaça,Concelho,1.º quartil,813.0
2024,1D11005,Bombarral,Concelho,1.º quartil,908.0
2024,1D11006,Caldas da Rainha,Concelho,1.º quartil,1186.0
2024,1D11011,Nazaré,Concelho,1.º quartil,1670.0
2024,1D11012,Óbidos,Concelho,1.º quartil,1150.0
2024,1D11014,Peniche,Concelho,1.º quartil,1398.0
2024,1D11101,Alenquer,Concelho,1.º quartil,868.0
2024,1C31212,Nisa,Concelho,1.º quartil,217.0
2024,1C31213,Ponte de Sor,Concelho,1.º quartil,424.0
2024,1C31214,Portalegre,Concelho,1.º quartil,460.0
2024,1C40702,Arraiolos,Concelho,1.º quartil,462.0
2024,1C31215,Sousel,Concelho,1.º quartil,270.0
2024,1C4,Alentejo Central,NUTS III,1.º quartil,550.0
2024,1C40701,Alandroal,Concelho,1.º quartil,407.0
2024,1C40703,Borba,Concelho,1.º quartil,380.0
2024,1C40704,Estremoz,Concelho,1.º quartil,466.0
2024,1C40705,Évora,Concelho,1.º quartil,1328.0
2024,1C40706,Montemor-o-Novo,Concelho,1.º quartil,692.0
2024,1C40707,Mora,Concelho,1.º quartil,523.0
2024,1C11509,Santiago do Cacém,Concelho,1.º quartil,1231.0
2024,1C11513,Sines,Concelho,1.º quartil,1668.0
2024,1C2,Baixo Alentejo,NUTS III,1.º quartil,362.0
2024,1C20201,Aljustrel,Concelho,1.º quartil,373.0
2024,1C20202,Almodôvar,Concelho,1.º quartil,243.0
2024,1C20203,Alvito,Concelho,1.º quartil,526.0
2024,1C20204,Barrancos,Concelho,1.º quartil,
2024,1C20205,Beja,Concelho,1.º quartil,583.0
2024,1C20206,Castro Verde,Concelho,1.º quartil,416.0
2024,1C20207,Cuba,Concelho,1.º quartil,421.0
2024,1C20208,Ferreira do Alentejo,Concelho,1.º quartil,278.0
2024,1C20209,Mértola,Concelho,1.º quartil,208.0
2024,1C20210,Moura,Concelho,1.º quartil,300.0
2024,1C20212,Ourique,Concelho,1.º quartil,313.0
2024,1C20213,Serpa,Concelho,1.º quartil,378.0
2024,1C20214,Vidigueira,Concelho,1.º quartil,341.0
2024,1C3,Alto Alentejo,NUTS III,1.º quartil,310.0
2024,1C31201,Alter do Chão,Concelho,1.º quartil,250.0
2024,1C31202,Arronches,Concelho,1.º quartil,357.0
2024,1C31203,Avis,Concelho,1.º quartil,341.0
2024,1C31204,Campo Maior,Concelho,1.º quartil,331.0
2024,1C31205,Castelo de Vide,Concelho,1.º quartil,306.0
2024,1C31209,Gavião,Concelho,1.º quartil,179.0
2024,1C31206,Crato,Concelho,1.º quartil,200.0
2024,1C31207,Elvas,Concelho,1.º quartil,380.0
2024,1C31208,Fronteira,Concelho,1.º quartil,320.0
2024,1C31210,Marvão,Concelho,1.º quartil,200.0
2024,1C31211,Monforte,Concelho,1.º quartil,225.0
2024,1C40708,Mourão,Concelho,1.º quartil,458.0
2024,1C40709,Portel,Concelho,1.º quartil,302.0
2024,1D11102,Arruda dos Vinhos,Concelho,1.º quartil,988.0
2024,1D11104,Cadaval,Concelho,1.º quartil,569.0
2024,1D11108,Lourinhã,Concelho,1.º quartil,1153.0
2024,1D11112,Sobral de Monte Agraço,Concelho,1.º quartil,691.0
2024,1D11113,Torres Vedras,Concelho,1.º quartil,1143.0
2024,1D2,Médio Tejo,NUTS III,1.º quartil,481.0
2024,1D21401,Abrantes,Concelho,1.º quartil,368.0
2024,1D21402,Alcanena,Concelho,1.º quartil,353.0
2024,1D21408,Constância,Concelho,1.º quartil,561.0
2024,1D21410,Entroncamento,Concelho,1.º quartil,1061.0
2024,1D21411,Ferreira do Zêzere,Concelho,1.º quartil,450.0
2024,1D21413,Mação,Concelho,1.º quartil,113.0
2024,1D21417,Sardoal,Concelho,1.º quartil,262.0
2024,1D21418,Tomar,Concelho,1.º quartil,419.0
2024,1D21419,Torres Novas,Concelho,1.º quartil,451.0
2024,1D21420,Vila Nova da Barquinha,Concelho,1.º quartil,550.0
2024,1D21421,Ourém,Concelho,1.º quartil,608.0
2024,1D31103,Azambuja,Concelho,1.º quartil,806.0
2024,1D31403,Almeirim,Concelho,1.º quartil,787.0
2024,1D31404,Alpiarça,Concelho,1.º quartil,571.0
2024,1D31405,Benavente,Concelho,1.º quartil,1289.0
2024,1D31406,Cartaxo,Concelho,1.º quartil,751.0
2024,1D31407,Chamusca,Concelho,1.º quartil,396.0
2024,1D31409,Coruche,Concelho,1.º quartil,653.0
2024,1D31412,Golegã,Concelho,1.º quartil,585.0
2024,1D31416,Santarém,Concelho,1.º quartil,577.0
2024,1D31414,Rio Maior,Concelho,1.º quartil,556.0
2024,1D3,Lezíria do Tejo,NUTS III,1.º quartil,720.0
2024,1D31415,Salvaterra de Magos,Concelho,1.º quartil,972.0
2024,2,Região Autónoma dos Açores,NUTS I,1.º quartil,673.0
2024,20,Região Autónoma dos Açores,NUTS II,1.º quartil,673.0
2024,200,Região Autónoma dos Açores,NUTS III,1.º quartil,673.0
2024,2004101,Vila do Porto,Concelho,1.º quartil,829.0
2024,2004201,Lagoa (R.A.A.),Concelho,1.º quartil,941.0
2024,2004202,Nordeste,Concelho,1.º quartil,489.0
2024,2004203,Ponta Delgada,Concelho,1.º quartil,1095.0
2024,2004204,Povoação,Concelho,1.º quartil,663.0
2024,1111607,Ponte de Lima,Concelho,1.º quartil,652.0
2024,11D1815,São João da Pesqueira,Concelho,1.º quartil,200.0
2024,1111608,Valença,Concelho,1.º quartil,571.0
2024,1111609,Viana do Castelo,Concelho,1.º quartil,1116.0
2024,1190308,Guimarães,Concelho,1.º quartil,961.0
2024,11D1818,Sernancelhe,Concelho,1.º quartil,100.0
2024,11D1819,Tabuaço,Concelho,1.º quartil,151.0
2024,11D1820,Tarouca,Concelho,1.º quartil,455.0
2024,11E,Terras de Trás-os-Montes,NUTS III,1.º quartil,329.0
2024,11E0401,Alfândega da Fé,Concelho,1.º quartil,206.0
2024,11E0402,Bragança,Concelho,1.º quartil,631.0
2024,11E0405,Macedo de Cavaleiros,Concelho,1.º quartil,278.0
2024,11E0406,Miranda do Douro,Concelho,1.º quartil,176.0
2024,11E0407,Mirandela,Concelho,1.º quartil,395.0
2024,11E0408,Mogadouro,Concelho,1.º quartil,177.0
2024,11E0410,Vila Flor,Concelho,1.º quartil,135.0
2024,11E0411,Vimioso,Concelho,1.º quartil,180.0
2024,11E0412,Vinhais,Concelho,1.º quartil,171.0
2024,15,Algarve,NUTS II,1.º quartil,2046.0
2024,150,Algarve,NUTS III,1.º quartil,2046.0
2024,1500801,Albufeira,Concelho,1.º quartil,2354.0
2024,1500802,Alcoutim,Concelho,1.º quartil,250.0
2024,1500803,Aljezur,Concelho,1.º quartil,2282.0
2024,1500804,Castro Marim,Concelho,1.º quartil,1111.0
2024,1500805,Faro,Concelho,1.º quartil,1926.0
2024,1500806,Lagoa,Concelho,1.º quartil,1961.0
2024,1500807,Lagos,Concelho,1.º quartil,2746.0
2024,1500808,Loulé,Concelho,1.º quartil,2311.0
2024,1500809,Monchique,Concelho,1.º quartil,696.0
2024,1500810,Olhão,Concelho,1.º quartil,1747.0
2024,1500811,Portimão,Concelho,1.º quartil,2032.0
2024,1500812,São Brás de Alportel,Concelho,1.º quartil,1238.0
2024,1500813,Silves,Concelho,1.º quartil,1664.0
2024,1500814,Tavira,Concelho,1.º quartil,2299.0
2024,1500815,Vila do Bispo,Concelho,1.º quartil,2303.0
2024,1500816,Vila Real de Santo António,Concelho,1.º quartil,1916.0
2024,19,Centro,NUTS II,1.º quartil,500.0
2024,1910103,Anadia,Concelho,1.º quartil,420.0
2024,191,Região de Aveiro,NUTS III,1.º quartil,846.0
2024,2004205,Ribeira Grande,Concelho,1.º quartil,484.0
2024,2004206,Vila Franca do Campo,Concelho,1.º quartil,660.0
2024,2004301,Angra do Heroísmo,Concelho,1.º quartil,682.0
2024,2004302,Vila da Praia da Vitória,Concelho,1.º quartil,656.0
2024,2004401,Santa Cruz da Graciosa,Concelho,1.º quartil,209.0
2024,2004501,Calheta (R.A.A.),Concelho,1.º quartil,414.0
2024,2004502,Velas,Concelho,1.º quartil,364.0
2024,2004601,Lajes do Pico,Concelho,1.º quartil,618.0
2024,2004602,Madalena,Concelho,1.º quartil,669.0
2024,2004603,São Roque do Pico,Concelho,1.º quartil,811.0
2024,11D0914,Vila Nova de Foz Côa,Concelho,1.º quartil,217.0
2024,11D1704,Mesão Frio,Concelho,1.º quartil,270.0
2024,11D1707,Murça,Concelho,1.º quartil,167.0
2024,11D1701,Alijó,Concelho,1.º quartil,272.0
2024,11D1708,Peso da Régua,Concelho,1.º quartil,275.0
2024,11D1710,Sabrosa,Concelho,1.º quartil,274.0
2024,11B1706,Montalegre,Concelho,1.º quartil,222.0
2024,11B1709,Ribeira de Pena,Concelho,1.º quartil,198.0
2024,11B1712,Valpaços,Concelho,1.º quartil,265.0
2024,11B1713,Vila Pouca de Aguiar,Concelho,1.º quartil,316.0
2024,11C,Tâmega e Sousa,NUTS III,1.º quartil,517.0
2024,11C0106,Castelo de Paiva,Concelho,1.º quartil,432.0
2024,11C0305,Celorico de Basto,Concelho,1.º quartil,300.0
2024,11A0104,Arouca,Concelho,1.º quartil,556.0
2024,11A0113,Oliveira de Azeméis,Concelho,1.º quartil,698.0
2024,11A0116,São João da Madeira,Concelho,1.º quartil,916.0
2024,11A0119,Vale de Cambra,Concelho,1.º quartil,598.0
2024,11A1304,Gondomar,Concelho,1.º quartil,1411.0
2024,11A1306,Maia,Concelho,1.º quartil,1667.0
2024,11A1308,Matosinhos,Concelho,1.º quartil,1994.0
2024,11A1310,Paredes,Concelho,1.º quartil,892.0
2024,11A1312,Porto,Concelho,1.º quartil,2204.0
2024,11A1313,Póvoa de Varzim,Concelho,1.º quartil,1430.0
2024,11A1314,Santo Tirso,Concelho,1.º quartil,735.0
2024,11A1315,Valongo,Concelho,1.º quartil,1470.0
2024,11A1316,Vila do Conde,Concelho,1.º quartil,1439.0
2024,11A1317,Vila Nova de Gaia,Concelho,1.º quartil,1650.0
2024,11A1318,Trofa,Concelho,1.º quartil,1095.0
2024,11B,Alto Tâmega e Barroso,NUTS III,1.º quartil,400.0
2024,11B1702,Boticas,Concelho,1.º quartil,341.0
2024,11B1703,Chaves,Concelho,1.º quartil,658.0
2024,1950502,Castelo Branco,Concelho,2.º quartil,743.0
2024,1950505,Idanha-a-Nova,Concelho,2.º quartil,274.0
2024,1950506,Oleiros,Concelho,2.º quartil,460.0
2024,1950507,Penamacor,Concelho,2.º quartil,300.0
2024,1950508,Proença-a-Nova,Concelho,2.º quartil,627.0
2024,1950509,Sertã,Concelho,2.º quartil,857.0
2024,1950510,Vila de Rei,Concelho,2.º quartil,433.0
2024,1950511,Vila Velha de Ródão,Concelho,2.º quartil,325.0
2024,196,Beiras e Serra da Estrela,NUTS III,2.º quartil,595.0
2024,1960501,Belmonte,Concelho,2.º quartil,556.0
2024,1960503,Covilhã,Concelho,2.º quartil,870.0
2024,1960504,Fundão,Concelho,2.º quartil,742.0
2024,1190311,Vieira do Minho,Concelho,2.º quartil,669.0
2024,1960902,Almeida,Concelho,2.º quartil,335.0
2024,1960903,Celorico da Beira,Concelho,2.º quartil,363.0
2024,1190309,Póvoa de Lanhoso,Concelho,2.º quartil,997.0
2024,1190312,Vila Nova de Famalicão,Concelho,2.º quartil,1402.0
2024,1190314,Vizela,Concelho,2.º quartil,1089.0
2024,1191705,Mondim de Basto,Concelho,2.º quartil,662.0
2024,11A,Área Metropolitana do Porto,NUTS III,2.º quartil,1986.0
2024,11A0107,Espinho,Concelho,2.º quartil,2382.0
2024,11A0109,Santa Maria da Feira,Concelho,2.º quartil,1327.0
2024,11D0403,Carrazeda de Ansiães,Concelho,2.º quartil,448.0
2024,11D0404,Freixo de Espada à Cinta,Concelho,2.º quartil,364.0
2024,11D0409,Torre de Moncorvo,Concelho,2.º quartil,313.0
2024,11D1711,Santa Marta de Penaguião,Concelho,2.º quartil,458.0
2024,11D1714,Vila Real,Concelho,2.º quartil,1335.0
2024,11D1801,Armamar,Concelho,2.º quartil,208.0
2024,11D1805,Lamego,Concelho,2.º quartil,730.0
2024,11D1807,Moimenta da Beira,Concelho,2.º quartil,465.0
2024,11D1812,Penedono,Concelho,2.º quartil,
2024,1960904,Figueira de Castelo Rodrigo,Concelho,2.º quartil,240.0
2024,1960905,Fornos de Algodres,Concelho,2.º quartil,291.0
2024,1960906,Gouveia,Concelho,2.º quartil,418.0
2024,1960907,Guarda,Concelho,2.º quartil,835.0
2024,1960908,Manteigas,Concelho,2.º quartil,389.0
2024,1960909,Mêda,Concelho,2.º quartil,416.0
2024,1960910,Pinhel,Concelho,2.º quartil,360.0
2024,1960911,Sabugal,Concelho,2.º quartil,289.0
2024,1960912,Seia,Concelho,2.º quartil,517.0
2024,1960913,Trancoso,Concelho,2.º quartil,417.0
2024,1A01106,Lisboa,Concelho,2.º quartil,4340.0
2024,1A,Grande Lisboa,NUTS II,2.º quartil,2939.0
2024,1A0,Grande Lisboa,NUTS III,2.º quartil,2939.0
2024,11C1305,Lousada,Concelho,2.º quartil,1117.0
2024,11C1301,Amarante,Concelho,2.º quartil,962.0
2024,11C1302,Baião,Concelho,2.º quartil,599.0
2024,11C1303,Felgueiras,Concelho,2.º quartil,970.0
2024,11C1307,Marco de Canaveses,Concelho,2.º quartil,991.0
2024,11C1309,Paços de Ferreira,Concelho,2.º quartil,1167.0
2024,11C1311,Penafiel,Concelho,2.º quartil,1124.0
2024,11C1804,Cinfães,Concelho,2.º quartil,336.0
2024,11C1813,Resende,Concelho,2.º quartil,550.0
2024,11D,Douro,NUTS III,2.º quartil,622.0
2024,1A01105,Cascais,Concelho,2.º quartil,4053.0
2024,1A01107,Loures,Concelho,2.º quartil,2609.0
2024,1A01109,Mafra,Concelho,2.º quartil,2410.0
2024,1A01110,Oeiras,Concelho,2.º quartil,3471.0
2024,1A01111,Sintra,Concelho,2.º quartil,2226.0
2024,1A01114,Vila Franca de Xira,Concelho,2.º quartil,2102.0
2024,1C,Alentejo,NUTS II,2.º quartil,862.0
2024,1C1,Alentejo Litoral,NUTS III,2.º quartil,1741.0
2024,1C10211,Odemira,Concelho,2.º quartil,1379.0
2024,1C11501,Alcácer do Sal,Concelho,2.º quartil,1475.0
2024,1C11505,Grândola,Concelho,2.º quartil,1877.0
2024,1941816,São Pedro do Sul,Concelho,2.º quartil,784.0
2024,1941817,Sátão,Concelho,2.º quartil,593.0
2024,1941821,Tondela,Concelho,2.º quartil,616.0
2024,1941822,Vila Nova de Paiva,Concelho,2.º quartil,477.0
2024,1941823,Viseu,Concelho,2.º quartil,1273.0
2024,1941824,Vouzela,Concelho,2.º quartil,516.0
2024,195,Beira Baixa,NUTS III,2.º quartil,583.0
2024,1910101,Águeda,Concelho,2.º quartil,990.0
2024,1910102,Albergaria-a-Velha,Concelho,2.º quartil,1184.0
2024,1910105,Aveiro,Concelho,2.º quartil,2096.0
2024,1910108,Estarreja,Concelho,2.º quartil,1071.0
2024,1910110,Ílhavo,Concelho,2.º quartil,1706.0
2024,1910112,Murtosa,Concelho,2.º quartil,1117.0
2024,1910114,Oliveira do Bairro,Concelho,2.º quartil,1130.0
2024,1910115,Ovar,Concelho,2.º quartil,1515.0
2024,1910117,Sever do Vouga,Concelho,2.º quartil,703.0
2024,1910118,Vagos,Concelho,2.º quartil,1399.0
2024,192,Região de Coimbra,NUTS III,2.º quartil,1188.0
2024,1920111,Mealhada,Concelho,2.º quartil,984.0
2024,1920601,Arganil,Concelho,2.º quartil,557.0
2024,1920602,Cantanhede,Concelho,2.º quartil,1000.0
2024,1920603,Coimbra,Concelho,2.º quartil,1791.0
2024,1920604,Condeixa-a-Nova,Concelho,2.º quartil,1366.0
2024,1920605,Figueira da Foz,Concelho,2.º quartil,1534.0
2024,1920606,Góis,Concelho,2.º quartil,453.0
2024,1920607,Lousã,Concelho,2.º quartil,1012.0
2024,1920608,Mira,Concelho,2.º quartil,1344.0
2024,1920609,Miranda do Corvo,Concelho,2.º quartil,733.0
2024,1920610,Montemor-o-Velho,Concelho,2.º quartil,955.0
2024,2004701,Horta,Concelho,2.º quartil,1069.0
2024,2004801,Lajes das Flores,Concelho,2.º quartil,
2024,2004802,Santa Cruz das Flores,Concelho,2.º quartil,
2024,2004901,Corvo,Concelho,2.º quartil,
2024,3,Região Autónoma da Madeira,NUTS I,2.º quartil,2395.0
2024,30,Região Autónoma da Madeira,NUTS II,2.º quartil,2395.0
2024,300,Região Autónoma da Madeira,NUTS III,2.º quartil,2395.0
2024,3003101,Calheta (R.A.M.),Concelho,2.º quartil,1293.0
2024,3003102,Câmara de Lobos,Concelho,2.º quartil,2237.0
2024,3003103,Funchal,Concelho,2.º quartil,3061.0
2024,3003104,Machico,Concelho,2.º quartil,1908.0
2024,3003105,Ponta do Sol,Concelho,2.º quartil,1429.0
2024,3003106,Porto Moniz,Concelho,2.º quartil,1029.0
2024,3003107,Ribeira Brava,Concelho,2.º quartil,1467.0
2024,3003108,Santa Cruz,Concelho,2.º quartil,2269.0
2024,3003109,Santana,Concelho,2.º quartil,1023.0
2024,3003110,São Vicente,Concelho,2.º quartil,1050.0
2024,3003201,Porto Santo,Concelho,2.º quartil,1873.0
2024,PT,Portugal,Nacional,2.º quartil,1777.0
2024,1111601,Arcos de Valdevez,Concelho,2.º quartil,958.0
2024,1,Continente,NUTS I,2.º quartil,1778.0
2024,11,Norte,NUTS II,2.º quartil,1558.0
2024,111,Alto Minho,NUTS III,2.º quartil,1248.0
2024,1111602,Caminha,Concelho,2.º quartil,1425.0
2024,1111603,Melgaço,Concelho,2.º quartil,400.0
2024,1111604,Monção,Concelho,2.º quartil,1205.0
2024,1111605,Paredes de Coura,Concelho,2.º quartil,708.0
2024,1111610,Vila Nova de Cerveira,Concelho,2.º quartil,883.0
2024,112,Cávado,NUTS III,2.º quartil,1527.0
2024,1120301,Amares,Concelho,2.º quartil,1118.0
2024,1120302,Barcelos,Concelho,2.º quartil,1347.0
2024,1120303,Braga,Concelho,2.º quartil,1671.0
2024,1120306,Esposende,Concelho,2.º quartil,1986.0
2024,1120310,Terras de Bouro,Concelho,2.º quartil,763.0
2024,1120313,Vila Verde,Concelho,2.º quartil,1219.0
2024,119,Ave,NUTS III,2.º quartil,1256.0
2024,1190304,Cabeceiras de Basto,Concelho,2.º quartil,750.0
2024,1190307,Fafe,Concelho,2.º quartil,1078.0
2024,1111606,Ponte da Barca,Concelho,2.º quartil,952.0
2024,1920611,Oliveira do Hospital,Concelho,2.º quartil,682.0
2024,1920612,Pampilhosa da Serra,Concelho,2.º quartil,274.0
2024,1920613,Penacova,Concelho,2.º quartil,590.0
2024,1920614,Penela,Concelho,2.º quartil,828.0
2024,1920615,Soure,Concelho,2.º quartil,723.0
2024,1920616,Tábua,Concelho,2.º quartil,606.0
2024,1920617,Vila Nova de Poiares,Concelho,2.º quartil,714.0
2024,1921808,Mortágua,Concelho,2.º quartil,675.0
2024,193,Região de Leiria,NUTS III,2.º quartil,1190.0
2024,1931002,Alvaiázere,Concelho,2.º quartil,573.0
2024,1931003,Ansião,Concelho,2.º quartil,562.0
2024,1931004,Batalha,Concelho,2.º quartil,950.0
2024,1931010,Marinha Grande,Concelho,2.º quartil,1186.0
2024,1931007,Castanheira de Pêra,Concelho,2.º quartil,430.0
2024,1931008,Figueiró dos Vinhos,Concelho,2.º quartil,595.0
2024,1931009,Leiria,Concelho,2.º quartil,1486.0
2024,1931013,Pedrógão Grande,Concelho,2.º quartil,582.0
2024,1931015,Pombal,Concelho,2.º quartil,1031.0
2024,1931016,Porto de Mós,Concelho,2.º quartil,833.0
2024,194,Viseu Dão Lafões,NUTS III,2.º quartil,809.0
2024,1940901,Aguiar da Beira,Concelho,2.º quartil,438.0
2024,1941802,Carregal do Sal,Concelho,2.º quartil,528.0
2024,1941803,Castro Daire,Concelho,2.º quartil,506.0
2024,1941806,Mangualde,Concelho,2.º quartil,559.0
2024,1941809,Nelas,Concelho,2.º quartil,690.0
2024,1941810,Oliveira de Frades,Concelho,2.º quartil,847.0
2024,1941811,Penalva do Castelo,Concelho,2.º quartil,422.0
2024,1941814,Santa Comba Dão,Concelho,2.º quartil,763.0
2024,1A01115,Amadora,Concelho,2.º quartil,2481.0
2024,1A01116,Odivelas,Concelho,2.º quartil,2765.0
2024,1B,Península de Setúbal,NUTS II,2.º quartil,2117.0
2024,1B0,Península de Setúbal,NUTS III,2.º quartil,2117.0
2024,1B01502,Alcochete,Concelho,2.º quartil,2106.0
2024,1B01503,Almada,Concelho,2.º quartil,2644.0
2024,1B01504,Barreiro,Concelho,2.º quartil,1942.0
2024,1B01506,Moita,Concelho,2.º quartil,1713.0
2024,1B01507,Montijo,Concelho,2.º quartil,2040.0
2024,1B01508,Palmela,Concelho,2.º quartil,1921.0
2024,1B01510,Seixal,Concelho,2.º quartil,2171.0
2024,1B01511,Sesimbra,Concelho,2.º quartil,2295.0
2024,1B01512,Setúbal,Concelho,2.º quartil,2036.0
2024,1C40710,Redondo,Concelho,2.º quartil,692.0
2024,1C40711,Reguengos de Monsaraz,Concelho,2.º quartil,868.0
2024,1C40712,Vendas Novas,Concelho,2.º quartil,1308.0
2024,1C40713,Viana do Alentejo,Concelho,2.º quartil,713.0
2024,1C40714,Vila Viçosa,Concelho,2.º quartil,588.0
2024,1D,Oeste e Vale do Tejo,NUTS II,2.º quartil,1281.0
2024,1D1,Oeste,NUTS III,2.º quartil,1613.0
2024,1D11001,Alcobaça,Concelho,2.º quartil,1339.0
2024,1D11005,Bombarral,Concelho,2.º quartil,1311.0
2024,1D11006,Caldas da Rainha,Concelho,2.º quartil,1662.0
2024,1D11011,Nazaré,Concelho,2.º quartil,2559.0
2024,1D11012,Óbidos,Concelho,2.º quartil,1914.0
2024,1D11014,Peniche,Concelho,2.º quartil,1810.0
2024,1D11101,Alenquer,Concelho,2.º quartil,1534.0
2024,1C31212,Nisa,Concelho,2.º quartil,395.0
2024,1C31213,Ponte de Sor,Concelho,2.º quartil,812.0
2024,1C31214,Portalegre,Concelho,2.º quartil,780.0
2024,1C40702,Arraiolos,Concelho,2.º quartil,820.0
2024,1C31215,Sousel,Concelho,2.º quartil,543.0
2024,1C4,Alentejo Central,NUTS III,2.º quartil,1002.0
2024,1C40701,Alandroal,Concelho,2.º quartil,711.0
2024,1C40703,Borba,Concelho,2.º quartil,657.0
2024,1C40704,Estremoz,Concelho,2.º quartil,808.0
2024,1C40705,Évora,Concelho,2.º quartil,1882.0
2024,1C40706,Montemor-o-Novo,Concelho,2.º quartil,1140.0
2024,1C40707,Mora,Concelho,2.º quartil,833.0
2024,1C11509,Santiago do Cacém,Concelho,2.º quartil,1751.0
2024,1C11513,Sines,Concelho,2.º quartil,2035.0
2024,1C2,Baixo Alentejo,NUTS III,2.º quartil,688.0
2024,1C20201,Aljustrel,Concelho,2.º quartil,619.0
2024,1C20202,Almodôvar,Concelho,2.º quartil,618.0
2024,1C20203,Alvito,Concelho,2.º quartil,764.0
2024,1C20204,Barrancos,Concelho,2.º quartil,
2024,1C20205,Beja,Concelho,2.º quartil,935.0
2024,1C20206,Castro Verde,Concelho,2.º quartil,819.0
2024,1C20207,Cuba,Concelho,2.º quartil,643.0
2024,1C20208,Ferreira do Alentejo,Concelho,2.º quartil,539.0
2024,1C20209,Mértola,Concelho,2.º quartil,500.0
2024,1C20210,Moura,Concelho,2.º quartil,535.0
2024,1C20212,Ourique,Concelho,2.º quartil,601.0
2024,1C20213,Serpa,Concelho,2.º quartil,677.0
2024,1C20214,Vidigueira,Concelho,2.º quartil,576.0
2024,1C3,Alto Alentejo,NUTS III,2.º quartil,590.0
2024,1C31201,Alter do Chão,Concelho,2.º quartil,456.0
2024,1C31202,Arronches,Concelho,2.º quartil,616.0
2024,1C31203,Avis,Concelho,2.º quartil,567.0
2024,1C31204,Campo Maior,Concelho,2.º quartil,556.0
2024,1C31205,Castelo de Vide,Concelho,2.º quartil,583.0
2024,1C31209,Gavião,Concelho,2.º quartil,333.0
2024,1C31206,Crato,Concelho,2.º quartil,313.0
2024,1C31207,Elvas,Concelho,2.º quartil,777.0
2024,1C31208,Fronteira,Concelho,2.º quartil,565.0
2024,1C31210,Marvão,Concelho,2.º quartil,540.0
2024,1C31211,Monforte,Concelho,2.º quartil,440.0
2024,1C40708,Mourão,Concelho,2.º quartil,711.0
2024,1C40709,Portel,Concelho,2.º quartil,509.0
2024,1D11102,Arruda dos Vinhos,Concelho,2.º quartil,1780.0
2024,1D11104,Cadaval,Concelho,2.º quartil,1080.0
2024,1D11108,Lourinhã,Concelho,2.º quartil,1642.0
2024,1D11112,Sobral de Monte Agraço,Concelho,2.º quartil,1313.0
2024,1D11113,Torres Vedras,Concelho,2.º quartil,1784.0
2024,1D2,Médio Tejo,NUTS III,2.º quartil,937.0
2024,1D21401,Abrantes,Concelho,2.º quartil,715.0
2024,1D21402,Alcanena,Concelho,2.º quartil,690.0
2024,1D21408,Constância,Concelho,2.º quartil,938.0
2024,1D21410,Entroncamento,Concelho,2.º quartil,1227.0
2024,1D21411,Ferreira do Zêzere,Concelho,2.º quartil,843.0
2024,1D21413,Mação,Concelho,2.º quartil,273.0
2024,1D21417,Sardoal,Concelho,2.º quartil,561.0
2024,1D21418,Tomar,Concelho,2.º quartil,943.0
2024,1D21419,Torres Novas,Concelho,2.º quartil,889.0
2024,1D21420,Vila Nova da Barquinha,Concelho,2.º quartil,1097.0
2024,1D21421,Ourém,Concelho,2.º quartil,1000.0
2024,1D31103,Azambuja,Concelho,2.º quartil,1329.0
2024,1D31403,Almeirim,Concelho,2.º quartil,1117.0
2024,1D31404,Alpiarça,Concelho,2.º quartil,977.0
2024,1D31405,Benavente,Concelho,2.º quartil,1538.0
2024,1D31406,Cartaxo,Concelho,2.º quartil,1172.0
2024,1D31407,Chamusca,Concelho,2.º quartil,712.0
2024,1D31409,Coruche,Concelho,2.º quartil,1171.0
2024,1D31412,Golegã,Concelho,2.º quartil,851.0
2024,1D31416,Santarém,Concelho,2.º quartil,1194.0
2024,1D31414,Rio Maior,Concelho,2.º quartil,1041.0
2024,1D3,Lezíria do Tejo,NUTS III,2.º quartil,1218.0
2024,1D31415,Salvaterra de Magos,Concelho,2.º quartil,1435.0
2024,2,Região Autónoma dos Açores,NUTS I,2.º quartil,1179.0
2024,20,Região Autónoma dos Açores,NUTS II,2.º quartil,1179.0
2024,200,Região Autónoma dos Açores,NUTS III,2.º quartil,1179.0
2024,2004101,Vila do Porto,Concelho,2.º quartil,1188.0
2024,2004201,Lagoa (R.A.A.),Concelho,2.º quartil,1419.0
2024,2004202,Nordeste,Concelho,2.º quartil,866.0
2024,2004203,Ponta Delgada,Concelho,2.º quartil,1667.0
2024,2004204,Povoação,Concelho,2.º quartil,1164.0
2024,1111607,Ponte de Lima,Concelho,2.º quartil,1246.0
2024,11D1815,São João da Pesqueira,Concelho,2.º quartil,420.0
2024,1111608,Valença,Concelho,2.º quartil,893.0
2024,1111609,Viana do Castelo,Concelho,2.º quartil,1591.0
2024,1190308,Guimarães,Concelho,2.º quartil,1358.0
2024,11D1818,Sernancelhe,Concelho,2.º quartil,287.0
2024,11D1819,Tabuaço,Concelho,2.º quartil,334.0
2024,11D1820,Tarouca,Concelho,2.º quartil,700.0
2024,11E,Terras de Trás-os-Montes,NUTS III,2.º quartil,710.0
2024,11E0401,Alfândega da Fé,Concelho,2.º quartil,417.0
2024,11E0402,Bragança,Concelho,2.º quartil,932.0
2024,11E0405,Macedo de Cavaleiros,Concelho,2.º quartil,624.0
2024,11E0406,Miranda do Douro,Concelho,2.º quartil,471.0
2024,11E0407,Mirandela,Concelho,2.º quartil,805.0
2024,11E0408,Mogadouro,Concelho,2.º quartil,391.0
2024,11E0410,Vila Flor,Concelho,2.º quartil,383.0
2024,11E0411,Vimioso,Concelho,2.º quartil,316.0
2024,11E0412,Vinhais,Concelho,2.º quartil,391.0
2024,15,Algarve,NUTS II,2.º quartil,2752.0
2024,150,Algarve,NUTS III,2.º quartil,2752.0
2024,1500801,Albufeira,Concelho,2.º quartil,2941.0
2024,1500802,Alcoutim,Concelho,2.º quartil,769.0
2024,1500803,Aljezur,Concelho,2.º quartil,3059.0
2024,1500804,Castro Marim,Concelho,2.º quartil,2078.0
2024,1500805,Faro,Concelho,2.º quartil,2504.0
2024,1500806,Lagoa,Concelho,2.º quartil,2762.0
2024,1500807,Lagos,Concelho,2.º quartil,3452.0
2024,1500808,Loulé,Concelho,2.º quartil,3333.0
2024,1500809,Monchique,Concelho,2.º quartil,1250.0
2024,1500810,Olhão,Concelho,2.º quartil,2250.0
2024,1500811,Portimão,Concelho,2.º quartil,2578.0
2024,1500812,São Brás de Alportel,Concelho,2.º quartil,1997.0
2024,1500813,Silves,Concelho,2.º quartil,2464.0
2024,1500814,Tavira,Concelho,2.º quartil,2853.0
2024,1500815,Vila do Bispo,Concelho,2.º quartil,3030.0
2024,1500816,Vila Real de Santo António,Concelho,2.º quartil,2548.0
2024,19,Centro,NUTS II,2.º quartil,1026.0
2024,1910103,Anadia,Concelho,2.º quartil,776.0
2024,191,Região de Aveiro,NUTS III,2.º quartil,1372.0
2024,2004205,Ribeira Grande,Concelho,2.º quartil,849.0
2024,2004206,Vila Franca do Campo,Concelho,2.º quartil,1154.0
2024,2004301,Angra do Heroísmo,Concelho,2.º quartil,1070.0
2024,2004302,Vila da Praia da Vitória,Concelho,2.º quartil,1046.0
2024,2004401,Santa Cruz da Graciosa,Concelho,2.º quartil,369.0
2024,2004501,Calheta (R.A.A.),Concelho,2.º quartil,691.0
2024,2004502,Velas,Concelho,2.º quartil,750.0
2024,2004601,Lajes do Pico,Concelho,2.º quartil,994.0
2024,2004602,Madalena,Concelho,2.º quartil,1220.0
2024,2004603,São Roque do Pico,Concelho,2.º quartil,1116.0
2024,11D0914,Vila Nova de Foz Côa,Concelho,2.º quartil,414.0
2024,11D1704,Mesão Frio,Concelho,2.º quartil,500.0
2024,11D1707,Murça,Concelho,2.º quartil,324.0
2024,11D1701,Alijó,Concelho,2.º quartil,460.0
2024,11D1708,Peso da Régua,Concelho,2.º quartil,642.0
2024,11D1710,Sabrosa,Concelho,2.º quartil,558.0
2024,11B1706,Montalegre,Concelho,2.º quartil,487.0
2024,11B1709,Ribeira de Pena,Concelho,2.º quartil,758.0
2024,11B1712,Valpaços,Concelho,2.º quartil,564.0
2024,11B1713,Vila Pouca de Aguiar,Concelho,2.º quartil,767.0
2024,11C,Tâmega e Sousa,NUTS III,2.º quartil,983.0
2024,11C0106,Castelo de Paiva,Concelho,2.º quartil,886.0
2024,11C0305,Celorico de Basto,Concelho,2.º quartil,669.0
2024,11A0104,Arouca,Concelho,2.º quartil,1017.0
2024,11A0113,Oliveira de Azeméis,Concelho,2.º quartil,1111.0
2024,11A0116,São João da Madeira,Concelho,2.º quartil,1288.0
2024,11A0119,Vale de Cambra,Concelho,2.º quartil,1101.0
2024,11A1304,Gondomar,Concelho,2.º quartil,1746.0
2024,11A1306,Maia,Concelho,2.º quartil,2046.0
2024,11A1308,Matosinhos,Concelho,2.º quartil,2583.0
2024,11A1310,Paredes,Concelho,2.º quartil,1311.0
2024,11A1312,Porto,Concelho,2.º quartil,2984.0
2024,11A1313,Póvoa de Varzim,Concelho,2.º quartil,1921.0
2024,11A1314,Santo Tirso,Concelho,2.º quartil,1197.0
2024,11A1315,Valongo,Concelho,2.º quartil,1742.0
2024,11A1316,Vila do Conde,Concelho,2.º quartil,1911.0
2024,11A1317,Vila Nova de Gaia,Concelho,2.º quartil,2128.0
2024,11A1318,Trofa,Concelho,2.º quartil,1479.0
2024,11B,Alto Tâmega e Barroso,NUTS III,2.º quartil,817.0
2024,11B1702,Boticas,Concelho,2.º quartil,542.0
2024,11B1703,Chaves,Concelho,2.º quartil,1000.0
2024,1950502,Castelo Branco,Concelho,3.º quartil,1135.0
2024,1950505,Idanha-a-Nova,Concelho,3.º quartil,500.0
2024,1950506,Oleiros,Concelho,3.º quartil,940.0
2024,1950507,Penamacor,Concelho,3.º quartil,600.0
2024,1950508,Proença-a-Nova,Concelho,3.º quartil,905.0
2024,1950509,Sertã,Concelho,3.º quartil,1154.0
2024,1950510,Vila de Rei,Concelho,3.º quartil,742.0
2024,1950511,Vila Velha de Ródão,Concelho,3.º quartil,594.0
2024,196,Beiras e Serra da Estrela,NUTS III,3.º quartil,1043.0
2024,1960501,Belmonte,Concelho,3.º quartil,869.0
2024,1960503,Covilhã,Concelho,3.º quartil,1323.0
2024,1960504,Fundão,Concelho,3.º quartil,1241.0
2024,1190311,Vieira do Minho,Concelho,3.º quartil,1226.0
2024,1960902,Almeida,Concelho,3.º quartil,504.0
2024,1960903,Celorico da Beira,Concelho,3.º quartil,632.0
2024,1190309,Póvoa de Lanhoso,Concelho,3.º quartil,1405.0
2024,1190312,Vila Nova de Famalicão,Concelho,3.º quartil,1735.0
2024,1190314,Vizela,Concelho,3.º quartil,1461.0
2024,1191705,Mondim de Basto,Concelho,3.º quartil,978.0
2024,11A,Área Metropolitana do Porto,NUTS III,3.º quartil,2675.0
2024,11A0107,Espinho,Concelho,3.º quartil,2876.0
2024,11A0109,Santa Maria da Feira,Concelho,3.º quartil,1595.0
2024,11D0403,Carrazeda de Ansiães,Concelho,3.º quartil,769.0
2024,11D0404,Freixo de Espada à Cinta,Concelho,3.º quartil,577.0
2024,11D0409,Torre de Moncorvo,Concelho,3.º quartil,654.0
2024,11D1711,Santa Marta de Penaguião,Concelho,3.º quartil,783.0
2024,11D1714,Vila Real,Concelho,3.º quartil,1729.0
2024,11D1801,Armamar,Concelho,3.º quartil,375.0
2024,11D1805,Lamego,Concelho,3.º quartil,1088.0
2024,11D1807,Moimenta da Beira,Concelho,3.º quartil,759.0
2024,11D1812,Penedono,Concelho,3.º quartil,
2024,1960904,Figueira de Castelo Rodrigo,Concelho,3.º quartil,433.0
2024,1960905,Fornos de Algodres,Concelho,3.º quartil,489.0
2024,1960906,Gouveia,Concelho,3.º quartil,669.0
2024,1960907,Guarda,Concelho,3.º quartil,1163.0
2024,1960908,Manteigas,Concelho,3.º quartil,605.0
2024,1960909,Mêda,Concelho,3.º quartil,606.0
2024,1960910,Pinhel,Concelho,3.º quartil,578.0
2024,1960911,Sabugal,Concelho,3.º quartil,516.0
2024,1960912,Seia,Concelho,3.º quartil,839.0
2024,1960913,Trancoso,Concelho,3.º quartil,668.0
2024,1A01106,Lisboa,Concelho,3.º quartil,5575.0
2024,1A,Grande Lisboa,NUTS II,3.º quartil,4104.0
2024,1A0,Grande Lisboa,NUTS III,3.º quartil,4104.0
2024,11C1305,Lousada,Concelho,3.º quartil,1339.0
2024,11C1301,Amarante,Concelho,3.º quartil,1321.0
2024,11C1302,Baião,Concelho,3.º quartil,1036.0
2024,11C1303,Felgueiras,Concelho,3.º quartil,1318.0
2024,11C1307,Marco de Canaveses,Concelho,3.º quartil,1307.0
2024,11C1309,Paços de Ferreira,Concelho,3.º quartil,1440.0
2024,11C1311,Penafiel,Concelho,3.º quartil,1501.0
2024,11C1804,Cinfães,Concelho,3.º quartil,646.0
2024,11C1813,Resende,Concelho,3.º quartil,991.0
2024,11D,Douro,NUTS III,3.º quartil,1100.0
2024,1A01105,Cascais,Concelho,3.º quartil,5444.0
2024,1A01107,Loures,Concelho,3.º quartil,3140.0
2024,1A01109,Mafra,Concelho,3.º quartil,3053.0
2024,1A01110,Oeiras,Concelho,3.º quartil,4128.0
2024,1A01111,Sintra,Concelho,3.º quartil,2587.0
2024,1A01114,Vila Franca de Xira,Concelho,3.º quartil,2455.0
2024,1C,Alentejo,NUTS II,3.º quartil,1408.0
2024,1C1,Alentejo Litoral,NUTS III,3.º quartil,2374.0
2024,1C10211,Odemira,Concelho,3.º quartil,2242.0
2024,1C11501,Alcácer do Sal,Concelho,3.º quartil,2200.0
2024,1C11505,Grândola,Concelho,3.º quartil,3563.0
2024,1941816,São Pedro do Sul,Concelho,3.º quartil,1275.0
2024,1941817,Sátão,Concelho,3.º quartil,853.0
2024,1941821,Tondela,Concelho,3.º quartil,1106.0
2024,1941822,Vila Nova de Paiva,Concelho,3.º quartil,822.0
2024,1941823,Viseu,Concelho,3.º quartil,1754.0
2024,1941824,Vouzela,Concelho,3.º quartil,856.0
2024,195,Beira Baixa,NUTS III,3.º quartil,1011.0
2024,1910101,Águeda,Concelho,3.º quartil,1401.0
2024,1910102,Albergaria-a-Velha,Concelho,3.º quartil,1406.0
2024,1910105,Aveiro,Concelho,3.º quartil,2946.0
2024,1910108,Estarreja,Concelho,3.º quartil,1455.0
2024,1910110,Ílhavo,Concelho,3.º quartil,2374.0
2024,1910112,Murtosa,Concelho,3.º quartil,1422.0
2024,1910114,Oliveira do Bairro,Concelho,3.º quartil,1391.0
2024,1910115,Ovar,Concelho,3.º quartil,1907.0
2024,1910117,Sever do Vouga,Concelho,3.º quartil,1088.0
2024,1910118,Vagos,Concelho,3.º quartil,1970.0
2024,192,Região de Coimbra,NUTS III,3.º quartil,1836.0
2024,1920111,Mealhada,Concelho,3.º quartil,1261.0
2024,1920601,Arganil,Concelho,3.º quartil,919.0
2024,1920602,Cantanhede,Concelho,3.º quartil,1416.0
2024,1920603,Coimbra,Concelho,3.º quartil,2492.0
2024,1920604,Condeixa-a-Nova,Concelho,3.º quartil,1762.0
2024,1920605,Figueira da Foz,Concelho,3.º quartil,2146.0
2024,1920606,Góis,Concelho,3.º quartil,824.0
2024,1920607,Lousã,Concelho,3.º quartil,1354.0
2024,1920608,Mira,Concelho,3.º quartil,1765.0
2024,1920609,Miranda do Corvo,Concelho,3.º quartil,1129.0
2024,1920610,Montemor-o-Velho,Concelho,3.º quartil,1304.0
2024,2004701,Horta,Concelho,3.º quartil,1494.0
2024,2004801,Lajes das Flores,Concelho,3.º quartil,
2024,2004802,Santa Cruz das Flores,Concelho,3.º quartil,
2024,2004901,Corvo,Concelho,3.º quartil,
2024,3,Região Autónoma da Madeira,NUTS I,3.º quartil,3296.0
2024,30,Região Autónoma da Madeira,NUTS II,3.º quartil,3296.0
2024,300,Região Autónoma da Madeira,NUTS III,3.º quartil,3296.0
2024,3003101,Calheta (R.A.M.),Concelho,3.º quartil,2299.0
2024,3003102,Câmara de Lobos,Concelho,3.º quartil,2924.0
2024,3003103,Funchal,Concelho,3.º quartil,4066.0
2024,3003104,Machico,Concelho,3.º quartil,2819.0
2024,3003105,Ponta do Sol,Concelho,3.º quartil,2625.0
2024,3003106,Porto Moniz,Concelho,3.º quartil,1852.0
2024,3003107,Ribeira Brava,Concelho,3.º quartil,2312.0
2024,3003108,Santa Cruz,Concelho,3.º quartil,2736.0
2024,3003109,Santana,Concelho,3.º quartil,1555.0
2024,3003110,São Vicente,Concelho,3.º quartil,1960.0
2024,3003201,Porto Santo,Concelho,3.º quartil,2448.0
2024,PT,Portugal,Nacional,3.º quartil,2639.0
2024,1111601,Arcos de Valdevez,Concelho,3.º quartil,1544.0
2024,1,Continente,NUTS I,3.º quartil,2633.0
2024,11,Norte,NUTS II,3.º quartil,2216.0
2024,111,Alto Minho,NUTS III,3.º quartil,1761.0
2024,1111602,Caminha,Concelho,3.º quartil,1856.0
2024,1111603,Melgaço,Concelho,3.º quartil,777.0
2024,1111604,Monção,Concelho,3.º quartil,1633.0
2024,1111605,Paredes de Coura,Concelho,3.º quartil,1185.0
2024,1111610,Vila Nova de Cerveira,Concelho,3.º quartil,1370.0
2024,112,Cávado,NUTS III,3.º quartil,1978.0
2024,1120301,Amares,Concelho,3.º quartil,1425.0
2024,1120302,Barcelos,Concelho,3.º quartil,1724.0
2024,1120303,Braga,Concelho,3.º quartil,2064.0
2024,1120306,Esposende,Concelho,3.º quartil,2549.0
2024,1120310,Terras de Bouro,Concelho,3.º quartil,1388.0
2024,1120313,Vila Verde,Concelho,3.º quartil,1512.0
2024,119,Ave,NUTS III,3.º quartil,1630.0
2024,1190304,Cabeceiras de Basto,Concelho,3.º quartil,1111.0
2024,1190307,Fafe,Concelho,3.º quartil,1386.0
2024,1111606,Ponte da Barca,Concelho,3.º quartil,1277.0
2024,1920611,Oliveira do Hospital,Concelho,3.º quartil,1163.0
2024,1920612,Pampilhosa da Serra,Concelho,3.º quartil,525.0
2024,1920613,Penacova,Concelho,3.º quartil,868.0
2024,1920614,Penela,Concelho,3.º quartil,1149.0
2024,1920615,Soure,Concelho,3.º quartil,1053.0
2024,1920616,Tábua,Concelho,3.º quartil,1051.0
2024,1920617,Vila Nova de Poiares,Concelho,3.º quartil,1060.0
2024,1921808,Mortágua,Concelho,3.º quartil,962.0
2024,193,Região de Leiria,NUTS III,3.º quartil,1658.0
2024,1931002,Alvaiázere,Concelho,3.º quartil,879.0
2024,1931003,Ansião,Concelho,3.º quartil,948.0
2024,1931004,Batalha,Concelho,3.º quartil,1444.0
2024,1931010,Marinha Grande,Concelho,3.º quartil,1509.0
2024,1931007,Castanheira de Pêra,Concelho,3.º quartil,794.0
2024,1931008,Figueiró dos Vinhos,Concelho,3.º quartil,951.0
2024,1931009,Leiria,Concelho,3.º quartil,1955.0
2024,1931013,Pedrógão Grande,Concelho,3.º quartil,946.0
2024,1931015,Pombal,Concelho,3.º quartil,1498.0
2024,1931016,Porto de Mós,Concelho,3.º quartil,1222.0
2024,194,Viseu Dão Lafões,NUTS III,3.º quartil,1351.0
2024,1940901,Aguiar da Beira,Concelho,3.º quartil,811.0
2024,1941802,Carregal do Sal,Concelho,3.º quartil,1000.0
2024,1941803,Castro Daire,Concelho,3.º quartil,856.0
2024,1941806,Mangualde,Concelho,3.º quartil,943.0
2024,1941809,Nelas,Concelho,3.º quartil,988.0
2024,1941810,Oliveira de Frades,Concelho,3.º quartil,1148.0
2024,1941811,Penalva do Castelo,Concelho,3.º quartil,761.0
2024,1941814,Santa Comba Dão,Concelho,3.º quartil,1215.0
2024,1A01115,Amadora,Concelho,3.º quartil,2876.0
2024,1A01116,Odivelas,Concelho,3.º quartil,3243.0
2024,1B,Península de Setúbal,NUTS II,3.º quartil,2590.0
2024,1B0,Península de Setúbal,NUTS III,3.º quartil,2590.0
2024,1B01502,Alcochete,Concelho,3.º quartil,2653.0
2024,1B01503,Almada,Concelho,3.º quartil,3259.0
2024,1B01504,Barreiro,Concelho,3.º quartil,2257.0
2024,1B01506,Moita,Concelho,3.º quartil,2029.0
2024,1B01507,Montijo,Concelho,3.º quartil,2426.0
2024,1B01508,Palmela,Concelho,3.º quartil,2285.0
2024,1B01510,Seixal,Concelho,3.º quartil,2615.0
2024,1B01511,Sesimbra,Concelho,3.º quartil,2761.0
2024,1B01512,Setúbal,Concelho,3.º quartil,2506.0
2024,1C40710,Redondo,Concelho,3.º quartil,1141.0
2024,1C40711,Reguengos de Monsaraz,Concelho,3.º quartil,1183.0
2024,1C40712,Vendas Novas,Concelho,3.º quartil,1693.0
2024,1C40713,Viana do Alentejo,Concelho,3.º quartil,1031.0
2024,1C40714,Vila Viçosa,Concelho,3.º quartil,1021.0
2024,1D,Oeste e Vale do Tejo,NUTS II,3.º quartil,1790.0
2024,1D1,Oeste,NUTS III,3.º quartil,2125.0
2024,1D11001,Alcobaça,Concelho,3.º quartil,1900.0
2024,1D11005,Bombarral,Concelho,3.º quartil,1768.0
2024,1D11006,Caldas da Rainha,Concelho,3.º quartil,2125.0
2024,1D11011,Nazaré,Concelho,3.º quartil,3240.0
2024,1D11012,Óbidos,Concelho,3.º quartil,2517.0
2024,1D11014,Peniche,Concelho,3.º quartil,2283.0
2024,1D11101,Alenquer,Concelho,3.º quartil,1822.0
2024,1C31212,Nisa,Concelho,3.º quartil,644.0
2024,1C31213,Ponte de Sor,Concelho,3.º quartil,1173.0
2024,1C31214,Portalegre,Concelho,3.º quartil,1088.0
2024,1C40702,Arraiolos,Concelho,3.º quartil,1130.0
2024,1C31215,Sousel,Concelho,3.º quartil,923.0
2024,1C4,Alentejo Central,NUTS III,3.º quartil,1612.0
2024,1C40701,Alandroal,Concelho,3.º quartil,993.0
2024,1C40703,Borba,Concelho,3.º quartil,1011.0
2024,1C40704,Estremoz,Concelho,3.º quartil,1237.0
2024,1C40705,Évora,Concelho,3.º quartil,2346.0
2024,1C40706,Montemor-o-Novo,Concelho,3.º quartil,1553.0
2024,1C40707,Mora,Concelho,3.º quartil,1084.0
2024,1C11509,Santiago do Cacém,Concelho,3.º quartil,2184.0
2024,1C11513,Sines,Concelho,3.º quartil,2638.0
2024,1C2,Baixo Alentejo,NUTS III,3.º quartil,1064.0
2024,1C20201,Aljustrel,Concelho,3.º quartil,1030.0
2024,1C20202,Almodôvar,Concelho,3.º quartil,1080.0
2024,1C20203,Alvito,Concelho,3.º quartil,1248.0
2024,1C20204,Barrancos,Concelho,3.º quartil,
2024,1C20205,Beja,Concelho,3.º quartil,1327.0
2024,1C20206,Castro Verde,Concelho,3.º quartil,1231.0
2024,1C20207,Cuba,Concelho,3.º quartil,950.0
2024,1C20208,Ferreira do Alentejo,Concelho,3.º quartil,857.0
2024,1C20209,Mértola,Concelho,3.º quartil,949.0
2024,1C20210,Moura,Concelho,3.º quartil,895.0
2024,1C20212,Ourique,Concelho,3.º quartil,993.0
2024,1C20213,Serpa,Concelho,3.º quartil,953.0
2024,1C20214,Vidigueira,Concelho,3.º quartil,916.0
2024,1C3,Alto Alentejo,NUTS III,3.º quartil,967.0
2024,1C31201,Alter do Chão,Concelho,3.º quartil,685.0
2024,1C31202,Arronches,Concelho,3.º quartil,942.0
2024,1C31203,Avis,Concelho,3.º quartil,805.0
2024,1C31204,Campo Maior,Concelho,3.º quartil,847.0
2024,1C31205,Castelo de Vide,Concelho,3.º quartil,874.0
2024,1C31209,Gavião,Concelho,3.º quartil,529.0
2024,1C31206,Crato,Concelho,3.º quartil,708.0
2024,1C31207,Elvas,Concelho,3.º quartil,1132.0
2024,1C31208,Fronteira,Concelho,3.º quartil,872.0
2024,1C31210,Marvão,Concelho,3.º quartil,1035.0
2024,1C31211,Monforte,Concelho,3.º quartil,698.0
2024,1C40708,Mourão,Concelho,3.º quartil,1005.0
2024,1C40709,Portel,Concelho,3.º quartil,941.0
2024,1D11102,Arruda dos Vinhos,Concelho,3.º quartil,2152.0
2024,1D11104,Cadaval,Concelho,3.º quartil,1467.0
2024,1D11108,Lourinhã,Concelho,3.º quartil,2141.0
2024,1D11112,Sobral de Monte Agraço,Concelho,3.º quartil,2083.0
2024,1D11113,Torres Vedras,Concelho,3.º quartil,2256.0
2024,1D2,Médio Tejo,NUTS III,3.º quartil,1306.0
2024,1D21401,Abrantes,Concelho,3.º quartil,1029.0
2024,1D21402,Alcanena,Concelho,3.º quartil,1062.0
2024,1D21408,Constância,Concelho,3.º quartil,1135.0
2024,1D21410,Entroncamento,Concelho,3.º quartil,1384.0
2024,1D21411,Ferreira do Zêzere,Concelho,3.º quartil,1301.0
2024,1D21413,Mação,Concelho,3.º quartil,599.0
2024,1D21417,Sardoal,Concelho,3.º quartil,1083.0
2024,1D21418,Tomar,Concelho,3.º quartil,1500.0
2024,1D21419,Torres Novas,Concelho,3.º quartil,1298.0
2024,1D21420,Vila Nova da Barquinha,Concelho,3.º quartil,1388.0
2024,1D21421,Ourém,Concelho,3.º quartil,1458.0
2024,1D31103,Azambuja,Concelho,3.º quartil,1767.0
2024,1D31403,Almeirim,Concelho,3.º quartil,1458.0
2024,1D31404,Alpiarça,Concelho,3.º quartil,1288.0
2024,1D31405,Benavente,Concelho,3.º quartil,1793.0
2024,1D31406,Cartaxo,Concelho,3.º quartil,1508.0
2024,1D31407,Chamusca,Concelho,3.º quartil,1013.0
2024,1D31409,Coruche,Concelho,3.º quartil,1570.0
2024,1D31412,Golegã,Concelho,3.º quartil,1252.0
2024,1D31416,Santarém,Concelho,3.º quartil,1571.0
2024,1D31414,Rio Maior,Concelho,3.º quartil,1417.0
2024,1D3,Lezíria do Tejo,NUTS III,3.º quartil,1611.0
2024,1D31415,Salvaterra de Magos,Concelho,3.º quartil,1810.0
2024,2,Região Autónoma dos Açores,NUTS I,3.º quartil,1795.0
2024,20,Região Autónoma dos Açores,NUTS II,3.º quartil,1795.0
2024,200,Região Autónoma dos Açores,NUTS III,3.º quartil,1795.0
2024,2004101,Vila do Porto,Concelho,3.º quartil,1751.0
2024,2004201,Lagoa (R.A.A.),Concelho,3.º quartil,2080.0
2024,2004202,Nordeste,Concelho,3.º quartil,1370.0
2024,2004203,Ponta Delgada,Concelho,3.º quartil,2237.0
2024,2004204,Povoação,Concelho,3.º quartil,1755.0
2024,1111607,Ponte de Lima,Concelho,3.º quartil,1782.0
2024,11D1815,São João da Pesqueira,Concelho,3.º quartil,877.0
2024,1111608,Valença,Concelho,3.º quartil,1344.0
2024,1111609,Viana do Castelo,Concelho,3.º quartil,2045.0
2024,1190308,Guimarães,Concelho,3.º quartil,1724.0
2024,11D1818,Sernancelhe,Concelho,3.º quartil,467.0
2024,11D1819,Tabuaço,Concelho,3.º quartil,664.0
2024,11D1820,Tarouca,Concelho,3.º quartil,885.0
2024,11E,Terras de Trás-os-Montes,NUTS III,3.º quartil,1073.0
2024,11E0401,Alfândega da Fé,Concelho,3.º quartil,733.0
2024,11E0402,Bragança,Concelho,3.º quartil,1185.0
2024,11E0405,Macedo de Cavaleiros,Concelho,3.º quartil,911.0
2024,11E0406,Miranda do Douro,Concelho,3.º quartil,724.0
2024,11E0407,Mirandela,Concelho,3.º quartil,1209.0
2024,11E0408,Mogadouro,Concelho,3.º quartil,759.0
2024,11E0410,Vila Flor,Concelho,3.º quartil,667.0
2024,11E0411,Vimioso,Concelho,3.º quartil,475.0
2024,11E0412,Vinhais,Concelho,3.º quartil,563.0
2024,15,Algarve,NUTS II,3.º quartil,3627.0
2024,150,Algarve,NUTS III,3.º quartil,3627.0
2024,1500801,Albufeira,Concelho,3.º quartil,3667.0
2024,1500802,Alcoutim,Concelho,3.º quartil,1216.0
2024,1500803,Aljezur,Concelho,3.º quartil,3915.0
2024,1500804,Castro Marim,Concelho,3.º quartil,2857.0
2024,1500805,Faro,Concelho,3.º quartil,3283.0
2024,1500806,Lagoa,Concelho,3.º quartil,3566.0
2024,1500807,Lagos,Concelho,3.º quartil,4310.0
2024,1500808,Loulé,Concelho,3.º quartil,4724.0
2024,1500809,Monchique,Concelho,3.º quartil,2101.0
2024,1500810,Olhão,Concelho,3.º quartil,2873.0
2024,1500811,Portimão,Concelho,3.º quartil,3196.0
2024,1500812,São Brás de Alportel,Concelho,3.º quartil,2614.0
2024,1500813,Silves,Concelho,3.º quartil,3229.0
2024,1500814,Tavira,Concelho,3.º quartil,3490.0
2024,1500815,Vila do Bispo,Concelho,3.º quartil,3894.0
2024,1500816,Vila Real de Santo António,Concelho,3.º quartil,3277.0
2024,19,Centro,NUTS II,3.º quartil,1591.0
2024,1910103,Anadia,Concelho,3.º quartil,1154.0
2024,191,Região de Aveiro,NUTS III,3.º quartil,1944.0
2024,2004205,Ribeira Grande,Concelho,3.º quartil,1477.0
2024,2004206,Vila Franca do Campo,Concelho,3.º quartil,1654.0
2024,2004301,Angra do Heroísmo,Concelho,3.º quartil,1627.0
2024,2004302,Vila da Praia da Vitória,Concelho,3.º quartil,1468.0
2024,2004401,Santa Cruz da Graciosa,Concelho,3.º quartil,563.0
2024,2004501,Calheta (R.A.A.),Concelho,3.º quartil,986.0
2024,2004502,Velas,Concelho,3.º quartil,1326.0
2024,2004601,Lajes do Pico,Concelho,3.º quartil,1280.0
2024,2004602,Madalena,Concelho,3.º quartil,1786.0
2024,2004603,São Roque do Pico,Concelho,3.º quartil,2156.0
2024,11D0914,Vila Nova de Foz Côa,Concelho,3.º quartil,788.0
2024,11D1704,Mesão Frio,Concelho,3.º quartil,823.0
2024,11D1707,Murça,Concelho,3.º quartil,478.0
2024,11D1701,Alijó,Concelho,3.º quartil,827.0
2024,11D1708,Peso da Régua,Concelho,3.º quartil,1081.0
2024,11D1710,Sabrosa,Concelho,3.º quartil,819.0
2024,11B1706,Montalegre,Concelho,3.º quartil,1000.0
2024,11B1709,Ribeira de Pena,Concelho,3.º quartil,1000.0
2024,11B1712,Valpaços,Concelho,3.º quartil,875.0
2024,11B1713,Vila Pouca de Aguiar,Concelho,3.º quartil,1087.0
2024,11C,Tâmega e Sousa,NUTS III,3.º quartil,1323.0
2024,11C0106,Castelo de Paiva,Concelho,3.º quartil,1313.0
2024,11C0305,Celorico de Basto,Concelho,3.º quartil,1166.0
2024,11A0104,Arouca,Concelho,3.º quartil,1486.0
2024,11A0113,Oliveira de Azeméis,Concelho,3.º quartil,1392.0
2024,11A0116,São João da Madeira,Concelho,3.º quartil,1617.0
2024,11A0119,Vale de Cambra,Concelho,3.º quartil,1436.0
2024,11A1304,Gondomar,Concelho,3.º quartil,2085.0
2024,11A1306,Maia,Concelho,3.º quartil,2381.0
2024,11A1308,Matosinhos,Concelho,3.º quartil,3308.0
2024,11A1310,Paredes,Concelho,3.º quartil,1618.0
2024,11A1312,Porto,Concelho,3.º quartil,3754.0
2024,11A1313,Póvoa de Varzim,Concelho,3.º quartil,2321.0
2024,11A1314,Santo Tirso,Concelho,3.º quartil,1547.0
2024,11A1315,Valongo,Concelho,3.º quartil,2011.0
2024,11A1316,Vila do Conde,Concelho,3.º quartil,2329.0
2024,11A1317,Vila Nova de Gaia,Concelho,3.º quartil,2659.0
2024,11A1318,Trofa,Concelho,3.º quartil,1839.0
2024,11B,Alto Tâmega e Barroso,NUTS III,3.º quartil,1162.0
2024,11B1702,Boticas,Concelho,3.º quartil,938.0
2024,11B1703,Chaves,Concelho,3.º quartil,1302.0
2025,1950502,Castelo Branco,Concelho,1.º quartil,500.0
2025,1950505,Idanha-a-Nova,Concelho,1.º quartil,183.0
2025,1950506,Oleiros,Concelho,1.º quartil,177.0
2025,1950507,Penamacor,Concelho,1.º quartil,240.0
2025,1950508,Proença-a-Nova,Concelho,1.º quartil,304.0
2025,1950509,Sertã,Concelho,1.º quartil,421.0
2025,1950510,Vila de Rei,Concelho,1.º quartil,342.0
2025,1950511,Vila Velha de Ródão,Concelho,1.º quartil,216.0
2025,196,Beiras e Serra da Estrela,NUTS III,1.º quartil,317.0
2025,1960501,Belmonte,Concelho,1.º quartil,298.0
2025,1960503,Covilhã,Concelho,1.º quartil,502.0
2025,1960504,Fundão,Concelho,1.º quartil,354.0
2025,1190311,Vieira do Minho,Concelho,1.º quartil,419.0
2025,1960902,Almeida,Concelho,1.º quartil,170.0
2025,1960903,Celorico da Beira,Concelho,1.º quartil,189.0
2025,1190309,Póvoa de Lanhoso,Concelho,1.º quartil,892.0
2025,1190312,Vila Nova de Famalicão,Concelho,1.º quartil,1402.0
2025,1190314,Vizela,Concelho,1.º quartil,974.0
2025,1191705,Mondim de Basto,Concelho,1.º quartil,463.0
2025,11A,Área Metropolitana do Porto,NUTS III,1.º quartil,1683.0
2025,11A0107,Espinho,Concelho,1.º quartil,1965.0
2025,11A0109,Santa Maria da Feira,Concelho,1.º quartil,1181.0
2025,11D0403,Carrazeda de Ansiães,Concelho,1.º quartil,200.0
2025,11D0404,Freixo de Espada à Cinta,Concelho,1.º quartil,98.0
2025,11D0409,Torre de Moncorvo,Concelho,1.º quartil,180.0
2025,11D1711,Santa Marta de Penaguião,Concelho,1.º quartil,274.0
2025,11D1714,Vila Real,Concelho,1.º quartil,950.0
2025,11D1801,Armamar,Concelho,1.º quartil,133.0
2025,11D1805,Lamego,Concelho,1.º quartil,442.0
2025,11D1807,Moimenta da Beira,Concelho,1.º quartil,269.0
2025,11D1812,Penedono,Concelho,1.º quartil,134.0
2025,1960904,Figueira de Castelo Rodrigo,Concelho,1.º quartil,87.0
2025,1960905,Fornos de Algodres,Concelho,1.º quartil,273.0
2025,1960906,Gouveia,Concelho,1.º quartil,274.0
2025,1960907,Guarda,Concelho,1.º quartil,452.0
2025,1960908,Manteigas,Concelho,1.º quartil,226.0
2025,1960909,Mêda,Concelho,1.º quartil,173.0
2025,1960910,Pinhel,Concelho,1.º quartil,216.0
2025,1960911,Sabugal,Concelho,1.º quartil,244.0
2025,1960912,Seia,Concelho,1.º quartil,353.0
2025,1960913,Trancoso,Concelho,1.º quartil,202.0
2025,1A01106,Lisboa,Concelho,1.º quartil,3966.0
2025,1A,Grande Lisboa,NUTS II,1.º quartil,2625.0
2025,1A0,Grande Lisboa,NUTS III,1.º quartil,2625.0
2025,11C1305,Lousada,Concelho,1.º quartil,866.0
2025,11C1301,Amarante,Concelho,1.º quartil,714.0
2025,11C1302,Baião,Concelho,1.º quartil,385.0
2025,11C1303,Felgueiras,Concelho,1.º quartil,649.0
2025,11C1307,Marco de Canaveses,Concelho,1.º quartil,670.0
2025,11C1309,Paços de Ferreira,Concelho,1.º quartil,1051.0
2025,11C1311,Penafiel,Concelho,1.º quartil,833.0
2025,11C1804,Cinfães,Concelho,1.º quartil,242.0
2025,11C1813,Resende,Concelho,1.º quartil,254.0
2025,11D,Douro,NUTS III,1.º quartil,316.0
2025,1A01105,Cascais,Concelho,1.º quartil,3582.0
2025,1A01107,Loures,Concelho,1.º quartil,2277.0
2025,1A01109,Mafra,Concelho,1.º quartil,2210.0
2025,1A01110,Oeiras,Concelho,1.º quartil,3345.0
2025,1A01111,Sintra,Concelho,1.º quartil,2273.0
2025,1A01114,Vila Franca de Xira,Concelho,1.º quartil,2149.0
2025,1C,Alentejo,NUTS II,1.º quartil,559.0
2025,1C1,Alentejo Litoral,NUTS III,1.º quartil,1294.0
2025,1C10211,Odemira,Concelho,1.º quartil,833.0
2025,1C11501,Alcácer do Sal,Concelho,1.º quartil,1164.0
2025,1C11505,Grândola,Concelho,1.º quartil,1654.0
2025,1941816,São Pedro do Sul,Concelho,1.º quartil,403.0
2025,1941817,Sátão,Concelho,1.º quartil,309.0
2025,1941821,Tondela,Concelho,1.º quartil,361.0
2025,1941822,Vila Nova de Paiva,Concelho,1.º quartil,138.0
2025,1941823,Viseu,Concelho,1.º quartil,977.0
2025,1941824,Vouzela,Concelho,1.º quartil,276.0
2025,195,Beira Baixa,NUTS III,1.º quartil,343.0
2025,1910101,Águeda,Concelho,1.º quartil,679.0
2025,1910102,Albergaria-a-Velha,Concelho,1.º quartil,874.0
2025,1910105,Aveiro,Concelho,1.º quartil,1594.0
2025,1910108,Estarreja,Concelho,1.º quartil,835.0
2025,1910110,Ílhavo,Concelho,1.º quartil,1535.0
2025,1910112,Murtosa,Concelho,1.º quartil,816.0
2025,1910114,Oliveira do Bairro,Concelho,1.º quartil,1016.0
2025,1910115,Ovar,Concelho,1.º quartil,1164.0
2025,1910117,Sever do Vouga,Concelho,1.º quartil,333.0
2025,1910118,Vagos,Concelho,1.º quartil,1250.0
2025,192,Região de Coimbra,NUTS III,1.º quartil,706.0
2025,1920111,Mealhada,Concelho,1.º quartil,592.0
2025,1920601,Arganil,Concelho,1.º quartil,309.0
2025,1920602,Cantanhede,Concelho,1.º quartil,622.0
2025,1920603,Coimbra,Concelho,1.º quartil,1311.0
2025,1920604,Condeixa-a-Nova,Concelho,1.º quartil,982.0
2025,1920605,Figueira da Foz,Concelho,1.º quartil,1165.0
2025,1920606,Góis,Concelho,1.º quartil,351.0
2025,1920607,Lousã,Concelho,1.º quartil,801.0
2025,1920608,Mira,Concelho,1.º quartil,980.0
2025,1920609,Miranda do Corvo,Concelho,1.º quartil,341.0
2025,1920610,Montemor-o-Velho,Concelho,1.º quartil,625.0
2025,2004701,Horta,Concelho,1.º quartil,792.0
2025,2004801,Lajes das Flores,Concelho,1.º quartil,
2025,2004802,Santa Cruz das Flores,Concelho,1.º quartil,
2025,2004901,Corvo,Concelho,1.º quartil,
2025,3,Região Autónoma da Madeira,NUTS I,1.º quartil,1500.0
2025,30,Região Autónoma da Madeira,NUTS II,1.º quartil,1500.0
2025,300,Região Autónoma da Madeira,NUTS III,1.º quartil,1500.0
2025,3003101,Calheta (R.A.M.),Concelho,1.º quartil,857.0
2025,3003102,Câmara de Lobos,Concelho,1.º quartil,1686.0
2025,3003103,Funchal,Concelho,1.º quartil,2025.0
2025,3003104,Machico,Concelho,1.º quartil,1135.0
2025,3003105,Ponta do Sol,Concelho,1.º quartil,988.0
2025,3003106,Porto Moniz,Concelho,1.º quartil,777.0
2025,3003107,Ribeira Brava,Concelho,1.º quartil,822.0
2025,3003108,Santa Cruz,Concelho,1.º quartil,1789.0
2025,3003109,Santana,Concelho,1.º quartil,896.0
2025,3003110,São Vicente,Concelho,1.º quartil,641.0
2025,3003201,Porto Santo,Concelho,1.º quartil,1644.0
2025,PT,Portugal,Nacional,1.º quartil,1196.0
2025,1111601,Arcos de Valdevez,Concelho,1.º quartil,385.0
2025,1,Continente,NUTS I,1.º quartil,1200.0
2025,11,Norte,NUTS II,1.º quartil,1146.0
2025,111,Alto Minho,NUTS III,1.º quartil,819.0
2025,1111602,Caminha,Concelho,1.º quartil,1083.0
2025,1111603,Melgaço,Concelho,1.º quartil,350.0
2025,1111604,Monção,Concelho,1.º quartil,688.0
2025,1111605,Paredes de Coura,Concelho,1.º quartil,444.0
2025,1111610,Vila Nova de Cerveira,Concelho,1.º quartil,606.0
2025,112,Cávado,NUTS III,1.º quartil,1287.0
2025,1120301,Amares,Concelho,1.º quartil,899.0
2025,1120302,Barcelos,Concelho,1.º quartil,1114.0
2025,1120303,Braga,Concelho,1.º quartil,1551.0
2025,1120306,Esposende,Concelho,1.º quartil,1509.0
2025,1120310,Terras de Bouro,Concelho,1.º quartil,571.0
2025,1120313,Vila Verde,Concelho,1.º quartil,958.0
2025,119,Ave,NUTS III,1.º quartil,1080.0
2025,1190304,Cabeceiras de Basto,Concelho,1.º quartil,491.0
2025,1190307,Fafe,Concelho,1.º quartil,823.0
2025,1111606,Ponte da Barca,Concelho,1.º quartil,580.0
2025,1920611,Oliveira do Hospital,Concelho,1.º quartil,333.0
2025,1920612,Pampilhosa da Serra,Concelho,1.º quartil,196.0
2025,1920613,Penacova,Concelho,1.º quartil,310.0
2025,1920614,Penela,Concelho,1.º quartil,381.0
2025,1920615,Soure,Concelho,1.º quartil,480.0
2025,1920616,Tábua,Concelho,1.º quartil,282.0
2025,1920617,Vila Nova de Poiares,Concelho,1.º quartil,500.0
2025,1921808,Mortágua,Concelho,1.º quartil,356.0
2025,193,Região de Leiria,NUTS III,1.º quartil,822.0
2025,1931002,Alvaiázere,Concelho,1.º quartil,390.0
2025,1931003,Ansião,Concelho,1.º quartil,317.0
2025,1931004,Batalha,Concelho,1.º quartil,721.0
2025,1931010,Marinha Grande,Concelho,1.º quartil,1117.0
2025,1931007,Castanheira de Pêra,Concelho,1.º quartil,353.0
2025,1931008,Figueiró dos Vinhos,Concelho,1.º quartil,279.0
2025,1931009,Leiria,Concelho,1.º quartil,1239.0
2025,1931013,Pedrógão Grande,Concelho,1.º quartil,315.0
2025,1931015,Pombal,Concelho,1.º quartil,662.0
2025,1931016,Porto de Mós,Concelho,1.º quartil,673.0
2025,194,Viseu Dão Lafões,NUTS III,1.º quartil,457.0
2025,1940901,Aguiar da Beira,Concelho,1.º quartil,185.0
2025,1941802,Carregal do Sal,Concelho,1.º quartil,336.0
2025,1941803,Castro Daire,Concelho,1.º quartil,369.0
2025,1941806,Mangualde,Concelho,1.º quartil,314.0
2025,1941809,Nelas,Concelho,1.º quartil,422.0
2025,1941810,Oliveira de Frades,Concelho,1.º quartil,500.0
2025,1941811,Penalva do Castelo,Concelho,1.º quartil,202.0
2025,1941814,Santa Comba Dão,Concelho,1.º quartil,359.0
2025,1A01115,Amadora,Concelho,1.º quartil,2487.0
2025,1A01116,Odivelas,Concelho,1.º quartil,2778.0
2025,1B,Península de Setúbal,NUTS II,1.º quartil,2083.0
2025,1B0,Península de Setúbal,NUTS III,1.º quartil,2083.0
2025,1B01502,Alcochete,Concelho,1.º quartil,2162.0
2025,1B01503,Almada,Concelho,1.º quartil,2563.0
2025,1B01504,Barreiro,Concelho,1.º quartil,2038.0
2025,1B01506,Moita,Concelho,1.º quartil,1774.0
2025,1B01507,Montijo,Concelho,1.º quartil,1999.0
2025,1B01508,Palmela,Concelho,1.º quartil,1859.0
2025,1B01510,Seixal,Concelho,1.º quartil,2218.0
2025,1B01511,Sesimbra,Concelho,1.º quartil,2253.0
2025,1B01512,Setúbal,Concelho,1.º quartil,1995.0
2025,1C40710,Redondo,Concelho,1.º quartil,566.0
2025,1C40711,Reguengos de Monsaraz,Concelho,1.º quartil,732.0
2025,1C40712,Vendas Novas,Concelho,1.º quartil,1169.0
2025,1C40713,Viana do Alentejo,Concelho,1.º quartil,597.0
2025,1C40714,Vila Viçosa,Concelho,1.º quartil,535.0
2025,1D,Oeste e Vale do Tejo,NUTS II,1.º quartil,936.0
2025,1D1,Oeste,NUTS III,1.º quartil,1263.0
2025,1D11001,Alcobaça,Concelho,1.º quartil,1089.0
2025,1D11005,Bombarral,Concelho,1.º quartil,917.0
2025,1D11006,Caldas da Rainha,Concelho,1.º quartil,1380.0
2025,1D11011,Nazaré,Concelho,1.º quartil,1744.0
2025,1D11012,Óbidos,Concelho,1.º quartil,1467.0
2025,1D11014,Peniche,Concelho,1.º quartil,1593.0
2025,1D11101,Alenquer,Concelho,1.º quartil,1032.0
2025,1C31212,Nisa,Concelho,1.º quartil,279.0
2025,1C31213,Ponte de Sor,Concelho,1.º quartil,500.0
2025,1C31214,Portalegre,Concelho,1.º quartil,609.0
2025,1C40702,Arraiolos,Concelho,1.º quartil,725.0
2025,1C31215,Sousel,Concelho,1.º quartil,386.0
2025,1C4,Alentejo Central,NUTS III,1.º quartil,678.0
2025,1C40701,Alandroal,Concelho,1.º quartil,473.0
2025,1C40703,Borba,Concelho,1.º quartil,446.0
2025,1C40704,Estremoz,Concelho,1.º quartil,507.0
2025,1C40705,Évora,Concelho,1.º quartil,1434.0
2025,1C40706,Montemor-o-Novo,Concelho,1.º quartil,880.0
2025,1C40707,Mora,Concelho,1.º quartil,528.0
2025,1C11509,Santiago do Cacém,Concelho,1.º quartil,1294.0
2025,1C11513,Sines,Concelho,1.º quartil,1905.0
2025,1C2,Baixo Alentejo,NUTS III,1.º quartil,486.0
2025,1C20201,Aljustrel,Concelho,1.º quartil,541.0
2025,1C20202,Almodôvar,Concelho,1.º quartil,503.0
2025,1C20203,Alvito,Concelho,1.º quartil,568.0
2025,1C20204,Barrancos,Concelho,1.º quartil,309.0
2025,1C20205,Beja,Concelho,1.º quartil,777.0
2025,1C20206,Castro Verde,Concelho,1.º quartil,500.0
2025,1C20207,Cuba,Concelho,1.º quartil,356.0
2025,1C20208,Ferreira do Alentejo,Concelho,1.º quartil,473.0
2025,1C20209,Mértola,Concelho,1.º quartil,289.0
2025,1C20210,Moura,Concelho,1.º quartil,369.0
2025,1C20212,Ourique,Concelho,1.º quartil,529.0
2025,1C20213,Serpa,Concelho,1.º quartil,434.0
2025,1C20214,Vidigueira,Concelho,1.º quartil,357.0
2025,1C3,Alto Alentejo,NUTS III,1.º quartil,380.0
2025,1C31201,Alter do Chão,Concelho,1.º quartil,273.0
2025,1C31202,Arronches,Concelho,1.º quartil,289.0
2025,1C31203,Avis,Concelho,1.º quartil,538.0
2025,1C31204,Campo Maior,Concelho,1.º quartil,300.0
2025,1C31205,Castelo de Vide,Concelho,1.º quartil,444.0
2025,1C31209,Gavião,Concelho,1.º quartil,230.0
2025,1C31206,Crato,Concelho,1.º quartil,204.0
2025,1C31207,Elvas,Concelho,1.º quartil,524.0
2025,1C31208,Fronteira,Concelho,1.º quartil,343.0
2025,1C31210,Marvão,Concelho,1.º quartil,330.0
2025,1C31211,Monforte,Concelho,1.º quartil,283.0
2025,1C40708,Mourão,Concelho,1.º quartil,367.0
2025,1C40709,Portel,Concelho,1.º quartil,509.0
2025,1D11102,Arruda dos Vinhos,Concelho,1.º quartil,1131.0
2025,1D11104,Cadaval,Concelho,1.º quartil,805.0
2025,1D11108,Lourinhã,Concelho,1.º quartil,1412.0
2025,1D11112,Sobral de Monte Agraço,Concelho,1.º quartil,1089.0
2025,1D11113,Torres Vedras,Concelho,1.º quartil,1388.0
2025,1D2,Médio Tejo,NUTS III,1.º quartil,623.0
2025,1D21401,Abrantes,Concelho,1.º quartil,435.0
2025,1D21402,Alcanena,Concelho,1.º quartil,498.0
2025,1D21408,Constância,Concelho,1.º quartil,486.0
2025,1D21410,Entroncamento,Concelho,1.º quartil,1293.0
2025,1D21411,Ferreira do Zêzere,Concelho,1.º quartil,478.0
2025,1D21413,Mação,Concelho,1.º quartil,147.0
2025,1D21417,Sardoal,Concelho,1.º quartil,250.0
2025,1D21418,Tomar,Concelho,1.º quartil,667.0
2025,1D21419,Torres Novas,Concelho,1.º quartil,548.0
2025,1D21420,Vila Nova da Barquinha,Concelho,1.º quartil,864.0
2025,1D21421,Ourém,Concelho,1.º quartil,856.0
2025,1D31103,Azambuja,Concelho,1.º quartil,813.0
2025,1D31403,Almeirim,Concelho,1.º quartil,1150.0
2025,1D31404,Alpiarça,Concelho,1.º quartil,862.0
2025,1D31405,Benavente,Concelho,1.º quartil,1580.0
2025,1D31406,Cartaxo,Concelho,1.º quartil,1048.0
2025,1D31407,Chamusca,Concelho,1.º quartil,442.0
2025,1D31409,Coruche,Concelho,1.º quartil,845.0
2025,1D31412,Golegã,Concelho,1.º quartil,586.0
2025,1D31416,Santarém,Concelho,1.º quartil,713.0
2025,1D31414,Rio Maior,Concelho,1.º quartil,795.0
2025,1D3,Lezíria do Tejo,NUTS III,1.º quartil,921.0
2025,1D31415,Salvaterra de Magos,Concelho,1.º quartil,1170.0
2025,2,Região Autónoma dos Açores,NUTS I,1.º quartil,865.0
2025,20,Região Autónoma dos Açores,NUTS II,1.º quartil,865.0
2025,200,Região Autónoma dos Açores,NUTS III,1.º quartil,865.0
2025,2004101,Vila do Porto,Concelho,1.º quartil,983.0
2025,2004201,Lagoa (R.A.A.),Concelho,1.º quartil,1202.0
2025,2004202,Nordeste,Concelho,1.º quartil,732.0
2025,2004203,Ponta Delgada,Concelho,1.º quartil,1350.0
2025,2004204,Povoação,Concelho,1.º quartil,833.0
2025,1111607,Ponte de Lima,Concelho,1.º quartil,724.0
2025,11D1815,São João da Pesqueira,Concelho,1.º quartil,179.0
2025,1111608,Valença,Concelho,1.º quartil,628.0
2025,1111609,Viana do Castelo,Concelho,1.º quartil,1368.0
2025,1190308,Guimarães,Concelho,1.º quartil,1160.0
2025,11D1818,Sernancelhe,Concelho,1.º quartil,111.0
2025,11D1819,Tabuaço,Concelho,1.º quartil,333.0
2025,11D1820,Tarouca,Concelho,1.º quartil,399.0
2025,11E,Terras de Trás-os-Montes,NUTS III,1.º quartil,385.0
2025,11E0401,Alfândega da Fé,Concelho,1.º quartil,258.0
2025,11E0402,Bragança,Concelho,1.º quartil,759.0
2025,11E0405,Macedo de Cavaleiros,Concelho,1.º quartil,410.0
2025,11E0406,Miranda do Douro,Concelho,1.º quartil,250.0
2025,11E0407,Mirandela,Concelho,1.º quartil,435.0
2025,11E0408,Mogadouro,Concelho,1.º quartil,161.0
2025,11E0410,Vila Flor,Concelho,1.º quartil,270.0
2025,11E0411,Vimioso,Concelho,1.º quartil,194.0
2025,11E0412,Vinhais,Concelho,1.º quartil,163.0
2025,15,Algarve,NUTS II,1.º quartil,2375.0
2025,150,Algarve,NUTS III,1.º quartil,2375.0
2025,1500801,Albufeira,Concelho,1.º quartil,2694.0
2025,1500802,Alcoutim,Concelho,1.º quartil,528.0
2025,1500803,Aljezur,Concelho,1.º quartil,2573.0
2025,1500804,Castro Marim,Concelho,1.º quartil,1352.0
2025,1500805,Faro,Concelho,1.º quartil,2279.0
2025,1500806,Lagoa,Concelho,1.º quartil,2421.0
2025,1500807,Lagos,Concelho,1.º quartil,3017.0
2025,1500808,Loulé,Concelho,1.º quartil,2894.0
2025,1500809,Monchique,Concelho,1.º quartil,921.0
2025,1500810,Olhão,Concelho,1.º quartil,2100.0
2025,1500811,Portimão,Concelho,1.º quartil,2344.0
2025,1500812,São Brás de Alportel,Concelho,1.º quartil,1733.0
2025,1500813,Silves,Concelho,1.º quartil,1920.0
2025,1500814,Tavira,Concelho,1.º quartil,2579.0
2025,1500815,Vila do Bispo,Concelho,1.º quartil,2497.0
2025,1500816,Vila Real de Santo António,Concelho,1.º quartil,2303.0
2025,19,Centro,NUTS II,1.º quartil,603.0
2025,1910103,Anadia,Concelho,1.º quartil,465.0
2025,191,Região de Aveiro,NUTS III,1.º quartil,1013.0
2025,2004205,Ribeira Grande,Concelho,1.º quartil,952.0
2025,2004206,Vila Franca do Campo,Concelho,1.º quartil,1000.0
2025,2004301,Angra do Heroísmo,Concelho,1.º quartil,763.0
2025,2004302,Vila da Praia da Vitória,Concelho,1.º quartil,831.0
2025,2004401,Santa Cruz da Graciosa,Concelho,1.º quartil,251.0
2025,2004501,Calheta (R.A.A.),Concelho,1.º quartil,338.0
2025,2004502,Velas,Concelho,1.º quartil,523.0
2025,2004601,Lajes do Pico,Concelho,1.º quartil,726.0
2025,2004602,Madalena,Concelho,1.º quartil,571.0
2025,2004603,São Roque do Pico,Concelho,1.º quartil,833.0
2025,11D0914,Vila Nova de Foz Côa,Concelho,1.º quartil,200.0
2025,11D1704,Mesão Frio,Concelho,1.º quartil,200.0
2025,11D1707,Murça,Concelho,1.º quartil,315.0
2025,11D1701,Alijó,Concelho,1.º quartil,240.0
2025,11D1708,Peso da Régua,Concelho,1.º quartil,417.0
2025,11D1710,Sabrosa,Concelho,1.º quartil,404.0
2025,11B1706,Montalegre,Concelho,1.º quartil,288.0
2025,11B1709,Ribeira de Pena,Concelho,1.º quartil,153.0
2025,11B1712,Valpaços,Concelho,1.º quartil,282.0
2025,11B1713,Vila Pouca de Aguiar,Concelho,1.º quartil,325.0
2025,11C,Tâmega e Sousa,NUTS III,1.º quartil,641.0
2025,11C0106,Castelo de Paiva,Concelho,1.º quartil,462.0
2025,11C0305,Celorico de Basto,Concelho,1.º quartil,379.0
2025,11A0104,Arouca,Concelho,1.º quartil,639.0
2025,11A0113,Oliveira de Azeméis,Concelho,1.º quartil,889.0
2025,11A0116,São João da Madeira,Concelho,1.º quartil,1355.0
2025,11A0119,Vale de Cambra,Concelho,1.º quartil,727.0
2025,11A1304,Gondomar,Concelho,1.º quartil,1716.0
2025,11A1306,Maia,Concelho,1.º quartil,2000.0
2025,11A1308,Matosinhos,Concelho,1.º quartil,2288.0
2025,11A1310,Paredes,Concelho,1.º quartil,1070.0
2025,11A1312,Porto,Concelho,1.º quartil,2447.0
2025,11A1313,Póvoa de Varzim,Concelho,1.º quartil,1741.0
2025,11A1314,Santo Tirso,Concelho,1.º quartil,1095.0
2025,11A1315,Valongo,Concelho,1.º quartil,1675.0
2025,11A1316,Vila do Conde,Concelho,1.º quartil,1650.0
2025,11A1317,Vila Nova de Gaia,Concelho,1.º quartil,1927.0
2025,11A1318,Trofa,Concelho,1.º quartil,1319.0
2025,11B,Alto Tâmega e Barroso,NUTS III,1.º quartil,436.0
2025,11B1702,Boticas,Concelho,1.º quartil,353.0
2025,11B1703,Chaves,Concelho,1.º quartil,723.0
2025,1950502,Castelo Branco,Concelho,2.º quartil,966.0
2025,1950505,Idanha-a-Nova,Concelho,2.º quartil,412.0
2025,1950506,Oleiros,Concelho,2.º quartil,487.0
2025,1950507,Penamacor,Concelho,2.º quartil,408.0
2025,1950508,Proença-a-Nova,Concelho,2.º quartil,569.0
2025,1950509,Sertã,Concelho,2.º quartil,852.0
2025,1950510,Vila de Rei,Concelho,2.º quartil,609.0
2025,1950511,Vila Velha de Ródão,Concelho,2.º quartil,446.0
2025,196,Beiras e Serra da Estrela,NUTS III,2.º quartil,690.0
2025,1960501,Belmonte,Concelho,2.º quartil,619.0
2025,1960503,Covilhã,Concelho,2.º quartil,1114.0
2025,1960504,Fundão,Concelho,2.º quartil,774.0
2025,1190311,Vieira do Minho,Concelho,2.º quartil,1070.0
2025,1960902,Almeida,Concelho,2.º quartil,321.0
2025,1960903,Celorico da Beira,Concelho,2.º quartil,494.0
2025,1190309,Póvoa de Lanhoso,Concelho,2.º quartil,1308.0
2025,1190312,Vila Nova de Famalicão,Concelho,2.º quartil,1747.0
2025,1190314,Vizela,Concelho,2.º quartil,1423.0
2025,1191705,Mondim de Basto,Concelho,2.º quartil,852.0
2025,11A,Área Metropolitana do Porto,NUTS III,2.º quartil,2305.0
2025,11A0107,Espinho,Concelho,2.º quartil,2703.0
2025,11A0109,Santa Maria da Feira,Concelho,2.º quartil,1636.0
2025,11D0403,Carrazeda de Ansiães,Concelho,2.º quartil,308.0
2025,11D0404,Freixo de Espada à Cinta,Concelho,2.º quartil,271.0
2025,11D0409,Torre de Moncorvo,Concelho,2.º quartil,338.0
2025,11D1711,Santa Marta de Penaguião,Concelho,2.º quartil,544.0
2025,11D1714,Vila Real,Concelho,2.º quartil,1519.0
2025,11D1801,Armamar,Concelho,2.º quartil,471.0
2025,11D1805,Lamego,Concelho,2.º quartil,914.0
2025,11D1807,Moimenta da Beira,Concelho,2.º quartil,588.0
2025,11D1812,Penedono,Concelho,2.º quartil,318.0
2025,1960904,Figueira de Castelo Rodrigo,Concelho,2.º quartil,263.0
2025,1960905,Fornos de Algodres,Concelho,2.º quartil,464.0
2025,1960906,Gouveia,Concelho,2.º quartil,500.0
2025,1960907,Guarda,Concelho,2.º quartil,950.0
2025,1960908,Manteigas,Concelho,2.º quartil,397.0
2025,1960909,Mêda,Concelho,2.º quartil,411.0
2025,1960910,Pinhel,Concelho,2.º quartil,476.0
2025,1960911,Sabugal,Concelho,2.º quartil,402.0
2025,1960912,Seia,Concelho,2.º quartil,699.0
2025,1960913,Trancoso,Concelho,2.º quartil,469.0
2025,1A01106,Lisboa,Concelho,2.º quartil,4875.0
2025,1A,Grande Lisboa,NUTS II,2.º quartil,3439.0
2025,1A0,Grande Lisboa,NUTS III,2.º quartil,3439.0
2025,11C1305,Lousada,Concelho,2.º quartil,1294.0
2025,11C1301,Amarante,Concelho,2.º quartil,1176.0
2025,11C1302,Baião,Concelho,2.º quartil,778.0
2025,11C1303,Felgueiras,Concelho,2.º quartil,1094.0
2025,11C1307,Marco de Canaveses,Concelho,2.º quartil,1271.0
2025,11C1309,Paços de Ferreira,Concelho,2.º quartil,1461.0
2025,11C1311,Penafiel,Concelho,2.º quartil,1422.0
2025,11C1804,Cinfães,Concelho,2.º quartil,500.0
2025,11C1813,Resende,Concelho,2.º quartil,647.0
2025,11D,Douro,NUTS III,2.º quartil,769.0
2025,1A01105,Cascais,Concelho,2.º quartil,4550.0
2025,1A01107,Loures,Concelho,2.º quartil,3057.0
2025,1A01109,Mafra,Concelho,2.º quartil,2860.0
2025,1A01110,Oeiras,Concelho,2.º quartil,4187.0
2025,1A01111,Sintra,Concelho,2.º quartil,2733.0
2025,1A01114,Vila Franca de Xira,Concelho,2.º quartil,2605.0
2025,1C,Alentejo,NUTS II,2.º quartil,1031.0
2025,1C1,Alentejo Litoral,NUTS III,2.º quartil,2018.0
2025,1C10211,Odemira,Concelho,2.º quartil,1708.0
2025,1C11501,Alcácer do Sal,Concelho,2.º quartil,1796.0
2025,1C11505,Grândola,Concelho,2.º quartil,2426.0
2025,1941816,São Pedro do Sul,Concelho,2.º quartil,909.0
2025,1941817,Sátão,Concelho,2.º quartil,703.0
2025,1941821,Tondela,Concelho,2.º quartil,771.0
2025,1941822,Vila Nova de Paiva,Concelho,2.º quartil,374.0
2025,1941823,Viseu,Concelho,2.º quartil,1553.0
2025,1941824,Vouzela,Concelho,2.º quartil,680.0
2025,195,Beira Baixa,NUTS III,2.º quartil,741.0
2025,1910101,Águeda,Concelho,2.º quartil,1250.0
2025,1910102,Albergaria-a-Velha,Concelho,2.º quartil,1322.0
2025,1910105,Aveiro,Concelho,2.º quartil,2343.0
2025,1910108,Estarreja,Concelho,2.º quartil,1296.0
2025,1910110,Ílhavo,Concelho,2.º quartil,2188.0
2025,1910112,Murtosa,Concelho,2.º quartil,1355.0
2025,1910114,Oliveira do Bairro,Concelho,2.º quartil,1337.0
2025,1910115,Ovar,Concelho,2.º quartil,1713.0
2025,1910117,Sever do Vouga,Concelho,2.º quartil,769.0
2025,1910118,Vagos,Concelho,2.º quartil,1684.0
2025,192,Região de Coimbra,NUTS III,2.º quartil,1372.0
2025,1920111,Mealhada,Concelho,2.º quartil,1133.0
2025,1920601,Arganil,Concelho,2.º quartil,680.0
2025,1920602,Cantanhede,Concelho,2.º quartil,1108.0
2025,1920603,Coimbra,Concelho,2.º quartil,2095.0
2025,1920604,Condeixa-a-Nova,Concelho,2.º quartil,1524.0
2025,1920605,Figueira da Foz,Concelho,2.º quartil,1718.0
2025,1920606,Góis,Concelho,2.º quartil,614.0
2025,1920607,Lousã,Concelho,2.º quartil,1333.0
2025,1920608,Mira,Concelho,2.º quartil,1472.0
2025,1920609,Miranda do Corvo,Concelho,2.º quartil,887.0
2025,1920610,Montemor-o-Velho,Concelho,2.º quartil,1109.0
2025,2004701,Horta,Concelho,2.º quartil,1252.0
2025,2004801,Lajes das Flores,Concelho,2.º quartil,
2025,2004802,Santa Cruz das Flores,Concelho,2.º quartil,
2025,2004901,Corvo,Concelho,2.º quartil,
2025,3,Região Autónoma da Madeira,NUTS I,2.º quartil,2500.0
2025,30,Região Autónoma da Madeira,NUTS II,2.º quartil,2500.0
2025,300,Região Autónoma da Madeira,NUTS III,2.º quartil,2500.0
2025,3003101,Calheta (R.A.M.),Concelho,2.º quartil,1637.0
2025,3003102,Câmara de Lobos,Concelho,2.º quartil,2484.0
2025,3003103,Funchal,Concelho,2.º quartil,3100.0
2025,3003104,Machico,Concelho,2.º quartil,1904.0
2025,3003105,Ponta do Sol,Concelho,2.º quartil,1797.0
2025,3003106,Porto Moniz,Concelho,2.º quartil,1412.0
2025,3003107,Ribeira Brava,Concelho,2.º quartil,1589.0
2025,3003108,Santa Cruz,Concelho,2.º quartil,2500.0
2025,3003109,Santana,Concelho,2.º quartil,1333.0
2025,3003110,São Vicente,Concelho,2.º quartil,1289.0
2025,3003201,Porto Santo,Concelho,2.º quartil,2409.0
2025,PT,Portugal,Nacional,2.º quartil,2076.0
2025,1111601,Arcos de Valdevez,Concelho,2.º quartil,943.0
2025,1,Continente,NUTS I,2.º quartil,2083.0
2025,11,Norte,NUTS II,2.º quartil,1825.0
2025,111,Alto Minho,NUTS III,2.º quartil,1401.0
2025,1111602,Caminha,Concelho,2.º quartil,1606.0
2025,1111603,Melgaço,Concelho,2.º quartil,710.0
2025,1111604,Monção,Concelho,2.º quartil,1200.0
2025,1111605,Paredes de Coura,Concelho,2.º quartil,842.0
2025,1111610,Vila Nova de Cerveira,Concelho,2.º quartil,1037.0
2025,112,Cávado,NUTS III,2.º quartil,1805.0
2025,1120301,Amares,Concelho,2.º quartil,1392.0
2025,1120302,Barcelos,Concelho,2.º quartil,1571.0
2025,1120303,Braga,Concelho,2.º quartil,1996.0
2025,1120306,Esposende,Concelho,2.º quartil,2118.0
2025,1120310,Terras de Bouro,Concelho,2.º quartil,1042.0
2025,1120313,Vila Verde,Concelho,2.º quartil,1456.0
2025,119,Ave,NUTS III,2.º quartil,1548.0
2025,1190304,Cabeceiras de Basto,Concelho,2.º quartil,880.0
2025,1190307,Fafe,Concelho,2.º quartil,1263.0
2025,1111606,Ponte da Barca,Concelho,2.º quartil,1173.0
2025,1920611,Oliveira do Hospital,Concelho,2.º quartil,729.0
2025,1920612,Pampilhosa da Serra,Concelho,2.º quartil,324.0
2025,1920613,Penacova,Concelho,2.º quartil,594.0
2025,1920614,Penela,Concelho,2.º quartil,759.0
2025,1920615,Soure,Concelho,2.º quartil,852.0
2025,1920616,Tábua,Concelho,2.º quartil,751.0
2025,1920617,Vila Nova de Poiares,Concelho,2.º quartil,945.0
2025,1921808,Mortágua,Concelho,2.º quartil,736.0
2025,193,Região de Leiria,NUTS III,2.º quartil,1414.0
2025,1931002,Alvaiázere,Concelho,2.º quartil,644.0
2025,1931003,Ansião,Concelho,2.º quartil,701.0
2025,1931004,Batalha,Concelho,2.º quartil,1366.0
2025,1931010,Marinha Grande,Concelho,2.º quartil,1435.0
2025,1931007,Castanheira de Pêra,Concelho,2.º quartil,659.0
2025,1931008,Figueiró dos Vinhos,Concelho,2.º quartil,639.0
2025,1931009,Leiria,Concelho,2.º quartil,1814.0
2025,1931013,Pedrógão Grande,Concelho,2.º quartil,616.0
2025,1931015,Pombal,Concelho,2.º quartil,1136.0
2025,1931016,Porto de Mós,Concelho,2.º quartil,1156.0
2025,194,Viseu Dão Lafões,NUTS III,2.º quartil,961.0
2025,1940901,Aguiar da Beira,Concelho,2.º quartil,410.0
2025,1941802,Carregal do Sal,Concelho,2.º quartil,674.0
2025,1941803,Castro Daire,Concelho,2.º quartil,669.0
2025,1941806,Mangualde,Concelho,2.º quartil,694.0
2025,1941809,Nelas,Concelho,2.º quartil,807.0
2025,1941810,Oliveira de Frades,Concelho,2.º quartil,975.0
2025,1941811,Penalva do Castelo,Concelho,2.º quartil,400.0
2025,1941814,Santa Comba Dão,Concelho,2.º quartil,720.0
2025,1A01115,Amadora,Concelho,2.º quartil,2986.0
2025,1A01116,Odivelas,Concelho,2.º quartil,3282.0
2025,1B,Península de Setúbal,NUTS II,2.º quartil,2596.0
2025,1B0,Península de Setúbal,NUTS III,2.º quartil,2596.0
2025,1B01502,Alcochete,Concelho,2.º quartil,2765.0
2025,1B01503,Almada,Concelho,2.º quartil,3160.0
2025,1B01504,Barreiro,Concelho,2.º quartil,2508.0
2025,1B01506,Moita,Concelho,2.º quartil,2226.0
2025,1B01507,Montijo,Concelho,2.º quartil,2472.0
2025,1B01508,Palmela,Concelho,2.º quartil,2263.0
2025,1B01510,Seixal,Concelho,2.º quartil,2654.0
2025,1B01511,Sesimbra,Concelho,2.º quartil,2765.0
2025,1B01512,Setúbal,Concelho,2.º quartil,2468.0
2025,1C40710,Redondo,Concelho,2.º quartil,899.0
2025,1C40711,Reguengos de Monsaraz,Concelho,2.º quartil,1094.0
2025,1C40712,Vendas Novas,Concelho,2.º quartil,1533.0
2025,1C40713,Viana do Alentejo,Concelho,2.º quartil,903.0
2025,1C40714,Vila Viçosa,Concelho,2.º quartil,825.0
2025,1D,Oeste e Vale do Tejo,NUTS II,2.º quartil,1547.0
2025,1D1,Oeste,NUTS III,2.º quartil,1926.0
2025,1D11001,Alcobaça,Concelho,2.º quartil,1750.0
2025,1D11005,Bombarral,Concelho,2.º quartil,1548.0
2025,1D11006,Caldas da Rainha,Concelho,2.º quartil,1962.0
2025,1D11011,Nazaré,Concelho,2.º quartil,2332.0
2025,1D11012,Óbidos,Concelho,2.º quartil,2160.0
2025,1D11014,Peniche,Concelho,2.º quartil,2082.0
2025,1D11101,Alenquer,Concelho,2.º quartil,1798.0
2025,1C31212,Nisa,Concelho,2.º quartil,500.0
2025,1C31213,Ponte de Sor,Concelho,2.º quartil,902.0
2025,1C31214,Portalegre,Concelho,2.º quartil,1037.0
2025,1C40702,Arraiolos,Concelho,2.º quartil,1195.0
2025,1C31215,Sousel,Concelho,2.º quartil,695.0
2025,1C4,Alentejo Central,NUTS III,2.º quartil,1176.0
2025,1C40701,Alandroal,Concelho,2.º quartil,717.0
2025,1C40703,Borba,Concelho,2.º quartil,818.0
2025,1C40704,Estremoz,Concelho,2.º quartil,846.0
2025,1C40705,Évora,Concelho,2.º quartil,2140.0
2025,1C40706,Montemor-o-Novo,Concelho,2.º quartil,1429.0
2025,1C40707,Mora,Concelho,2.º quartil,994.0
2025,1C11509,Santiago do Cacém,Concelho,2.º quartil,1935.0
2025,1C11513,Sines,Concelho,2.º quartil,2340.0
2025,1C2,Baixo Alentejo,NUTS III,2.º quartil,878.0
2025,1C20201,Aljustrel,Concelho,2.º quartil,833.0
2025,1C20202,Almodôvar,Concelho,2.º quartil,950.0
2025,1C20203,Alvito,Concelho,2.º quartil,920.0
2025,1C20204,Barrancos,Concelho,2.º quartil,499.0
2025,1C20205,Beja,Concelho,2.º quartil,1195.0
2025,1C20206,Castro Verde,Concelho,2.º quartil,810.0
2025,1C20207,Cuba,Concelho,2.º quartil,657.0
2025,1C20208,Ferreira do Alentejo,Concelho,2.º quartil,776.0
2025,1C20209,Mértola,Concelho,2.º quartil,704.0
2025,1C20210,Moura,Concelho,2.º quartil,686.0
2025,1C20212,Ourique,Concelho,2.º quartil,911.0
2025,1C20213,Serpa,Concelho,2.º quartil,691.0
2025,1C20214,Vidigueira,Concelho,2.º quartil,700.0
2025,1C3,Alto Alentejo,NUTS III,2.º quartil,744.0
2025,1C31201,Alter do Chão,Concelho,2.º quartil,432.0
2025,1C31202,Arronches,Concelho,2.º quartil,726.0
2025,1C31203,Avis,Concelho,2.º quartil,755.0
2025,1C31204,Campo Maior,Concelho,2.º quartil,691.0
2025,1C31205,Castelo de Vide,Concelho,2.º quartil,705.0
2025,1C31209,Gavião,Concelho,2.º quartil,529.0
2025,1C31206,Crato,Concelho,2.º quartil,504.0
2025,1C31207,Elvas,Concelho,2.º quartil,923.0
2025,1C31208,Fronteira,Concelho,2.º quartil,564.0
2025,1C31210,Marvão,Concelho,2.º quartil,639.0
2025,1C31211,Monforte,Concelho,2.º quartil,499.0
2025,1C40708,Mourão,Concelho,2.º quartil,585.0
2025,1C40709,Portel,Concelho,2.º quartil,785.0
2025,1D11102,Arruda dos Vinhos,Concelho,2.º quartil,2070.0
2025,1D11104,Cadaval,Concelho,2.º quartil,1398.0
2025,1D11108,Lourinhã,Concelho,2.º quartil,1979.0
2025,1D11112,Sobral de Monte Agraço,Concelho,2.º quartil,1860.0
2025,1D11113,Torres Vedras,Concelho,2.º quartil,2150.0
2025,1D2,Médio Tejo,NUTS III,2.º quartil,1167.0
2025,1D21401,Abrantes,Concelho,2.º quartil,908.0
2025,1D21402,Alcanena,Concelho,2.º quartil,820.0
2025,1D21408,Constância,Concelho,2.º quartil,851.0
2025,1D21410,Entroncamento,Concelho,2.º quartil,1536.0
2025,1D21411,Ferreira do Zêzere,Concelho,2.º quartil,803.0
2025,1D21413,Mação,Concelho,2.º quartil,348.0
2025,1D21417,Sardoal,Concelho,2.º quartil,634.0
2025,1D21418,Tomar,Concelho,2.º quartil,1217.0
2025,1D21419,Torres Novas,Concelho,2.º quartil,1058.0
2025,1D21420,Vila Nova da Barquinha,Concelho,2.º quartil,1312.0
2025,1D21421,Ourém,Concelho,2.º quartil,1283.0
2025,1D31103,Azambuja,Concelho,2.º quartil,1650.0
2025,1D31403,Almeirim,Concelho,2.º quartil,1463.0
2025,1D31404,Alpiarça,Concelho,2.º quartil,1250.0
2025,1D31405,Benavente,Concelho,2.º quartil,1941.0
2025,1D31406,Cartaxo,Concelho,2.º quartil,1486.0
2025,1D31407,Chamusca,Concelho,2.º quartil,833.0
2025,1D31409,Coruche,Concelho,2.º quartil,1326.0
2025,1D31412,Golegã,Concelho,2.º quartil,1108.0
2025,1D31416,Santarém,Concelho,2.º quartil,1391.0
2025,1D31414,Rio Maior,Concelho,2.º quartil,1233.0
2025,1D3,Lezíria do Tejo,NUTS III,2.º quartil,1480.0
2025,1D31415,Salvaterra de Magos,Concelho,2.º quartil,1712.0
2025,2,Região Autónoma dos Açores,NUTS I,2.º quartil,1426.0
2025,20,Região Autónoma dos Açores,NUTS II,2.º quartil,1426.0
2025,200,Região Autónoma dos Açores,NUTS III,2.º quartil,1426.0
2025,2004101,Vila do Porto,Concelho,2.º quartil,1383.0
2025,2004201,Lagoa (R.A.A.),Concelho,2.º quartil,1696.0
2025,2004202,Nordeste,Concelho,2.º quartil,1098.0
2025,2004203,Ponta Delgada,Concelho,2.º quartil,1912.0
2025,2004204,Povoação,Concelho,2.º quartil,1277.0
2025,1111607,Ponte de Lima,Concelho,2.º quartil,1282.0
2025,11D1815,São João da Pesqueira,Concelho,2.º quartil,491.0
2025,1111608,Valença,Concelho,2.º quartil,1012.0
2025,1111609,Viana do Castelo,Concelho,2.º quartil,1810.0
2025,1190308,Guimarães,Concelho,2.º quartil,1607.0
2025,11D1818,Sernancelhe,Concelho,2.º quartil,245.0
2025,11D1819,Tabuaço,Concelho,2.º quartil,589.0
2025,11D1820,Tarouca,Concelho,2.º quartil,707.0
2025,11E,Terras de Trás-os-Montes,NUTS III,2.º quartil,857.0
2025,11E0401,Alfândega da Fé,Concelho,2.º quartil,418.0
2025,11E0402,Bragança,Concelho,2.º quartil,1134.0
2025,11E0405,Macedo de Cavaleiros,Concelho,2.º quartil,797.0
2025,11E0406,Miranda do Douro,Concelho,2.º quartil,547.0
2025,11E0407,Mirandela,Concelho,2.º quartil,973.0
2025,11E0408,Mogadouro,Concelho,2.º quartil,342.0
2025,11E0410,Vila Flor,Concelho,2.º quartil,476.0
2025,11E0411,Vimioso,Concelho,2.º quartil,430.0
2025,11E0412,Vinhais,Concelho,2.º quartil,323.0
2025,15,Algarve,NUTS II,2.º quartil,3139.0
2025,150,Algarve,NUTS III,2.º quartil,3139.0
2025,1500801,Albufeira,Concelho,2.º quartil,3285.0
2025,1500802,Alcoutim,Concelho,2.º quartil,951.0
2025,1500803,Aljezur,Concelho,2.º quartil,3288.0
2025,1500804,Castro Marim,Concelho,2.º quartil,2406.0
2025,1500805,Faro,Concelho,2.º quartil,2985.0
2025,1500806,Lagoa,Concelho,2.º quartil,3107.0
2025,1500807,Lagos,Concelho,2.º quartil,3801.0
2025,1500808,Loulé,Concelho,2.º quartil,3993.0
2025,1500809,Monchique,Concelho,2.º quartil,1636.0
2025,1500810,Olhão,Concelho,2.º quartil,2614.0
2025,1500811,Portimão,Concelho,2.º quartil,2953.0
2025,1500812,São Brás de Alportel,Concelho,2.º quartil,2301.0
2025,1500813,Silves,Concelho,2.º quartil,2746.0
2025,1500814,Tavira,Concelho,2.º quartil,3103.0
2025,1500815,Vila do Bispo,Concelho,2.º quartil,3189.0
2025,1500816,Vila Real de Santo António,Concelho,2.º quartil,2914.0
2025,19,Centro,NUTS II,2.º quartil,1203.0
2025,1910103,Anadia,Concelho,2.º quartil,856.0
2025,191,Região de Aveiro,NUTS III,2.º quartil,1591.0
2025,2004205,Ribeira Grande,Concelho,2.º quartil,1425.0
2025,2004206,Vila Franca do Campo,Concelho,2.º quartil,1500.0
2025,2004301,Angra do Heroísmo,Concelho,2.º quartil,1251.0
2025,2004302,Vila da Praia da Vitória,Concelho,2.º quartil,1332.0
2025,2004401,Santa Cruz da Graciosa,Concelho,2.º quartil,428.0
2025,2004501,Calheta (R.A.A.),Concelho,2.º quartil,680.0
2025,2004502,Velas,Concelho,2.º quartil,895.0
2025,2004601,Lajes do Pico,Concelho,2.º quartil,1079.0
2025,2004602,Madalena,Concelho,2.º quartil,1025.0
2025,2004603,São Roque do Pico,Concelho,2.º quartil,1568.0
2025,11D0914,Vila Nova de Foz Côa,Concelho,2.º quartil,467.0
2025,11D1704,Mesão Frio,Concelho,2.º quartil,536.0
2025,11D1707,Murça,Concelho,2.º quartil,585.0
2025,11D1701,Alijó,Concelho,2.º quartil,492.0
2025,11D1708,Peso da Régua,Concelho,2.º quartil,1080.0
2025,11D1710,Sabrosa,Concelho,2.º quartil,825.0
2025,11B1706,Montalegre,Concelho,2.º quartil,607.0
2025,11B1709,Ribeira de Pena,Concelho,2.º quartil,385.0
2025,11B1712,Valpaços,Concelho,2.º quartil,650.0
2025,11B1713,Vila Pouca de Aguiar,Concelho,2.º quartil,736.0
2025,11C,Tâmega e Sousa,NUTS III,2.º quartil,1185.0
2025,11C0106,Castelo de Paiva,Concelho,2.º quartil,962.0
2025,11C0305,Celorico de Basto,Concelho,2.º quartil,813.0
2025,11A0104,Arouca,Concelho,2.º quartil,1057.0
2025,11A0113,Oliveira de Azeméis,Concelho,2.º quartil,1333.0
2025,11A0116,São João da Madeira,Concelho,2.º quartil,1678.0
2025,11A0119,Vale de Cambra,Concelho,2.º quartil,1250.0
2025,11A1304,Gondomar,Concelho,2.º quartil,2138.0
2025,11A1306,Maia,Concelho,2.º quartil,2370.0
2025,11A1308,Matosinhos,Concelho,2.º quartil,3004.0
2025,11A1310,Paredes,Concelho,2.º quartil,1568.0
2025,11A1312,Porto,Concelho,2.º quartil,3347.0
2025,11A1313,Póvoa de Varzim,Concelho,2.º quartil,2271.0
2025,11A1314,Santo Tirso,Concelho,2.º quartil,1651.0
2025,11A1315,Valongo,Concelho,2.º quartil,2079.0
2025,11A1316,Vila do Conde,Concelho,2.º quartil,2163.0
2025,11A1317,Vila Nova de Gaia,Concelho,2.º quartil,2474.0
2025,11A1318,Trofa,Concelho,2.º quartil,1792.0
2025,11B,Alto Tâmega e Barroso,NUTS III,2.º quartil,881.0
2025,11B1702,Boticas,Concelho,2.º quartil,631.0
2025,11B1703,Chaves,Concelho,2.º quartil,1151.0
2025,1950502,Castelo Branco,Concelho,3.º quartil,1310.0
2025,1950505,Idanha-a-Nova,Concelho,3.º quartil,742.0
2025,1950506,Oleiros,Concelho,3.º quartil,1004.0
2025,1950507,Penamacor,Concelho,3.º quartil,723.0
2025,1950508,Proença-a-Nova,Concelho,3.º quartil,885.0
2025,1950509,Sertã,Concelho,3.º quartil,1239.0
2025,1950510,Vila de Rei,Concelho,3.º quartil,1277.0
2025,1950511,Vila Velha de Ródão,Concelho,3.º quartil,735.0
2025,196,Beiras e Serra da Estrela,NUTS III,3.º quartil,1213.0
2025,1960501,Belmonte,Concelho,3.º quartil,947.0
2025,1960503,Covilhã,Concelho,3.º quartil,1545.0
2025,1960504,Fundão,Concelho,3.º quartil,1278.0
2025,1190311,Vieira do Minho,Concelho,3.º quartil,1511.0
2025,1960902,Almeida,Concelho,3.º quartil,531.0
2025,1960903,Celorico da Beira,Concelho,3.º quartil,733.0
2025,1190309,Póvoa de Lanhoso,Concelho,3.º quartil,1765.0
2025,1190312,Vila Nova de Famalicão,Concelho,3.º quartil,2106.0
2025,1190314,Vizela,Concelho,3.º quartil,1803.0
2025,1191705,Mondim de Basto,Concelho,3.º quartil,1154.0
2025,11A,Área Metropolitana do Porto,NUTS III,3.º quartil,3002.0
2025,11A0107,Espinho,Concelho,3.º quartil,3232.0
2025,11A0109,Santa Maria da Feira,Concelho,3.º quartil,1961.0
2025,11D0403,Carrazeda de Ansiães,Concelho,3.º quartil,600.0
2025,11D0404,Freixo de Espada à Cinta,Concelho,3.º quartil,567.0
2025,11D0409,Torre de Moncorvo,Concelho,3.º quartil,728.0
2025,11D1711,Santa Marta de Penaguião,Concelho,3.º quartil,792.0
2025,11D1714,Vila Real,Concelho,3.º quartil,2175.0
2025,11D1801,Armamar,Concelho,3.º quartil,833.0
2025,11D1805,Lamego,Concelho,3.º quartil,1316.0
2025,11D1807,Moimenta da Beira,Concelho,3.º quartil,968.0
2025,11D1812,Penedono,Concelho,3.º quartil,736.0
2025,1960904,Figueira de Castelo Rodrigo,Concelho,3.º quartil,500.0
2025,1960905,Fornos de Algodres,Concelho,3.º quartil,784.0
2025,1960906,Gouveia,Concelho,3.º quartil,781.0
2025,1960907,Guarda,Concelho,3.º quartil,1329.0
2025,1960908,Manteigas,Concelho,3.º quartil,1000.0
2025,1960909,Mêda,Concelho,3.º quartil,801.0
2025,1960910,Pinhel,Concelho,3.º quartil,809.0
2025,1960911,Sabugal,Concelho,3.º quartil,661.0
2025,1960912,Seia,Concelho,3.º quartil,1015.0
2025,1960913,Trancoso,Concelho,3.º quartil,813.0
2025,1A01106,Lisboa,Concelho,3.º quartil,6051.0
2025,1A,Grande Lisboa,NUTS II,3.º quartil,4633.0
2025,1A0,Grande Lisboa,NUTS III,3.º quartil,4633.0
2025,11C1305,Lousada,Concelho,3.º quartil,1609.0
2025,11C1301,Amarante,Concelho,3.º quartil,1639.0
2025,11C1302,Baião,Concelho,3.º quartil,1185.0
2025,11C1303,Felgueiras,Concelho,3.º quartil,1514.0
2025,11C1307,Marco de Canaveses,Concelho,3.º quartil,1625.0
2025,11C1309,Paços de Ferreira,Concelho,3.º quartil,1807.0
2025,11C1311,Penafiel,Concelho,3.º quartil,1830.0
2025,11C1804,Cinfães,Concelho,3.º quartil,985.0
2025,11C1813,Resende,Concelho,3.º quartil,975.0
2025,11D,Douro,NUTS III,3.º quartil,1329.0
2025,1A01105,Cascais,Concelho,3.º quartil,5942.0
2025,1A01107,Loures,Concelho,3.º quartil,3709.0
2025,1A01109,Mafra,Concelho,3.º quartil,3575.0
2025,1A01110,Oeiras,Concelho,3.º quartil,4883.0
2025,1A01111,Sintra,Concelho,3.º quartil,3205.0
2025,1A01114,Vila Franca de Xira,Concelho,3.º quartil,3094.0
2025,1C,Alentejo,NUTS II,3.º quartil,1622.0
2025,1C1,Alentejo Litoral,NUTS III,3.º quartil,2661.0
2025,1C10211,Odemira,Concelho,3.º quartil,2444.0
2025,1C11501,Alcácer do Sal,Concelho,3.º quartil,2518.0
2025,1C11505,Grândola,Concelho,3.º quartil,3656.0
2025,1941816,São Pedro do Sul,Concelho,3.º quartil,1500.0
2025,1941817,Sátão,Concelho,3.º quartil,1019.0
2025,1941821,Tondela,Concelho,3.º quartil,1238.0
2025,1941822,Vila Nova de Paiva,Concelho,3.º quartil,740.0
2025,1941823,Viseu,Concelho,3.º quartil,2057.0
2025,1941824,Vouzela,Concelho,3.º quartil,1144.0
2025,195,Beira Baixa,NUTS III,3.º quartil,1204.0
2025,1910101,Águeda,Concelho,3.º quartil,1659.0
2025,1910102,Albergaria-a-Velha,Concelho,3.º quartil,1736.0
2025,1910105,Aveiro,Concelho,3.º quartil,3222.0
2025,1910108,Estarreja,Concelho,3.º quartil,1783.0
2025,1910110,Ílhavo,Concelho,3.º quartil,2903.0
2025,1910112,Murtosa,Concelho,3.º quartil,1702.0
2025,1910114,Oliveira do Bairro,Concelho,3.º quartil,1637.0
2025,1910115,Ovar,Concelho,3.º quartil,2150.0
2025,1910117,Sever do Vouga,Concelho,3.º quartil,1147.0
2025,1910118,Vagos,Concelho,3.º quartil,2160.0
2025,192,Região de Coimbra,NUTS III,3.º quartil,2079.0
2025,1920111,Mealhada,Concelho,3.º quartil,1491.0
2025,1920601,Arganil,Concelho,3.º quartil,1029.0
2025,1920602,Cantanhede,Concelho,3.º quartil,1634.0
2025,1920603,Coimbra,Concelho,3.º quartil,2916.0
2025,1920604,Condeixa-a-Nova,Concelho,3.º quartil,1940.0
2025,1920605,Figueira da Foz,Concelho,3.º quartil,2241.0
2025,1920606,Góis,Concelho,3.º quartil,916.0
2025,1920607,Lousã,Concelho,3.º quartil,1667.0
2025,1920608,Mira,Concelho,3.º quartil,1922.0
2025,1920609,Miranda do Corvo,Concelho,3.º quartil,1235.0
2025,1920610,Montemor-o-Velho,Concelho,3.º quartil,1541.0
2025,2004701,Horta,Concelho,3.º quartil,1712.0
2025,2004801,Lajes das Flores,Concelho,3.º quartil,
2025,2004802,Santa Cruz das Flores,Concelho,3.º quartil,
2025,2004901,Corvo,Concelho,3.º quartil,
2025,3,Região Autónoma da Madeira,NUTS I,3.º quartil,3444.0
2025,30,Região Autónoma da Madeira,NUTS II,3.º quartil,3444.0
2025,300,Região Autónoma da Madeira,NUTS III,3.º quartil,3444.0
2025,3003101,Calheta (R.A.M.),Concelho,3.º quartil,2740.0
2025,3003102,Câmara de Lobos,Concelho,3.º quartil,3114.0
2025,3003103,Funchal,Concelho,3.º quartil,4183.0
2025,3003104,Machico,Concelho,3.º quartil,2841.0
2025,3003105,Ponta do Sol,Concelho,3.º quartil,2674.0
2025,3003106,Porto Moniz,Concelho,3.º quartil,2488.0
2025,3003107,Ribeira Brava,Concelho,3.º quartil,2735.0
2025,3003108,Santa Cruz,Concelho,3.º quartil,3081.0
2025,3003109,Santana,Concelho,3.º quartil,2410.0
2025,3003110,São Vicente,Concelho,3.º quartil,2362.0
2025,3003201,Porto Santo,Concelho,3.º quartil,3079.0
2025,PT,Portugal,Nacional,3.º quartil,3051.0
2025,1111601,Arcos de Valdevez,Concelho,3.º quartil,1513.0
2025,1,Continente,NUTS I,3.º quartil,3058.0
2025,11,Norte,NUTS II,3.º quartil,2559.0
2025,111,Alto Minho,NUTS III,3.º quartil,1964.0
2025,1111602,Caminha,Concelho,3.º quartil,2122.0
2025,1111603,Melgaço,Concelho,3.º quartil,1151.0
2025,1111604,Monção,Concelho,3.º quartil,1681.0
2025,1111605,Paredes de Coura,Concelho,3.º quartil,1331.0
2025,1111610,Vila Nova de Cerveira,Concelho,3.º quartil,1532.0
2025,112,Cávado,NUTS III,3.º quartil,2312.0
2025,1120301,Amares,Concelho,3.º quartil,1826.0
2025,1120302,Barcelos,Concelho,3.º quartil,2083.0
2025,1120303,Braga,Concelho,3.º quartil,2474.0
2025,1120306,Esposende,Concelho,3.º quartil,2769.0
2025,1120310,Terras de Bouro,Concelho,3.º quartil,1515.0
2025,1120313,Vila Verde,Concelho,3.º quartil,1795.0
2025,119,Ave,NUTS III,3.º quartil,1962.0
2025,1190304,Cabeceiras de Basto,Concelho,3.º quartil,1379.0
2025,1190307,Fafe,Concelho,3.º quartil,1607.0
2025,1111606,Ponte da Barca,Concelho,3.º quartil,1555.0
2025,1920611,Oliveira do Hospital,Concelho,3.º quartil,1183.0
2025,1920612,Pampilhosa da Serra,Concelho,3.º quartil,697.0
2025,1920613,Penacova,Concelho,3.º quartil,983.0
2025,1920614,Penela,Concelho,3.º quartil,1297.0
2025,1920615,Soure,Concelho,3.º quartil,1247.0
2025,1920616,Tábua,Concelho,3.º quartil,1095.0
2025,1920617,Vila Nova de Poiares,Concelho,3.º quartil,1225.0
2025,1921808,Mortágua,Concelho,3.º quartil,1168.0
2025,193,Região de Leiria,NUTS III,3.º quartil,1973.0
2025,1931002,Alvaiázere,Concelho,3.º quartil,1125.0
2025,1931003,Ansião,Concelho,3.º quartil,1192.0
2025,1931004,Batalha,Concelho,3.º quartil,1759.0
2025,1931010,Marinha Grande,Concelho,3.º quartil,1707.0
2025,1931007,Castanheira de Pêra,Concelho,3.º quartil,1028.0
2025,1931008,Figueiró dos Vinhos,Concelho,3.º quartil,1050.0
2025,1931009,Leiria,Concelho,3.º quartil,2333.0
2025,1931013,Pedrógão Grande,Concelho,3.º quartil,1061.0
2025,1931015,Pombal,Concelho,3.º quartil,1677.0
2025,1931016,Porto de Mós,Concelho,3.º quartil,1561.0
2025,194,Viseu Dão Lafões,NUTS III,3.º quartil,1553.0
2025,1940901,Aguiar da Beira,Concelho,3.º quartil,758.0
2025,1941802,Carregal do Sal,Concelho,3.º quartil,981.0
2025,1941803,Castro Daire,Concelho,3.º quartil,995.0
2025,1941806,Mangualde,Concelho,3.º quartil,1152.0
2025,1941809,Nelas,Concelho,3.º quartil,1142.0
2025,1941810,Oliveira de Frades,Concelho,3.º quartil,1349.0
2025,1941811,Penalva do Castelo,Concelho,3.º quartil,807.0
2025,1941814,Santa Comba Dão,Concelho,3.º quartil,1053.0
2025,1A01115,Amadora,Concelho,3.º quartil,3528.0
2025,1A01116,Odivelas,Concelho,3.º quartil,3833.0
2025,1B,Península de Setúbal,NUTS II,3.º quartil,3139.0
2025,1B0,Península de Setúbal,NUTS III,3.º quartil,3139.0
2025,1B01502,Alcochete,Concelho,3.º quartil,3280.0
2025,1B01503,Almada,Concelho,3.º quartil,3824.0
2025,1B01504,Barreiro,Concelho,3.º quartil,2949.0
2025,1B01506,Moita,Concelho,3.º quartil,2633.0
2025,1B01507,Montijo,Concelho,3.º quartil,2849.0
2025,1B01508,Palmela,Concelho,3.º quartil,2703.0
2025,1B01510,Seixal,Concelho,3.º quartil,3130.0
2025,1B01511,Sesimbra,Concelho,3.º quartil,3272.0
2025,1B01512,Setúbal,Concelho,3.º quartil,3025.0
2025,1C40710,Redondo,Concelho,3.º quartil,1307.0
2025,1C40711,Reguengos de Monsaraz,Concelho,3.º quartil,1523.0
2025,1C40712,Vendas Novas,Concelho,3.º quartil,1968.0
2025,1C40713,Viana do Alentejo,Concelho,3.º quartil,1397.0
2025,1C40714,Vila Viçosa,Concelho,3.º quartil,1290.0
2025,1D,Oeste e Vale do Tejo,NUTS II,3.º quartil,2142.0
2025,1D1,Oeste,NUTS III,3.º quartil,2517.0
2025,1D11001,Alcobaça,Concelho,3.º quartil,2493.0
2025,1D11005,Bombarral,Concelho,3.º quartil,1913.0
2025,1D11006,Caldas da Rainha,Concelho,3.º quartil,2483.0
2025,1D11011,Nazaré,Concelho,3.º quartil,3478.0
2025,1D11012,Óbidos,Concelho,3.º quartil,2902.0
2025,1D11014,Peniche,Concelho,3.º quartil,2655.0
2025,1D11101,Alenquer,Concelho,3.º quartil,2257.0
2025,1C31212,Nisa,Concelho,3.º quartil,772.0
2025,1C31213,Ponte de Sor,Concelho,3.º quartil,1307.0
2025,1C31214,Portalegre,Concelho,3.º quartil,1254.0
2025,1C40702,Arraiolos,Concelho,3.º quartil,1563.0
2025,1C31215,Sousel,Concelho,3.º quartil,1098.0
2025,1C4,Alentejo Central,NUTS III,3.º quartil,1839.0
2025,1C40701,Alandroal,Concelho,3.º quartil,1221.0
2025,1C40703,Borba,Concelho,3.º quartil,1105.0
2025,1C40704,Estremoz,Concelho,3.º quartil,1239.0
2025,1C40705,Évora,Concelho,3.º quartil,2627.0
2025,1C40706,Montemor-o-Novo,Concelho,3.º quartil,1825.0
2025,1C40707,Mora,Concelho,3.º quartil,1315.0
2025,1C11509,Santiago do Cacém,Concelho,3.º quartil,2430.0
2025,1C11513,Sines,Concelho,3.º quartil,2800.0
2025,1C2,Baixo Alentejo,NUTS III,3.º quartil,1301.0
2025,1C20201,Aljustrel,Concelho,3.º quartil,1235.0
2025,1C20202,Almodôvar,Concelho,3.º quartil,1442.0
2025,1C20203,Alvito,Concelho,3.º quartil,1351.0
2025,1C20204,Barrancos,Concelho,3.º quartil,622.0
2025,1C20205,Beja,Concelho,3.º quartil,1580.0
2025,1C20206,Castro Verde,Concelho,3.º quartil,1458.0
2025,1C20207,Cuba,Concelho,3.º quartil,1176.0
2025,1C20208,Ferreira do Alentejo,Concelho,3.º quartil,1110.0
2025,1C20209,Mértola,Concelho,3.º quartil,1149.0
2025,1C20210,Moura,Concelho,3.º quartil,1019.0
2025,1C20212,Ourique,Concelho,3.º quartil,1285.0
2025,1C20213,Serpa,Concelho,3.º quartil,1047.0
2025,1C20214,Vidigueira,Concelho,3.º quartil,1098.0
2025,1C3,Alto Alentejo,NUTS III,3.º quartil,1123.0
2025,1C31201,Alter do Chão,Concelho,3.º quartil,700.0
2025,1C31202,Arronches,Concelho,3.º quartil,1084.0
2025,1C31203,Avis,Concelho,3.º quartil,1002.0
2025,1C31204,Campo Maior,Concelho,3.º quartil,1073.0
2025,1C31205,Castelo de Vide,Concelho,3.º quartil,1083.0
2025,1C31209,Gavião,Concelho,3.º quartil,814.0
2025,1C31206,Crato,Concelho,3.º quartil,698.0
2025,1C31207,Elvas,Concelho,3.º quartil,1231.0
2025,1C31208,Fronteira,Concelho,3.º quartil,906.0
2025,1C31210,Marvão,Concelho,3.º quartil,1073.0
2025,1C31211,Monforte,Concelho,3.º quartil,686.0
2025,1C40708,Mourão,Concelho,3.º quartil,1096.0
2025,1C40709,Portel,Concelho,3.º quartil,1105.0
2025,1D11102,Arruda dos Vinhos,Concelho,3.º quartil,2521.0
2025,1D11104,Cadaval,Concelho,3.º quartil,1827.0
2025,1D11108,Lourinhã,Concelho,3.º quartil,2565.0
2025,1D11112,Sobral de Monte Agraço,Concelho,3.º quartil,2414.0
2025,1D11113,Torres Vedras,Concelho,3.º quartil,2749.0
2025,1D2,Médio Tejo,NUTS III,3.º quartil,1601.0
2025,1D21401,Abrantes,Concelho,3.º quartil,1291.0
2025,1D21402,Alcanena,Concelho,3.º quartil,1253.0
2025,1D21408,Constância,Concelho,3.º quartil,1340.0
2025,1D21410,Entroncamento,Concelho,3.º quartil,1778.0
2025,1D21411,Ferreira do Zêzere,Concelho,3.º quartil,1368.0
2025,1D21413,Mação,Concelho,3.º quartil,805.0
2025,1D21417,Sardoal,Concelho,3.º quartil,1192.0
2025,1D21418,Tomar,Concelho,3.º quartil,1796.0
2025,1D21419,Torres Novas,Concelho,3.º quartil,1493.0
2025,1D21420,Vila Nova da Barquinha,Concelho,3.º quartil,1719.0
2025,1D21421,Ourém,Concelho,3.º quartil,1792.0
2025,1D31103,Azambuja,Concelho,3.º quartil,2237.0
2025,1D31403,Almeirim,Concelho,3.º quartil,1808.0
2025,1D31404,Alpiarça,Concelho,3.º quartil,1622.0
2025,1D31405,Benavente,Concelho,3.º quartil,2286.0
2025,1D31406,Cartaxo,Concelho,3.º quartil,1844.0
2025,1D31407,Chamusca,Concelho,3.º quartil,1223.0
2025,1D31409,Coruche,Concelho,3.º quartil,1794.0
2025,1D31412,Golegã,Concelho,3.º quartil,1502.0
2025,1D31416,Santarém,Concelho,3.º quartil,1929.0
2025,1D31414,Rio Maior,Concelho,3.º quartil,1616.0
2025,1D3,Lezíria do Tejo,NUTS III,3.º quartil,1969.0
2025,1D31415,Salvaterra de Magos,Concelho,3.º quartil,2061.0
2025,2,Região Autónoma dos Açores,NUTS I,3.º quartil,2053.0
2025,20,Região Autónoma dos Açores,NUTS II,3.º quartil,2053.0
2025,200,Região Autónoma dos Açores,NUTS III,3.º quartil,2053.0
2025,2004101,Vila do Porto,Concelho,3.º quartil,2013.0
2025,2004201,Lagoa (R.A.A.),Concelho,3.º quartil,2286.0
2025,2004202,Nordeste,Concelho,3.º quartil,1749.0
2025,2004203,Ponta Delgada,Concelho,3.º quartil,2622.0
2025,2004204,Povoação,Concelho,3.º quartil,1817.0
2025,1111607,Ponte de Lima,Concelho,3.º quartil,1817.0
2025,11D1815,São João da Pesqueira,Concelho,3.º quartil,935.0
2025,1111608,Valença,Concelho,3.º quartil,1458.0
2025,1111609,Viana do Castelo,Concelho,3.º quartil,2277.0
2025,1190308,Guimarães,Concelho,3.º quartil,2024.0
2025,11D1818,Sernancelhe,Concelho,3.º quartil,454.0
2025,11D1819,Tabuaço,Concelho,3.º quartil,1006.0
2025,11D1820,Tarouca,Concelho,3.º quartil,1005.0
2025,11E,Terras de Trás-os-Montes,NUTS III,3.º quartil,1244.0
2025,11E0401,Alfândega da Fé,Concelho,3.º quartil,750.0
2025,11E0402,Bragança,Concelho,3.º quartil,1407.0
2025,11E0405,Macedo de Cavaleiros,Concelho,3.º quartil,1000.0
2025,11E0406,Miranda do Douro,Concelho,3.º quartil,815.0
2025,11E0407,Mirandela,Concelho,3.º quartil,1285.0
2025,11E0408,Mogadouro,Concelho,3.º quartil,800.0
2025,11E0410,Vila Flor,Concelho,3.º quartil,831.0
2025,11E0411,Vimioso,Concelho,3.º quartil,577.0
2025,11E0412,Vinhais,Concelho,3.º quartil,684.0
2025,15,Algarve,NUTS II,3.º quartil,4069.0
2025,150,Algarve,NUTS III,3.º quartil,4069.0
2025,1500801,Albufeira,Concelho,3.º quartil,4021.0
2025,1500802,Alcoutim,Concelho,3.º quartil,1671.0
2025,1500803,Aljezur,Concelho,3.º quartil,3994.0
2025,1500804,Castro Marim,Concelho,3.º quartil,3266.0
2025,1500805,Faro,Concelho,3.º quartil,3832.0
2025,1500806,Lagoa,Concelho,3.º quartil,3864.0
2025,1500807,Lagos,Concelho,3.º quartil,4541.0
2025,1500808,Loulé,Concelho,3.º quartil,5282.0
2025,1500809,Monchique,Concelho,3.º quartil,2286.0
2025,1500810,Olhão,Concelho,3.º quartil,3364.0
2025,1500811,Portimão,Concelho,3.º quartil,3765.0
2025,1500812,São Brás de Alportel,Concelho,3.º quartil,2968.0
2025,1500813,Silves,Concelho,3.º quartil,3538.0
2025,1500814,Tavira,Concelho,3.º quartil,3822.0
2025,1500815,Vila do Bispo,Concelho,3.º quartil,4239.0
2025,1500816,Vila Real de Santo António,Concelho,3.º quartil,3810.0
2025,19,Centro,NUTS II,3.º quartil,1845.0
2025,1910103,Anadia,Concelho,3.º quartil,1318.0
2025,191,Região de Aveiro,NUTS III,3.º quartil,2263.0
2025,2004205,Ribeira Grande,Concelho,3.º quartil,1937.0
2025,2004206,Vila Franca do Campo,Concelho,3.º quartil,1893.0
2025,2004301,Angra do Heroísmo,Concelho,3.º quartil,1857.0
2025,2004302,Vila da Praia da Vitória,Concelho,3.º quartil,1855.0
2025,2004401,Santa Cruz da Graciosa,Concelho,3.º quartil,748.0
2025,2004501,Calheta (R.A.A.),Concelho,3.º quartil,1197.0
2025,2004502,Velas,Concelho,3.º quartil,1317.0
2025,2004601,Lajes do Pico,Concelho,3.º quartil,1786.0
2025,2004602,Madalena,Concelho,3.º quartil,1698.0
2025,2004603,São Roque do Pico,Concelho,3.º quartil,2886.0
2025,11D0914,Vila Nova de Foz Côa,Concelho,3.º quartil,764.0
2025,11D1704,Mesão Frio,Concelho,3.º quartil,918.0
2025,11D1707,Murça,Concelho,3.º quartil,976.0
2025,11D1701,Alijó,Concelho,3.º quartil,800.0
2025,11D1708,Peso da Régua,Concelho,3.º quartil,1431.0
2025,11D1710,Sabrosa,Concelho,3.º quartil,1191.0
2025,11B1706,Montalegre,Concelho,3.º quartil,1172.0
2025,11B1709,Ribeira de Pena,Concelho,3.º quartil,839.0
2025,11B1712,Valpaços,Concelho,3.º quartil,997.0
2025,11B1713,Vila Pouca de Aguiar,Concelho,3.º quartil,1043.0
2025,11C,Tâmega e Sousa,NUTS III,3.º quartil,1617.0
2025,11C0106,Castelo de Paiva,Concelho,3.º quartil,1481.0
2025,11C0305,Celorico de Basto,Concelho,3.º quartil,1365.0
2025,11A0104,Arouca,Concelho,3.º quartil,1550.0
2025,11A0113,Oliveira de Azeméis,Concelho,3.º quartil,1692.0
2025,11A0116,São João da Madeira,Concelho,3.º quartil,2060.0
2025,11A0119,Vale de Cambra,Concelho,3.º quartil,1710.0
2025,11A1304,Gondomar,Concelho,3.º quartil,2573.0
2025,11A1306,Maia,Concelho,3.º quartil,2737.0
2025,11A1308,Matosinhos,Concelho,3.º quartil,3696.0
2025,11A1310,Paredes,Concelho,3.º quartil,1921.0
2025,11A1312,Porto,Concelho,3.º quartil,4288.0
2025,11A1313,Póvoa de Varzim,Concelho,3.º quartil,2759.0
2025,11A1314,Santo Tirso,Concelho,3.º quartil,2212.0
2025,11A1315,Valongo,Concelho,3.º quartil,2430.0
2025,11A1316,Vila do Conde,Concelho,3.º quartil,2662.0
2025,11A1317,Vila Nova de Gaia,Concelho,3.º quartil,3030.0
2025,11A1318,Trofa,Concelho,3.º quartil,2161.0
2025,11B,Alto Tâmega e Barroso,NUTS III,3.º quartil,1269.0
2025,11B1702,Boticas,Concelho,3.º quartil,905.0
2025,11B1703,Chaves,Concelho,3.º quartil,1483.0
