ano,geocod,regiao,nivel,quartil,renda_m2
2022,1960913,Trancoso,Concelho,1.º quartil,1.44
2022,1C40713,Viana do Alentejo,Concelho,1.º quartil,1.55
2022,11E0410,Vila Flor,Concelho,1.º quartil,1.68
2022,1960910,Pinhel,Concelho,1.º quartil,1.71
2022,11E0406,Miranda do Douro,Concelho,1.º quartil,1.75
2022,1C31204,Campo Maior,Concelho,1.º quartil,1.78
2022,11B1712,Valpaços,Concelho,1.º quartil,1.79
2022,11D1820,Tarouca,Concelho,1.º quartil,1.79
2022,1C40714,Vila Viçosa,Concelho,1.º quartil,1.79
2022,1960903,Celorico da Beira,Concelho,1.º quartil,1.8
2022,1960906,Gouveia,Concelho,1.º quartil,1.81
2022,1931002,Alvaiázere,Concelho,1.º quartil,1.82
2022,1C40703,Borba,Concelho,1.º quartil,1.83
2022,1C31210,Marvão,Concelho,1.º quartil,1.84
2022,1D21413,Mação,Concelho,1.º quartil,1.84
2022,1960501,Belmonte,Concelho,1.º quartil,1.85
2022,11E0405,Macedo de Cavaleiros,Concelho,1.º quartil,1.91
2022,11C1307,Marco de Canaveses,Concelho,1.º quartil,1.92
2022,11E,Terras de Trás-os-Montes,NUTS III,1.º quartil,1.92
2022,11C0305,Celorico de Basto,Concelho,1.º quartil,1.93
2022,1920613,Penacova,Concelho,1.º quartil,1.93
2022,1941802,Carregal do Sal,Concelho,1.º quartil,1.94
2022,11D0914,Vila Nova de Foz Côa,Concelho,1.º quartil,1.98
2022,11E0408,Mogadouro,Concelho,1.º quartil,1.98
2022,11E0407,Mirandela,Concelho,1.º quartil,2
2022,1191705,Mondim de Basto,Concelho,1.º quartil,2.01
2022,11E0402,Bragança,Concelho,1.º quartil,2.01
2022,11C1302,Baião,Concelho,1.º quartil,2.09
2022,11C1303,Felgueiras,Concelho,1.º quartil,2.12
2022,11E0410,Vila Flor,Concelho,2.º quartil,2.14
2022,1C3,Alto Alentejo,NUTS III,1.º quartil,2.19
2022,1960913,Trancoso,Concelho,2.º quartil,2.2
2022,1950508,Proença-a-Nova,Concelho,1.º quartil,2.22
2022,1941803,Castro Daire,Concelho,1.º quartil,2.25
2022,1960910,Pinhel,Concelho,2.º quartil,2.25
2022,1C31207,Elvas,Concelho,1.º quartil,2.26
2022,11D1807,Moimenta da Beira,Concelho,1.º quartil,2.29
2022,1C40710,Redondo,Concelho,1.º quartil,2.29
2022,1D31407,Chamusca,Concelho,1.º quartil,2.31
2022,1920611,Oliveira do Hospital,Concelho,1.º quartil,2.32
2022,1931008,Figueiró dos Vinhos,Concelho,1.º quartil,2.33
2022,1941817,Sátão,Concelho,1.º quartil,2.33
2022,11C1804,Cinfães,Concelho,1.º quartil,2.34
2022,11D1820,Tarouca,Concelho,2.º quartil,2.34
2022,1960504,Fundão,Concelho,1.º quartil,2.35
2022,2004701,Horta,Concelho,1.º quartil,2.35
2022,1111603,Melgaço,Concelho,1.º quartil,2.37
2022,11C1305,Lousada,Concelho,1.º quartil,2.38
2022,1960911,Sabugal,Concelho,1.º quartil,2.38
2022,11C,Tâmega e Sousa,NUTS III,1.º quartil,2.39
2022,1941806,Mangualde,Concelho,1.º quartil,2.39
2022,11D0409,Torre de Moncorvo,Concelho,1.º quartil,2.4
2022,1941814,Santa Comba Dão,Concelho,1.º quartil,2.4
2022,1C20213,Serpa,Concelho,1.º quartil,2.4
2022,1C40703,Borba,Concelho,2.º quartil,2.4
2022,1C40704,Estremoz,Concelho,1.º quartil,2.41
2022,1931002,Alvaiázere,Concelho,2.º quartil,2.42
2022,1C31214,Portalegre,Concelho,1.º quartil,2.43
2022,11C0106,Castelo de Paiva,Concelho,1.º quartil,2.44
2022,1191705,Mondim de Basto,Concelho,2.º quartil,2.45
2022,1920617,Vila Nova de Poiares,Concelho,1.º quartil,2.46
2022,11C0305,Celorico de Basto,Concelho,2.º quartil,2.47
2022,11D,Douro,NUTS III,1.º quartil,2.47
2022,196,Beiras e Serra da Estrela,NUTS III,1.º quartil,2.47
2022,1960501,Belmonte,Concelho,2.º quartil,2.48
2022,1D21402,Alcanena,Concelho,1.º quartil,2.49
2022,1190307,Fafe,Concelho,1.º quartil,2.5
2022,11C1301,Amarante,Concelho,1.º quartil,2.5
2022,1941809,Nelas,Concelho,1.º quartil,2.5
2022,11D1805,Lamego,Concelho,1.º quartil,2.51
2022,1190309,Póvoa de Lanhoso,Concelho,1.º quartil,2.54
2022,1920613,Penacova,Concelho,2.º quartil,2.54
2022,1931016,Porto de Mós,Concelho,1.º quartil,2.54
2022,11E0405,Macedo de Cavaleiros,Concelho,2.º quartil,2.55
2022,11E0408,Mogadouro,Concelho,2.º quartil,2.55
2022,1960903,Celorico da Beira,Concelho,2.º quartil,2.55
2022,11D0914,Vila Nova de Foz Côa,Concelho,2.º quartil,2.56
2022,1920601,Arganil,Concelho,1.º quartil,2.56
2022,1190314,Vizela,Concelho,1.º quartil,2.57
2022,11B1713,Vila Pouca de Aguiar,Concelho,1.º quartil,2.57
2022,1921808,Mortágua,Concelho,1.º quartil,2.58
2022,1960912,Seia,Concelho,1.º quartil,2.58
2022,1920616,Tábua,Concelho,1.º quartil,2.6
2022,1941817,Sátão,Concelho,2.º quartil,2.6
2022,1D21411,Ferreira do Zêzere,Concelho,1.º quartil,2.6
2022,11E0406,Miranda do Douro,Concelho,2.º quartil,2.62
2022,1111605,Paredes de Coura,Concelho,1.º quartil,2.63
2022,1111610,Vila Nova de Cerveira,Concelho,1.º quartil,2.63
2022,1920608,Mira,Concelho,1.º quartil,2.63
2022,1960906,Gouveia,Concelho,2.º quartil,2.63
2022,1C20208,Ferreira do Alentejo,Concelho,1.º quartil,2.63
2022,1920609,Miranda do Corvo,Concelho,1.º quartil,2.64
2022,1C40702,Arraiolos,Concelho,1.º quartil,2.64
2022,1910117,Sever do Vouga,Concelho,1.º quartil,2.65
2022,1920615,Soure,Concelho,1.º quartil,2.65
2022,1931003,Ansião,Concelho,1.º quartil,2.65
2022,1C31213,Ponte de Sor,Concelho,1.º quartil,2.65
2022,1D31404,Alpiarça,Concelho,1.º quartil,2.65
2022,1111606,Ponte da Barca,Concelho,1.º quartil,2.66
2022,11A1314,Santo Tirso,Concelho,1.º quartil,2.66
2022,11C1309,Paços de Ferreira,Concelho,1.º quartil,2.67
2022,11D1708,Peso da Régua,Concelho,1.º quartil,2.67
2022,195,Beira Baixa,NUTS III,1.º quartil,2.67
2022,1C20210,Moura,Concelho,1.º quartil,2.68
2022,1111603,Melgaço,Concelho,2.º quartil,2.69
2022,1920607,Lousã,Concelho,1.º quartil,2.71
2022,1950508,Proença-a-Nova,Concelho,2.º quartil,2.73
2022,1190304,Cabeceiras de Basto,Concelho,1.º quartil,2.74
2022,11C1302,Baião,Concelho,2.º quartil,2.74
2022,11C1311,Penafiel,Concelho,1.º quartil,2.74
2022,11D1807,Moimenta da Beira,Concelho,2.º quartil,2.74
2022,1941824,Vouzela,Concelho,1.º quartil,2.75
2022,1920614,Penela,Concelho,1.º quartil,2.77
2022,1C40711,Reguengos de Monsaraz,Concelho,1.º quartil,2.77
2022,11D0409,Torre de Moncorvo,Concelho,2.º quartil,2.78
2022,1941803,Castro Daire,Concelho,2.º quartil,2.78
2022,1D31412,Golegã,Concelho,1.º quartil,2.78
2022,1941811,Penalva do Castelo,Concelho,1.º quartil,2.79
2022,1960503,Covilhã,Concelho,1.º quartil,2.8
2022,1960907,Guarda,Concelho,1.º quartil,2.81
2022,1D21413,Mação,Concelho,2.º quartil,2.81
2022,1941810,Oliveira de Frades,Concelho,1.º quartil,2.82
2022,1C31204,Campo Maior,Concelho,2.º quartil,2.82
2022,1111601,Arcos de Valdevez,Concelho,1.º quartil,2.83
2022,11A0119,Vale de Cambra,Concelho,1.º quartil,2.83
2022,11B1712,Valpaços,Concelho,2.º quartil,2.83
2022,3003102,Câmara de Lobos,Concelho,1.º quartil,2.83
2022,1D21401,Abrantes,Concelho,1.º quartil,2.84
2022,1D31407,Chamusca,Concelho,2.º quartil,2.84
2022,1C,Alentejo,NUTS II,1.º quartil,2.86
2022,1C31210,Marvão,Concelho,2.º quartil,2.86
2022,11A0104,Arouca,Concelho,1.º quartil,2.87
2022,11B,Alto Tâmega e Barroso,NUTS III,1.º quartil,2.87
2022,1950502,Castelo Branco,Concelho,1.º quartil,2.89
2022,119,Ave,NUTS III,1.º quartil,2.9
2022,2004301,Angra do Heroísmo,Concelho,1.º quartil,2.9
2022,1500809,Monchique,Concelho,1.º quartil,2.91
2022,3003101,Calheta (R.A.M.),Concelho,1.º quartil,2.91
2022,11C1303,Felgueiras,Concelho,2.º quartil,2.92
2022,11D1820,Tarouca,Concelho,3.º quartil,2.92
2022,1C2,Baixo Alentejo,NUTS III,1.º quartil,2.92
2022,11C1307,Marco de Canaveses,Concelho,2.º quartil,2.93
2022,1D21420,Vila Nova da Barquinha,Concelho,1.º quartil,2.94
2022,1120301,Amares,Concelho,1.º quartil,2.97
2022,1950509,Sertã,Concelho,1.º quartil,2.97
2022,1960911,Sabugal,Concelho,2.º quartil,2.97
2022,1C4,Alentejo Central,NUTS III,1.º quartil,2.97
2022,1910101,Águeda,Concelho,1.º quartil,2.99
2022,11A0113,Oliveira de Azeméis,Concelho,1.º quartil,3
2022,194,Viseu Dão Lafões,NUTS III,1.º quartil,3
2022,11E,Terras de Trás-os-Montes,NUTS III,2.º quartil,3.01
2022,11E0410,Vila Flor,Concelho,3.º quartil,3.01
2022,1941814,Santa Comba Dão,Concelho,2.º quartil,3.01
2022,1941809,Nelas,Concelho,2.º quartil,3.02
2022,11E0408,Mogadouro,Concelho,3.º quartil,3.03
2022,1910108,Estarreja,Concelho,1.º quartil,3.03
2022,1941806,Mangualde,Concelho,2.º quartil,3.03
2022,1120313,Vila Verde,Concelho,1.º quartil,3.04
2022,1931015,Pombal,Concelho,1.º quartil,3.04
2022,1C40706,Montemor-o-Novo,Concelho,1.º quartil,3.04
2022,1111608,Valença,Concelho,1.º quartil,3.05
2022,1920111,Mealhada,Concelho,1.º quartil,3.05
2022,1190304,Cabeceiras de Basto,Concelho,2.º quartil,3.07
2022,1D31409,Coruche,Concelho,1.º quartil,3.08
2022,1190308,Guimarães,Concelho,1.º quartil,3.09
2022,11A1310,Paredes,Concelho,1.º quartil,3.09
2022,1920602,Cantanhede,Concelho,1.º quartil,3.09
2022,1C20202,Almodôvar,Concelho,1.º quartil,3.09
2022,1C40712,Vendas Novas,Concelho,1.º quartil,3.09
2022,1D21419,Torres Novas,Concelho,1.º quartil,3.1
2022,2004205,Ribeira Grande,Concelho,1.º quartil,3.1
2022,2004502,Velas,Concelho,1.º quartil,3.1
2022,1921808,Mortágua,Concelho,2.º quartil,3.11
2022,1941816,São Pedro do Sul,Concelho,1.º quartil,3.11
2022,1960504,Fundão,Concelho,2.º quartil,3.11
2022,1C20206,Castro Verde,Concelho,1.º quartil,3.11
2022,1111602,Caminha,Concelho,1.º quartil,3.13
2022,1191705,Mondim de Basto,Concelho,3.º quartil,3.13
2022,11B1703,Chaves,Concelho,1.º quartil,3.13
2022,11C1305,Lousada,Concelho,2.º quartil,3.13
2022,1910117,Sever do Vouga,Concelho,2.º quartil,3.13
2022,1941821,Tondela,Concelho,1.º quartil,3.13
2022,1960912,Seia,Concelho,2.º quartil,3.13
2022,1910103,Anadia,Concelho,1.º quartil,3.14
2022,1920611,Oliveira do Hospital,Concelho,2.º quartil,3.14
2022,1111603,Melgaço,Concelho,3.º quartil,3.15
2022,11E0407,Mirandela,Concelho,2.º quartil,3.15
2022,1C40713,Viana do Alentejo,Concelho,2.º quartil,3.15
2022,1111607,Ponte de Lima,Concelho,1.º quartil,3.17
2022,11B1713,Vila Pouca de Aguiar,Concelho,2.º quartil,3.17
2022,1C40710,Redondo,Concelho,2.º quartil,3.17
2022,1120302,Barcelos,Concelho,1.º quartil,3.18
2022,19,Centro,NUTS II,1.º quartil,3.18
2022,1C31210,Marvão,Concelho,3.º quartil,3.18
2022,1111604,Monção,Concelho,1.º quartil,3.19
2022,1111605,Paredes de Coura,Concelho,2.º quartil,3.19
2022,1920616,Tábua,Concelho,2.º quartil,3.19
2022,1941802,Carregal do Sal,Concelho,2.º quartil,3.19
2022,1960913,Trancoso,Concelho,3.º quartil,3.19
2022,1D2,Médio Tejo,NUTS III,1.º quartil,3.19
2022,1C40714,Vila Viçosa,Concelho,2.º quartil,3.2
2022,1190312,Vila Nova de Famalicão,Concelho,1.º quartil,3.21
2022,1920617,Vila Nova de Poiares,Concelho,2.º quartil,3.21
2022,1960501,Belmonte,Concelho,3.º quartil,3.21
2022,11C0106,Castelo de Paiva,Concelho,2.º quartil,3.22
2022,11C1804,Cinfães,Concelho,2.º quartil,3.22
2022,1941817,Sátão,Concelho,3.º quartil,3.22
2022,2,Região Autónoma dos Açores,NUTS I,1.º quartil,3.22
2022,20,Região Autónoma dos Açores,NUTS II,1.º quartil,3.22
2022,200,Região Autónoma dos Açores,NUTS III,1.º quartil,3.22
2022,1931008,Figueiró dos Vinhos,Concelho,2.º quartil,3.23
2022,1D11104,Cadaval,Concelho,1.º quartil,3.23
2022,1960903,Celorico da Beira,Concelho,3.º quartil,3.24
2022,11E0406,Miranda do Douro,Concelho,3.º quartil,3.25
2022,1920610,Montemor-o-Velho,Concelho,1.º quartil,3.25
2022,11C,Tâmega e Sousa,NUTS III,2.º quartil,3.26
2022,1D11005,Bombarral,Concelho,1.º quartil,3.26
2022,1111606,Ponte da Barca,Concelho,2.º quartil,3.29
2022,11E0405,Macedo de Cavaleiros,Concelho,3.º quartil,3.29
2022,1910112,Murtosa,Concelho,1.º quartil,3.29
2022,1920601,Arganil,Concelho,2.º quartil,3.29
2022,1941811,Penalva do Castelo,Concelho,2.º quartil,3.29
2022,1931002,Alvaiázere,Concelho,3.º quartil,3.3
2022,1D31404,Alpiarça,Concelho,2.º quartil,3.3
2022,1190307,Fafe,Concelho,2.º quartil,3.31
2022,1910118,Vagos,Concelho,1.º quartil,3.32
2022,1920604,Condeixa-a-Nova,Concelho,1.º quartil,3.32
2022,1910114,Oliveira do Bairro,Concelho,1.º quartil,3.33
2022,1D31414,Rio Maior,Concelho,1.º quartil,3.33
2022,11C1301,Amarante,Concelho,2.º quartil,3.35
2022,1920608,Mira,Concelho,2.º quartil,3.36
2022,11D0914,Vila Nova de Foz Côa,Concelho,3.º quartil,3.37
2022,1931004,Batalha,Concelho,1.º quartil,3.38
2022,11B1712,Valpaços,Concelho,3.º quartil,3.39
2022,1910102,Albergaria-a-Velha,Concelho,1.º quartil,3.39
2022,1941810,Oliveira de Frades,Concelho,2.º quartil,3.39
2022,11D1805,Lamego,Concelho,2.º quartil,3.4
2022,1920615,Soure,Concelho,2.º quartil,3.4
2022,1C3,Alto Alentejo,NUTS III,2.º quartil,3.4
2022,1190309,Póvoa de Lanhoso,Concelho,2.º quartil,3.42
2022,1920614,Penela,Concelho,2.º quartil,3.42
2022,1C10211,Odemira,Concelho,1.º quartil,3.42
2022,1C20210,Moura,Concelho,2.º quartil,3.42
2022,192,Região de Coimbra,NUTS III,1.º quartil,3.43
2022,1D21402,Alcanena,Concelho,2.º quartil,3.43
2022,196,Beiras e Serra da Estrela,NUTS III,2.º quartil,3.44
2022,111,Alto Minho,NUTS III,1.º quartil,3.46
2022,11D1714,Vila Real,Concelho,1.º quartil,3.46
2022,11D1807,Moimenta da Beira,Concelho,3.º quartil,3.46
2022,1920613,Penacova,Concelho,3.º quartil,3.46
2022,1950509,Sertã,Concelho,2.º quartil,3.46
2022,11D0409,Torre de Moncorvo,Concelho,3.º quartil,3.47
2022,193,Região de Leiria,NUTS III,1.º quartil,3.48
2022,1D21421,Ourém,Concelho,1.º quartil,3.48
2022,11E0402,Bragança,Concelho,2.º quartil,3.49
2022,1920609,Miranda do Corvo,Concelho,2.º quartil,3.49
2022,1960906,Gouveia,Concelho,3.º quartil,3.49
2022,1941824,Vouzela,Concelho,2.º quartil,3.5
2022,1D31412,Golegã,Concelho,2.º quartil,3.5
2022,1C20213,Serpa,Concelho,2.º quartil,3.52
2022,2004201,Lagoa (R.A.A.),Concelho,1.º quartil,3.52
2022,1960907,Guarda,Concelho,2.º quartil,3.53
2022,1C20205,Beja,Concelho,1.º quartil,3.53
2022,1D3,Lezíria do Tejo,NUTS III,1.º quartil,3.53
2022,1D31403,Almeirim,Concelho,1.º quartil,3.54
2022,1D31416,Santarém,Concelho,1.º quartil,3.54
2022,1931010,Marinha Grande,Concelho,1.º quartil,3.55
2022,1D11001,Alcobaça,Concelho,1.º quartil,3.55
2022,11C1309,Paços de Ferreira,Concelho,2.º quartil,3.56
2022,1920607,Lousã,Concelho,2.º quartil,3.57
2022,1C40704,Estremoz,Concelho,2.º quartil,3.57
2022,1D,Oeste e Vale do Tejo,NUTS II,1.º quartil,3.57
2022,11A0109,Santa Maria da Feira,Concelho,1.º quartil,3.58
2022,1D31415,Salvaterra de Magos,Concelho,1.º quartil,3.58
2022,1950508,Proença-a-Nova,Concelho,3.º quartil,3.59
2022,11D1708,Peso da Régua,Concelho,2.º quartil,3.6
2022,1931003,Ansião,Concelho,2.º quartil,3.6
2022,1D11012,Óbidos,Concelho,1.º quartil,3.6
2022,1D21401,Abrantes,Concelho,2.º quartil,3.6
2022,1D21420,Vila Nova da Barquinha,Concelho,2.º quartil,3.6
2022,11A1318,Trofa,Concelho,1.º quartil,3.61
2022,195,Beira Baixa,NUTS III,2.º quartil,3.61
2022,1960910,Pinhel,Concelho,3.º quartil,3.62
2022,1C31207,Elvas,Concelho,2.º quartil,3.62
2022,1931016,Porto de Mós,Concelho,2.º quartil,3.63
2022,1C11501,Alcácer do Sal,Concelho,1.º quartil,3.63
2022,1D21418,Tomar,Concelho,1.º quartil,3.64
2022,1D11108,Lourinhã,Concelho,1.º quartil,3.65
2022,1D31407,Chamusca,Concelho,3.º quartil,3.65
2022,1111601,Arcos de Valdevez,Concelho,2.º quartil,3.66
2022,1960911,Sabugal,Concelho,3.º quartil,3.66
2022,1D21410,Entroncamento,Concelho,1.º quartil,3.67
2022,1D21411,Ferreira do Zêzere,Concelho,2.º quartil,3.67
2022,11D,Douro,NUTS III,2.º quartil,3.68
2022,1C40702,Arraiolos,Concelho,2.º quartil,3.68
2022,1D11011,Nazaré,Concelho,1.º quartil,3.68
2022,11C1311,Penafiel,Concelho,2.º quartil,3.69
2022,191,Região de Aveiro,NUTS III,1.º quartil,3.7
2022,1C20208,Ferreira do Alentejo,Concelho,2.º quartil,3.71
2022,1C31213,Ponte de Sor,Concelho,2.º quartil,3.71
2022,2004302,Vila da Praia da Vitória,Concelho,1.º quartil,3.72
2022,11C1302,Baião,Concelho,3.º quartil,3.73
2022,11,Norte,NUTS II,1.º quartil,3.74
2022,11B,Alto Tâmega e Barroso,NUTS III,2.º quartil,3.75
2022,11A0104,Arouca,Concelho,2.º quartil,3.76
2022,1D21413,Mação,Concelho,3.º quartil,3.76
2022,3003104,Machico,Concelho,1.º quartil,3.76
2022,11A0119,Vale de Cambra,Concelho,2.º quartil,3.79
2022,1D31406,Cartaxo,Concelho,1.º quartil,3.79
2022,2004203,Ponta Delgada,Concelho,1.º quartil,3.79
2022,11A1314,Santo Tirso,Concelho,2.º quartil,3.81
2022,11B1713,Vila Pouca de Aguiar,Concelho,3.º quartil,3.81
2022,1941823,Viseu,Concelho,1.º quartil,3.81
2022,1950502,Castelo Branco,Concelho,2.º quartil,3.81
2022,1C40711,Reguengos de Monsaraz,Concelho,2.º quartil,3.81
2022,3003101,Calheta (R.A.M.),Concelho,2.º quartil,3.81
2022,1120313,Vila Verde,Concelho,2.º quartil,3.82
2022,1921808,Mortágua,Concelho,3.º quartil,3.83
2022,11C1305,Lousada,Concelho,3.º quartil,3.84
2022,1111610,Vila Nova de Cerveira,Concelho,2.º quartil,3.85
2022,1500803,Aljezur,Concelho,1.º quartil,3.85
2022,1500812,São Brás de Alportel,Concelho,1.º quartil,3.85
2022,1910115,Ovar,Concelho,1.º quartil,3.85
2022,1941803,Castro Daire,Concelho,3.º quartil,3.85
2022,1C40703,Borba,Concelho,3.º quartil,3.85
2022,1920611,Oliveira do Hospital,Concelho,3.º quartil,3.87
2022,1C31214,Portalegre,Concelho,2.º quartil,3.87
2022,1910117,Sever do Vouga,Concelho,3.º quartil,3.88
2022,1941809,Nelas,Concelho,3.º quartil,3.88
2022,1920617,Vila Nova de Poiares,Concelho,3.º quartil,3.89
2022,1120306,Esposende,Concelho,1.º quartil,3.9
2022,11A0113,Oliveira de Azeméis,Concelho,2.º quartil,3.91
2022,11A0116,São João da Madeira,Concelho,1.º quartil,3.91
2022,1111605,Paredes de Coura,Concelho,3.º quartil,3.92
2022,1931015,Pombal,Concelho,2.º quartil,3.92
2022,1C11505,Grândola,Concelho,1.º quartil,3.92
2022,1D11112,Sobral de Monte Agraço,Concelho,1.º quartil,3.93
2022,1111606,Ponte da Barca,Concelho,3.º quartil,3.94
2022,1C1,Alentejo Litoral,NUTS III,1.º quartil,3.94
2022,1500809,Monchique,Concelho,2.º quartil,3.95
2022,1920610,Montemor-o-Velho,Concelho,2.º quartil,3.95
2022,1920616,Tábua,Concelho,3.º quartil,3.95
2022,1960912,Seia,Concelho,3.º quartil,3.95
2022,1C31204,Campo Maior,Concelho,3.º quartil,3.95
2022,1D1,Oeste,NUTS III,1.º quartil,3.95
2022,2004701,Horta,Concelho,2.º quartil,3.96
2022,1941811,Penalva do Castelo,Concelho,3.º quartil,3.97
2022,1D31404,Alpiarça,Concelho,3.º quartil,3.97
2022,11B1703,Chaves,Concelho,2.º quartil,3.98
2022,1920111,Mealhada,Concelho,2.º quartil,3.98
2022,1C40714,Vila Viçosa,Concelho,3.º quartil,3.98
2022,11C1303,Felgueiras,Concelho,3.º quartil,3.99
2022,1D11104,Cadaval,Concelho,2.º quartil,3.99
2022,11C1804,Cinfães,Concelho,3.º quartil,4
2022,1941806,Mangualde,Concelho,3.º quartil,4
2022,1C40706,Montemor-o-Novo,Concelho,2.º quartil,4
2022,1190307,Fafe,Concelho,3.º quartil,4.02
2022,1C11509,Santiago do Cacém,Concelho,1.º quartil,4.02
2022,1190304,Cabeceiras de Basto,Concelho,3.º quartil,4.05
2022,1920602,Cantanhede,Concelho,2.º quartil,4.05
2022,1941814,Santa Comba Dão,Concelho,3.º quartil,4.05
2022,1D31103,Azambuja,Concelho,1.º quartil,4.05
2022,1111608,Valença,Concelho,2.º quartil,4.07
2022,1920605,Figueira da Foz,Concelho,1.º quartil,4.08
2022,11C0305,Celorico de Basto,Concelho,3.º quartil,4.1
2022,11E0407,Mirandela,Concelho,3.º quartil,4.1
2022,1931008,Figueiró dos Vinhos,Concelho,3.º quartil,4.1
2022,1941810,Oliveira de Frades,Concelho,3.º quartil,4.11
2022,1960504,Fundão,Concelho,3.º quartil,4.11
2022,1120301,Amares,Concelho,2.º quartil,4.12
2022,1941802,Carregal do Sal,Concelho,3.º quartil,4.12
2022,1C20210,Moura,Concelho,3.º quartil,4.12
2022,1D21419,Torres Novas,Concelho,2.º quartil,4.12
2022,1111604,Monção,Concelho,2.º quartil,4.13
2022,1941821,Tondela,Concelho,2.º quartil,4.13
2022,1C2,Baixo Alentejo,NUTS III,2.º quartil,4.13
2022,1D11006,Caldas da Rainha,Concelho,1.º quartil,4.13
2022,119,Ave,NUTS III,2.º quartil,4.14
2022,11C0106,Castelo de Paiva,Concelho,3.º quartil,4.14
2022,1941816,São Pedro do Sul,Concelho,2.º quartil,4.16
2022,1190314,Vizela,Concelho,2.º quartil,4.17
2022,1920604,Condeixa-a-Nova,Concelho,2.º quartil,4.17
2022,1920615,Soure,Concelho,3.º quartil,4.17
2022,1D11005,Bombarral,Concelho,2.º quartil,4.17
2022,1931009,Leiria,Concelho,1.º quartil,4.18
2022,1C40713,Viana do Alentejo,Concelho,3.º quartil,4.18
2022,2004301,Angra do Heroísmo,Concelho,2.º quartil,4.18
2022,2004205,Ribeira Grande,Concelho,2.º quartil,4.19
2022,1111609,Viana do Castelo,Concelho,1.º quartil,4.2
2022,1D11014,Peniche,Concelho,1.º quartil,4.2
2022,112,Cávado,NUTS III,1.º quartil,4.21
2022,1920607,Lousã,Concelho,3.º quartil,4.21
2022,1D31405,Benavente,Concelho,1.º quartil,4.21
2022,11E,Terras de Trás-os-Montes,NUTS III,3.º quartil,4.22
2022,1C,Alentejo,NUTS II,2.º quartil,4.23
2022,1C40710,Redondo,Concelho,3.º quartil,4.23
2022,1D31414,Rio Maior,Concelho,2.º quartil,4.23
2022,1C20202,Almodôvar,Concelho,2.º quartil,4.24
2022,1D11101,Alenquer,Concelho,1.º quartil,4.24
2022,1D2,Médio Tejo,NUTS III,2.º quartil,4.24
2022,1910101,Águeda,Concelho,2.º quartil,4.25
2022,1960503,Covilhã,Concelho,2.º quartil,4.25
2022,11A1310,Paredes,Concelho,2.º quartil,4.26
2022,194,Viseu Dão Lafões,NUTS III,2.º quartil,4.26
2022,1C40702,Arraiolos,Concelho,3.º quartil,4.26
2022,1920601,Arganil,Concelho,3.º quartil,4.27
2022,1C40705,Évora,Concelho,1.º quartil,4.27
2022,1D21402,Alcanena,Concelho,3.º quartil,4.28
2022,1190309,Póvoa de Lanhoso,Concelho,3.º quartil,4.29
2022,11C1301,Amarante,Concelho,3.º quartil,4.29
2022,11C1307,Marco de Canaveses,Concelho,3.º quartil,4.29
2022,1910108,Estarreja,Concelho,2.º quartil,4.29
2022,1950509,Sertã,Concelho,3.º quartil,4.29
2022,1910110,Ílhavo,Concelho,1.º quartil,4.3
2022,11C,Tâmega e Sousa,NUTS III,3.º quartil,4.32
2022,PT,Portugal,Nacional,1.º quartil,4.32
2022,1,Continente,NUTS I,1.º quartil,4.33
2022,1111602,Caminha,Concelho,2.º quartil,4.33
2022,1D31403,Almeirim,Concelho,2.º quartil,4.33
2022,1910112,Murtosa,Concelho,2.º quartil,4.34
2022,1D31412,Golegã,Concelho,3.º quartil,4.35
2022,2004201,Lagoa (R.A.A.),Concelho,2.º quartil,4.37
2022,11A1316,Vila do Conde,Concelho,1.º quartil,4.38
2022,11D1805,Lamego,Concelho,3.º quartil,4.38
2022,1C20206,Castro Verde,Concelho,2.º quartil,4.39
2022,1111607,Ponte de Lima,Concelho,2.º quartil,4.4
2022,1D11102,Arruda dos Vinhos,Concelho,1.º quartil,4.4
2022,1D31409,Coruche,Concelho,2.º quartil,4.4
2022,1910102,Albergaria-a-Velha,Concelho,2.º quartil,4.41
2022,1D31406,Cartaxo,Concelho,2.º quartil,4.41
2022,1920609,Miranda do Corvo,Concelho,3.º quartil,4.42
2022,1C40704,Estremoz,Concelho,3.º quartil,4.44
2022,1C4,Alentejo Central,NUTS III,2.º quartil,4.45
2022,1931010,Marinha Grande,Concelho,2.º quartil,4.46
2022,1D21411,Ferreira do Zêzere,Concelho,3.º quartil,4.46
2022,1910103,Anadia,Concelho,2.º quartil,4.47
2022,1910118,Vagos,Concelho,2.º quartil,4.47
2022,1D11113,Torres Vedras,Concelho,1.º quartil,4.48
2022,1960907,Guarda,Concelho,3.º quartil,4.49
2022,1D21410,Entroncamento,Concelho,2.º quartil,4.49
2022,1910114,Oliveira do Bairro,Concelho,2.º quartil,4.5
2022,1D31415,Salvaterra de Magos,Concelho,2.º quartil,4.5
2022,1500804,Castro Marim,Concelho,1.º quartil,4.51
2022,1931003,Ansião,Concelho,3.º quartil,4.52
2022,1190312,Vila Nova de Famalicão,Concelho,2.º quartil,4.54
2022,1500806,Lagoa,Concelho,1.º quartil,4.54
2022,1190308,Guimarães,Concelho,2.º quartil,4.55
2022,1500815,Vila do Bispo,Concelho,1.º quartil,4.55
2022,1C3,Alto Alentejo,NUTS III,3.º quartil,4.55
2022,1D21401,Abrantes,Concelho,3.º quartil,4.55
2022,3003102,Câmara de Lobos,Concelho,2.º quartil,4.55
2022,1C40712,Vendas Novas,Concelho,2.º quartil,4.57
2022,1120302,Barcelos,Concelho,2.º quartil,4.59
2022,1111601,Arcos de Valdevez,Concelho,3.º quartil,4.61
2022,11D1714,Vila Real,Concelho,2.º quartil,4.62
2022,19,Centro,NUTS II,2.º quartil,4.63
2022,1D3,Lezíria do Tejo,NUTS III,2.º quartil,4.63
2022,11A1304,Gondomar,Concelho,1.º quartil,4.64
2022,1500810,Olhão,Concelho,1.º quartil,4.64
2022,1D21421,Ourém,Concelho,2.º quartil,4.65
2022,11A0109,Santa Maria da Feira,Concelho,2.º quartil,4.67
2022,11A1315,Valongo,Concelho,1.º quartil,4.68
2022,111,Alto Minho,NUTS III,2.º quartil,4.69
2022,1C40711,Reguengos de Monsaraz,Concelho,3.º quartil,4.69
2022,1D21418,Tomar,Concelho,2.º quartil,4.69
2022,11D1708,Peso da Régua,Concelho,3.º quartil,4.7
2022,1941824,Vouzela,Concelho,3.º quartil,4.7
2022,1C20205,Beja,Concelho,2.º quartil,4.7
2022,1D11104,Cadaval,Concelho,3.º quartil,4.7
2022,1D11001,Alcobaça,Concelho,2.º quartil,4.71
2022,1120313,Vila Verde,Concelho,3.º quartil,4.73
2022,1C31214,Portalegre,Concelho,3.º quartil,4.74
2022,196,Beiras e Serra da Estrela,NUTS III,3.º quartil,4.75
2022,1920614,Penela,Concelho,3.º quartil,4.76
2022,1931016,Porto de Mós,Concelho,3.º quartil,4.76
2022,195,Beira Baixa,NUTS III,3.º quartil,4.76
2022,1C20208,Ferreira do Alentejo,Concelho,3.º quartil,4.77
2022,11B,Alto Tâmega e Barroso,NUTS III,3.º quartil,4.78
2022,11C1309,Paços de Ferreira,Concelho,3.º quartil,4.79
2022,1C31207,Elvas,Concelho,3.º quartil,4.8
2022,11A1313,Póvoa de Varzim,Concelho,1.º quartil,4.81
2022,1D,Oeste e Vale do Tejo,NUTS II,2.º quartil,4.81
2022,1111610,Vila Nova de Cerveira,Concelho,3.º quartil,4.84
2022,1920603,Coimbra,Concelho,1.º quartil,4.84
2022,193,Região de Leiria,NUTS III,2.º quartil,4.84
2022,1931004,Batalha,Concelho,2.º quartil,4.85
2022,1D21420,Vila Nova da Barquinha,Concelho,3.º quartil,4.86
2022,1920608,Mira,Concelho,3.º quartil,4.87
2022,1120303,Braga,Concelho,1.º quartil,4.88
2022,11A0116,São João da Madeira,Concelho,2.º quartil,4.88
2022,1D31416,Santarém,Concelho,2.º quartil,4.88
2022,11A1318,Trofa,Concelho,2.º quartil,4.89
2022,3003104,Machico,Concelho,2.º quartil,4.89
2022,2,Região Autónoma dos Açores,NUTS I,2.º quartil,4.9
2022,20,Região Autónoma dos Açores,NUTS II,2.º quartil,4.9
2022,200,Região Autónoma dos Açores,NUTS III,2.º quartil,4.9
2022,11A,Área Metropolitana do Porto,NUTS III,1.º quartil,4.96
2022,11A0119,Vale de Cambra,Concelho,3.º quartil,4.96
2022,1920610,Montemor-o-Velho,Concelho,3.º quartil,4.96
2022,1950502,Castelo Branco,Concelho,3.º quartil,4.96
2022,1931015,Pombal,Concelho,3.º quartil,4.98
2022,1941823,Viseu,Concelho,2.º quartil,4.98
2022,1D11108,Lourinhã,Concelho,2.º quartil,4.98
2022,11A0113,Oliveira de Azeméis,Concelho,3.º quartil,5
2022,11C1311,Penafiel,Concelho,3.º quartil,5
2022,11E0402,Bragança,Concelho,3.º quartil,5
2022,1500813,Silves,Concelho,1.º quartil,5
2022,1D11112,Sobral de Monte Agraço,Concelho,2.º quartil,5
2022,2004502,Velas,Concelho,2.º quartil,5
2022,1500816,Vila Real de Santo António,Concelho,1.º quartil,5.03
2022,1B01502,Alcochete,Concelho,1.º quartil,5.03
2022,1910105,Aveiro,Concelho,1.º quartil,5.04
2022,1920602,Cantanhede,Concelho,3.º quartil,5.04
2022,1C31213,Ponte de Sor,Concelho,3.º quartil,5.04
2022,1910115,Ovar,Concelho,2.º quartil,5.06
2022,11D,Douro,NUTS III,3.º quartil,5.09
2022,1941821,Tondela,Concelho,3.º quartil,5.09
2022,11B1703,Chaves,Concelho,3.º quartil,5.13
2022,11A0107,Espinho,Concelho,1.º quartil,5.14
2022,1920111,Mealhada,Concelho,3.º quartil,5.17
2022,1C20213,Serpa,Concelho,3.º quartil,5.17
2022,1941816,São Pedro do Sul,Concelho,3.º quartil,5.18
2022,1C40706,Montemor-o-Novo,Concelho,3.º quartil,5.19
2022,1500812,São Brás de Alportel,Concelho,2.º quartil,5.2
2022,1B01508,Palmela,Concelho,1.º quartil,5.21
2022,1C11513,Sines,Concelho,1.º quartil,5.21
2022,1D31405,Benavente,Concelho,2.º quartil,5.21
2022,192,Região de Coimbra,NUTS III,2.º quartil,5.22
2022,1D11005,Bombarral,Concelho,3.º quartil,5.24
2022,3003108,Santa Cruz,Concelho,1.º quartil,5.25
2022,1D11012,Óbidos,Concelho,2.º quartil,5.27
2022,1D31406,Cartaxo,Concelho,3.º quartil,5.28
2022,1111608,Valença,Concelho,3.º quartil,5.29
2022,1D31414,Rio Maior,Concelho,3.º quartil,5.3
2022,1120306,Esposende,Concelho,2.º quartil,5.32
2022,1D11014,Peniche,Concelho,2.º quartil,5.33
2022,191,Região de Aveiro,NUTS III,2.º quartil,5.35
2022,1C11501,Alcácer do Sal,Concelho,2.º quartil,5.35
2022,11A0104,Arouca,Concelho,3.º quartil,5.36
2022,1B01511,Sesimbra,Concelho,1.º quartil,5.36
2022,1C11509,Santiago do Cacém,Concelho,2.º quartil,5.36
2022,1D21410,Entroncamento,Concelho,3.º quartil,5.36
2022,11A1306,Maia,Concelho,1.º quartil,5.38
2022,1B01506,Moita,Concelho,1.º quartil,5.38
2022,1910114,Oliveira do Bairro,Concelho,3.º quartil,5.39
2022,1920605,Figueira da Foz,Concelho,2.º quartil,5.39
2022,1D21419,Torres Novas,Concelho,3.º quartil,5.39
2022,1910112,Murtosa,Concelho,3.º quartil,5.4
2022,1D2,Médio Tejo,NUTS III,3.º quartil,5.4
2022,1D1,Oeste,NUTS III,2.º quartil,5.41
2022,1920604,Condeixa-a-Nova,Concelho,3.º quartil,5.42
2022,1D31409,Coruche,Concelho,3.º quartil,5.42
2022,1111609,Viana do Castelo,Concelho,2.º quartil,5.45
2022,1C2,Baixo Alentejo,NUTS III,3.º quartil,5.45
2022,1D11011,Nazaré,Concelho,2.º quartil,5.45
2022,3,Região Autónoma da Madeira,NUTS I,1.º quartil,5.45
2022,30,Região Autónoma da Madeira,NUTS II,1.º quartil,5.45
2022,300,Região Autónoma da Madeira,NUTS III,1.º quartil,5.45
2022,1500805,Faro,Concelho,1.º quartil,5.46
2022,1D11006,Caldas da Rainha,Concelho,2.º quartil,5.47
2022,2004302,Vila da Praia da Vitória,Concelho,2.º quartil,5.47
2022,1C10211,Odemira,Concelho,2.º quartil,5.49
2022,1111602,Caminha,Concelho,3.º quartil,5.5
2022,15,Algarve,NUTS II,1.º quartil,5.5
2022,150,Algarve,NUTS III,1.º quartil,5.5
2022,1500809,Monchique,Concelho,3.º quartil,5.5
2022,1120301,Amares,Concelho,3.º quartil,5.52
2022,11A1310,Paredes,Concelho,3.º quartil,5.55
2022,1931010,Marinha Grande,Concelho,3.º quartil,5.56
2022,1A01109,Mafra,Concelho,1.º quartil,5.56
2022,1C20206,Castro Verde,Concelho,3.º quartil,5.56
2022,1190314,Vizela,Concelho,3.º quartil,5.59
2022,1D31403,Almeirim,Concelho,3.º quartil,5.6
2022,11A1314,Santo Tirso,Concelho,3.º quartil,5.62
2022,1500814,Tavira,Concelho,1.º quartil,5.62
2022,1931009,Leiria,Concelho,2.º quartil,5.62
2022,2004203,Ponta Delgada,Concelho,2.º quartil,5.64
2022,11A1317,Vila Nova de Gaia,Concelho,1.º quartil,5.65
2022,1910101,Águeda,Concelho,3.º quartil,5.65
2022,1910102,Albergaria-a-Velha,Concelho,3.º quartil,5.65
2022,1B01507,Montijo,Concelho,1.º quartil,5.66
2022,2004205,Ribeira Grande,Concelho,3.º quartil,5.66
2022,1D31415,Salvaterra de Magos,Concelho,3.º quartil,5.7
2022,1111607,Ponte de Lima,Concelho,3.º quartil,5.71
2022,1C1,Alentejo Litoral,NUTS III,2.º quartil,5.71
2022,3003101,Calheta (R.A.M.),Concelho,3.º quartil,5.72
2022,1910108,Estarreja,Concelho,3.º quartil,5.75
2022,194,Viseu Dão Lafões,NUTS III,3.º quartil,5.75
2022,1D31103,Azambuja,Concelho,2.º quartil,5.75
2022,2004201,Lagoa (R.A.A.),Concelho,3.º quartil,5.75
2022,11,Norte,NUTS II,2.º quartil,5.77
2022,112,Cávado,NUTS III,2.º quartil,5.77
2022,1C40712,Vendas Novas,Concelho,3.º quartil,5.77
2022,1D11101,Alenquer,Concelho,2.º quartil,5.79
2022,1A01114,Vila Franca de Xira,Concelho,1.º quartil,5.83
2022,1D21418,Tomar,Concelho,3.º quartil,5.83
2022,1D11102,Arruda dos Vinhos,Concelho,2.º quartil,5.84
2022,119,Ave,NUTS III,3.º quartil,5.85
2022,11A1316,Vila do Conde,Concelho,2.º quartil,5.85
2022,1B01512,Setúbal,Concelho,1.º quartil,5.85
2022,2004502,Velas,Concelho,3.º quartil,5.86
2022,1C11505,Grândola,Concelho,2.º quartil,5.88
2022,1C20202,Almodôvar,Concelho,3.º quartil,5.88
2022,11A0109,Santa Maria da Feira,Concelho,3.º quartil,5.89
2022,11A0116,São João da Madeira,Concelho,3.º quartil,5.89
2022,2004701,Horta,Concelho,3.º quartil,5.93
2022,1190312,Vila Nova de Famalicão,Concelho,3.º quartil,5.94
2022,1C20205,Beja,Concelho,3.º quartil,5.94
2022,1931004,Batalha,Concelho,3.º quartil,5.95
2022,1500811,Portimão,Concelho,1.º quartil,5.98
2022,11D1714,Vila Real,Concelho,3.º quartil,6
2022,1910118,Vagos,Concelho,3.º quartil,6
2022,1D3,Lezíria do Tejo,NUTS III,3.º quartil,6
2022,1500808,Loulé,Concelho,1.º quartil,6.04
2022,1910110,Ílhavo,Concelho,2.º quartil,6.05
2022,1B,Península de Setúbal,NUTS II,1.º quartil,6.06
2022,1B0,Península de Setúbal,NUTS III,1.º quartil,6.06
2022,1500807,Lagos,Concelho,1.º quartil,6.07
2022,1D21421,Ourém,Concelho,3.º quartil,6.07
2022,1960503,Covilhã,Concelho,3.º quartil,6.1
2022,1500803,Aljezur,Concelho,2.º quartil,6.11
2022,2004301,Angra do Heroísmo,Concelho,3.º quartil,6.12
2022,1120302,Barcelos,Concelho,3.º quartil,6.13
2022,11A1318,Trofa,Concelho,3.º quartil,6.14
2022,1A01111,Sintra,Concelho,1.º quartil,6.16
2022,1B01504,Barreiro,Concelho,1.º quartil,6.19
2022,11A1315,Valongo,Concelho,2.º quartil,6.2
2022,1C,Alentejo,NUTS II,3.º quartil,6.2
2022,1D31416,Santarém,Concelho,3.º quartil,6.21
2022,111,Alto Minho,NUTS III,3.º quartil,6.25
2022,1111604,Monção,Concelho,3.º quartil,6.25
2022,1120303,Braga,Concelho,2.º quartil,6.25
2022,1D11113,Torres Vedras,Concelho,2.º quartil,6.25
2022,1500812,São Brás de Alportel,Concelho,3.º quartil,6.29
2022,1500801,Albufeira,Concelho,1.º quartil,6.33
2022,1500810,Olhão,Concelho,2.º quartil,6.33
2022,11A1313,Póvoa de Varzim,Concelho,2.º quartil,6.34
2022,11A1304,Gondomar,Concelho,2.º quartil,6.35
2022,1D,Oeste e Vale do Tejo,NUTS II,3.º quartil,6.36
2022,1D11001,Alcobaça,Concelho,3.º quartil,6.36
2022,1910103,Anadia,Concelho,3.º quartil,6.4
2022,1A01107,Loures,Concelho,1.º quartil,6.42
2022,1B01510,Seixal,Concelho,1.º quartil,6.42
2022,1D31405,Benavente,Concelho,3.º quartil,6.42
2022,1910115,Ovar,Concelho,3.º quartil,6.45
2022,1941823,Viseu,Concelho,3.º quartil,6.48
2022,1D11112,Sobral de Monte Agraço,Concelho,3.º quartil,6.48
2022,1190308,Guimarães,Concelho,3.º quartil,6.49
2022,1D11108,Lourinhã,Concelho,3.º quartil,6.52
2022,3003108,Santa Cruz,Concelho,2.º quartil,6.52
2022,193,Região de Leiria,NUTS III,3.º quartil,6.54
2022,1500806,Lagoa,Concelho,2.º quartil,6.59
2022,1B01508,Palmela,Concelho,2.º quartil,6.61
2022,1C40705,Évora,Concelho,2.º quartil,6.64
2022,1120306,Esposende,Concelho,3.º quartil,6.65
2022,1500813,Silves,Concelho,2.º quartil,6.67
2022,19,Centro,NUTS II,3.º quartil,6.67
2022,2,Região Autónoma dos Açores,NUTS I,3.º quartil,6.67
2022,20,Região Autónoma dos Açores,NUTS II,3.º quartil,6.67
2022,200,Região Autónoma dos Açores,NUTS III,3.º quartil,6.67
2022,11A1308,Matosinhos,Concelho,1.º quartil,6.72
2022,11A0107,Espinho,Concelho,2.º quartil,6.74
2022,1A01116,Odivelas,Concelho,1.º quartil,6.74
2022,3003103,Funchal,Concelho,1.º quartil,6.78
2022,1C4,Alentejo Central,NUTS III,3.º quartil,6.8
2022,3003102,Câmara de Lobos,Concelho,3.º quartil,6.8
2022,1B01506,Moita,Concelho,2.º quartil,6.83
2022,1920603,Coimbra,Concelho,2.º quartil,6.85
2022,1D11014,Peniche,Concelho,3.º quartil,6.85
2022,1111609,Viana do Castelo,Concelho,3.º quartil,6.87
2022,PT,Portugal,Nacional,2.º quartil,6.88
2022,1,Continente,NUTS I,2.º quartil,6.9
2022,1500804,Castro Marim,Concelho,2.º quartil,6.9
2022,11A1306,Maia,Concelho,2.º quartil,6.92
2022,1D11102,Arruda dos Vinhos,Concelho,3.º quartil,6.92
2022,1C11509,Santiago do Cacém,Concelho,3.º quartil,6.93
2022,1D11006,Caldas da Rainha,Concelho,3.º quartil,6.93
2022,1500815,Vila do Bispo,Concelho,2.º quartil,6.94
2022,3003104,Machico,Concelho,3.º quartil,6.94
2022,1920605,Figueira da Foz,Concelho,3.º quartil,6.96
2022,1D11012,Óbidos,Concelho,3.º quartil,7.04
2022,1C11501,Alcácer do Sal,Concelho,3.º quartil,7.06
2022,1D1,Oeste,NUTS III,3.º quartil,7.06
2022,1B01511,Sesimbra,Concelho,2.º quartil,7.09
2022,1910105,Aveiro,Concelho,2.º quartil,7.12
2022,1B01503,Almada,Concelho,1.º quartil,7.15
2022,1D11101,Alenquer,Concelho,3.º quartil,7.17
2022,1B01507,Montijo,Concelho,2.º quartil,7.27
2022,11A,Área Metropolitana do Porto,NUTS III,2.º quartil,7.29
2022,2004203,Ponta Delgada,Concelho,3.º quartil,7.29
2022,1500816,Vila Real de Santo António,Concelho,2.º quartil,7.32
2022,1B01502,Alcochete,Concelho,2.º quartil,7.35
2022,2004302,Vila da Praia da Vitória,Concelho,3.º quartil,7.36
2022,11A1315,Valongo,Concelho,3.º quartil,7.41
2022,1931009,Leiria,Concelho,3.º quartil,7.46
2022,112,Cávado,NUTS III,3.º quartil,7.47
2022,191,Região de Aveiro,NUTS III,3.º quartil,7.49
2022,1500805,Faro,Concelho,2.º quartil,7.5
2022,192,Região de Coimbra,NUTS III,3.º quartil,7.5
2022,1A01114,Vila Franca de Xira,Concelho,2.º quartil,7.5
2022,11A1317,Vila Nova de Gaia,Concelho,2.º quartil,7.54
2022,1C10211,Odemira,Concelho,3.º quartil,7.58
2022,1B01512,Setúbal,Concelho,2.º quartil,7.61
2022,1A01115,Amadora,Concelho,1.º quartil,7.62
2022,1D11011,Nazaré,Concelho,3.º quartil,7.64
2022,11A1316,Vila do Conde,Concelho,3.º quartil,7.66
2022,11A1312,Porto,Concelho,1.º quartil,7.69
2022,1A01109,Mafra,Concelho,2.º quartil,7.69
2022,15,Algarve,NUTS II,2.º quartil,7.7
2022,150,Algarve,NUTS III,2.º quartil,7.7
2022,1D31103,Azambuja,Concelho,3.º quartil,7.72
2022,1910110,Ílhavo,Concelho,3.º quartil,7.77
2022,1A,Grande Lisboa,NUTS II,1.º quartil,7.78
2022,1A0,Grande Lisboa,NUTS III,1.º quartil,7.78
2022,1C11513,Sines,Concelho,2.º quartil,7.79
2022,11A1304,Gondomar,Concelho,3.º quartil,7.84
2022,3,Região Autónoma da Madeira,NUTS I,2.º quartil,7.86
2022,30,Região Autónoma da Madeira,NUTS II,2.º quartil,7.86
2022,300,Região Autónoma da Madeira,NUTS III,2.º quartil,7.86
2022,1B01504,Barreiro,Concelho,2.º quartil,7.9
2022,1B,Península de Setúbal,NUTS II,2.º quartil,7.91
2022,1B0,Península de Setúbal,NUTS III,2.º quartil,7.91
2022,1500811,Portimão,Concelho,2.º quartil,7.92
2022,1D11113,Torres Vedras,Concelho,3.º quartil,7.92
2022,11A1313,Póvoa de Varzim,Concelho,3.º quartil,7.93
2022,1120303,Braga,Concelho,3.º quartil,7.94
2022,1A01111,Sintra,Concelho,2.º quartil,8.04
2022,1500804,Castro Marim,Concelho,3.º quartil,8.06
2022,1500810,Olhão,Concelho,3.º quartil,8.06
2022,1B01510,Seixal,Concelho,2.º quartil,8.09
2022,1500814,Tavira,Concelho,2.º quartil,8.14
2022,1C1,Alentejo Litoral,NUTS III,3.º quartil,8.14
2022,3003108,Santa Cruz,Concelho,3.º quartil,8.2
2022,11A0107,Espinho,Concelho,3.º quartil,8.24
2022,1500803,Aljezur,Concelho,3.º quartil,8.29
2022,11A1306,Maia,Concelho,3.º quartil,8.33
2022,1B01508,Palmela,Concelho,3.º quartil,8.33
2022,1C11505,Grândola,Concelho,3.º quartil,8.38
2022,11,Norte,NUTS II,3.º quartil,8.43
2022,1500801,Albufeira,Concelho,2.º quartil,8.44
2022,1C40705,Évora,Concelho,3.º quartil,8.53
2022,1B01506,Moita,Concelho,3.º quartil,8.57
2022,1A01107,Loures,Concelho,2.º quartil,8.58
2022,1920603,Coimbra,Concelho,3.º quartil,8.7
2022,1B01507,Montijo,Concelho,3.º quartil,8.71
2022,1500813,Silves,Concelho,3.º quartil,8.73
2022,1500808,Loulé,Concelho,2.º quartil,8.8
2022,1B01511,Sesimbra,Concelho,3.º quartil,8.85
2022,3003103,Funchal,Concelho,2.º quartil,8.93
2022,1A01110,Oeiras,Concelho,1.º quartil,9
2022,1500807,Lagos,Concelho,2.º quartil,9.07
2022,11A1308,Matosinhos,Concelho,2.º quartil,9.14
2022,1A01116,Odivelas,Concelho,2.º quartil,9.16
2022,1A01114,Vila Franca de Xira,Concelho,3.º quartil,9.25
2022,1500806,Lagoa,Concelho,3.º quartil,9.28
2022,1500815,Vila do Bispo,Concelho,3.º quartil,9.37
2022,1B01503,Almada,Concelho,2.º quartil,9.41
2022,1A01105,Cascais,Concelho,1.º quartil,9.45
2022,1B01502,Alcochete,Concelho,3.º quartil,9.45
2022,1B01512,Setúbal,Concelho,3.º quartil,9.48
2022,1500816,Vila Real de Santo António,Concelho,3.º quartil,9.52
2022,11A1317,Vila Nova de Gaia,Concelho,3.º quartil,9.56
2022,1A01115,Amadora,Concelho,2.º quartil,9.6
2022,1B01504,Barreiro,Concelho,3.º quartil,9.6
2022,1910105,Aveiro,Concelho,3.º quartil,9.75
2022,1500805,Faro,Concelho,3.º quartil,9.78
2022,1B01510,Seixal,Concelho,3.º quartil,9.85
2022,1A01111,Sintra,Concelho,3.º quartil,9.92
2022,1A01106,Lisboa,Concelho,1.º quartil,10
2022,1A01109,Mafra,Concelho,3.º quartil,10
2022,1B,Península de Setúbal,NUTS II,3.º quartil,10
2022,1B0,Península de Setúbal,NUTS III,3.º quartil,10
2022,11A,Área Metropolitana do Porto,NUTS III,3.º quartil,10.16
2022,1500811,Portimão,Concelho,3.º quartil,10.2
2022,1500814,Tavira,Concelho,3.º quartil,10.21
2022,PT,Portugal,Nacional,3.º quartil,10.26
2022,1,Continente,NUTS I,3.º quartil,10.29
2022,15,Algarve,NUTS II,3.º quartil,10.33
2022,150,Algarve,NUTS III,3.º quartil,10.33
2022,11A1312,Porto,Concelho,2.º quartil,10.37
2022,3,Região Autónoma da Madeira,NUTS I,3.º quartil,10.38
2022,30,Região Autónoma da Madeira,NUTS II,3.º quartil,10.38
2022,300,Região Autónoma da Madeira,NUTS III,3.º quartil,10.38
2022,1A,Grande Lisboa,NUTS II,2.º quartil,10.65
2022,1A0,Grande Lisboa,NUTS III,2.º quartil,10.65
2022,1500801,Albufeira,Concelho,3.º quartil,10.67
2022,1C11513,Sines,Concelho,3.º quartil,10.87
2022,1A01107,Loures,Concelho,3.º quartil,10.92
2022,1A01116,Odivelas,Concelho,3.º quartil,11.12
2022,3003103,Funchal,Concelho,3.º quartil,11.38
2022,1A01110,Oeiras,Concelho,2.º quartil,11.43
2022,1B01503,Almada,Concelho,3.º quartil,11.72
2022,1A01115,Amadora,Concelho,3.º quartil,11.8
2022,1500808,Loulé,Concelho,3.º quartil,11.82
2022,1500807,Lagos,Concelho,3.º quartil,11.95
2022,11A1308,Matosinhos,Concelho,3.º quartil,11.96
2022,1A01105,Cascais,Concelho,2.º quartil,12.76
2022,1A01106,Lisboa,Concelho,2.º quartil,12.99
2022,11A1312,Porto,Concelho,3.º quartil,13.46
2022,1A,Grande Lisboa,NUTS II,3.º quartil,14.21
2022,1A0,Grande Lisboa,NUTS III,3.º quartil,14.21
2022,1A01110,Oeiras,Concelho,3.º quartil,14.29
2022,1A01106,Lisboa,Concelho,3.º quartil,16.67
2022,1A01105,Cascais,Concelho,3.º quartil,16.79
2022,1120310,Terras de Bouro,Concelho,1.º quartil,
2022,1120310,Terras de Bouro,Concelho,2.º quartil,
2022,1120310,Terras de Bouro,Concelho,3.º quartil,
2022,1190311,Vieira do Minho,Concelho,1.º quartil,
2022,1190311,Vieira do Minho,Concelho,2.º quartil,
2022,1190311,Vieira do Minho,Concelho,3.º quartil,
2022,11B1702,Boticas,Concelho,1.º quartil,
2022,11B1702,Boticas,Concelho,2.º quartil,
2022,11B1702,Boticas,Concelho,3.º quartil,
2022,11B1706,Montalegre,Concelho,1.º quartil,
2022,11B1706,Montalegre,Concelho,2.º quartil,
2022,11B1706,Montalegre,Concelho,3.º quartil,
2022,11B1709,Ribeira de Pena,Concelho,1.º quartil,
2022,11B1709,Ribeira de Pena,Concelho,2.º quartil,
2022,11B1709,Ribeira de Pena,Concelho,3.º quartil,
2022,11C1813,Resende,Concelho,1.º quartil,
2022,11C1813,Resende,Concelho,2.º quartil,
2022,11C1813,Resende,Concelho,3.º quartil,
2022,11D0403,Carrazeda de Ansiães,Concelho,1.º quartil,
2022,11D0403,Carrazeda de Ansiães,Concelho,2.º quartil,
2022,11D0403,Carrazeda de Ansiães,Concelho,3.º quartil,
2022,11D0404,Freixo de Espada à Cinta,Concelho,1.º quartil,
2022,11D0404,Freixo de Espada à Cinta,Concelho,2.º quartil,
2022,11D0404,Freixo de Espada à Cinta,Concelho,3.º quartil,
2022,11D1701,Alijó,Concelho,1.º quartil,
2022,11D1701,Alijó,Concelho,2.º quartil,
2022,11D1701,Alijó,Concelho,3.º quartil,
2022,11D1704,Mesão Frio,Concelho,1.º quartil,
2022,11D1704,Mesão Frio,Concelho,2.º quartil,
2022,11D1704,Mesão Frio,Concelho,3.º quartil,
2022,11D1707,Murça,Concelho,1.º quartil,
2022,11D1707,Murça,Concelho,2.º quartil,
2022,11D1707,Murça,Concelho,3.º quartil,
2022,11D1710,Sabrosa,Concelho,1.º quartil,
2022,11D1710,Sabrosa,Concelho,2.º quartil,
2022,11D1710,Sabrosa,Concelho,3.º quartil,
2022,11D1711,Santa Marta de Penaguião,Concelho,1.º quartil,
2022,11D1711,Santa Marta de Penaguião,Concelho,2.º quartil,
2022,11D1711,Santa Marta de Penaguião,Concelho,3.º quartil,
2022,11D1801,Armamar,Concelho,1.º quartil,
2022,11D1801,Armamar,Concelho,2.º quartil,
2022,11D1801,Armamar,Concelho,3.º quartil,
2022,11D1812,Penedono,Concelho,1.º quartil,
2022,11D1812,Penedono,Concelho,2.º quartil,
2022,11D1812,Penedono,Concelho,3.º quartil,
2022,11D1815,São João da Pesqueira,Concelho,1.º quartil,
2022,11D1815,São João da Pesqueira,Concelho,2.º quartil,
2022,11D1815,São João da Pesqueira,Concelho,3.º quartil,
2022,11D1818,Sernancelhe,Concelho,1.º quartil,
2022,11D1818,Sernancelhe,Concelho,2.º quartil,
2022,11D1818,Sernancelhe,Concelho,3.º quartil,
2022,11D1819,Tabuaço,Concelho,1.º quartil,
2022,11D1819,Tabuaço,Concelho,2.º quartil,
2022,11D1819,Tabuaço,Concelho,3.º quartil,
2022,11E0401,Alfândega da Fé,Concelho,1.º quartil,
2022,11E0401,Alfândega da Fé,Concelho,2.º quartil,
2022,11E0401,Alfândega da Fé,Concelho,3.º quartil,
2022,11E0411,Vimioso,Concelho,1.º quartil,
2022,11E0411,Vimioso,Concelho,2.º quartil,
2022,11E0411,Vimioso,Concelho,3.º quartil,
2022,11E0412,Vinhais,Concelho,1.º quartil,
2022,11E0412,Vinhais,Concelho,2.º quartil,
2022,11E0412,Vinhais,Concelho,3.º quartil,
2022,1500802,Alcoutim,Concelho,1.º quartil,
2022,1500802,Alcoutim,Concelho,2.º quartil,
2022,1500802,Alcoutim,Concelho,3.º quartil,
2022,1920606,Góis,Concelho,1.º quartil,
2022,1920606,Góis,Concelho,2.º quartil,
2022,1920606,Góis,Concelho,3.º quartil,
2022,1920612,Pampilhosa da Serra,Concelho,1.º quartil,
2022,1920612,Pampilhosa da Serra,Concelho,2.º quartil,
2022,1920612,Pampilhosa da Serra,Concelho,3.º quartil,
2022,1931007,Castanheira de Pêra,Concelho,1.º quartil,
2022,1931007,Castanheira de Pêra,Concelho,2.º quartil,
2022,1931007,Castanheira de Pêra,Concelho,3.º quartil,
2022,1931013,Pedrógão Grande,Concelho,1.º quartil,
2022,1931013,Pedrógão Grande,Concelho,2.º quartil,
2022,1931013,Pedrógão Grande,Concelho,3.º quartil,
2022,1940901,Aguiar da Beira,Concelho,1.º quartil,
2022,1940901,Aguiar da Beira,Concelho,2.º quartil,
2022,1940901,Aguiar da Beira,Concelho,3.º quartil,
2022,1941822,Vila Nova de Paiva,Concelho,1.º quartil,
2022,1941822,Vila Nova de Paiva,Concelho,2.º quartil,
2022,1941822,Vila Nova de Paiva,Concelho,3.º quartil,
2022,1950505,Idanha-a-Nova,Concelho,1.º quartil,
2022,1950505,Idanha-a-Nova,Concelho,2.º quartil,
2022,1950505,Idanha-a-Nova,Concelho,3.º quartil,
2022,1950506,Oleiros,Concelho,1.º quartil,
2022,1950506,Oleiros,Concelho,2.º quartil,
2022,1950506,Oleiros,Concelho,3.º quartil,
2022,1950507,Penamacor,Concelho,1.º quartil,
2022,1950507,Penamacor,Concelho,2.º quartil,
2022,1950507,Penamacor,Concelho,3.º quartil,
2022,1950510,Vila de Rei,Concelho,1.º quartil,
2022,1950510,Vila de Rei,Concelho,2.º quartil,
2022,1950510,Vila de Rei,Concelho,3.º quartil,
2022,1950511,Vila Velha de Ródão,Concelho,1.º quartil,
2022,1950511,Vila Velha de Ródão,Concelho,2.º quartil,
2022,1950511,Vila Velha de Ródão,Concelho,3.º quartil,
2022,1960902,Almeida,Concelho,1.º quartil,
2022,1960902,Almeida,Concelho,2.º quartil,
2022,1960902,Almeida,Concelho,3.º quartil,
2022,1960904,Figueira de Castelo Rodrigo,Concelho,1.º quartil,
2022,1960904,Figueira de Castelo Rodrigo,Concelho,2.º quartil,
2022,1960904,Figueira de Castelo Rodrigo,Concelho,3.º quartil,
2022,1960905,Fornos de Algodres,Concelho,1.º quartil,
2022,1960905,Fornos de Algodres,Concelho,2.º quartil,
2022,1960905,Fornos de Algodres,Concelho,3.º quartil,
2022,1960908,Manteigas,Concelho,1.º quartil,
2022,1960908,Manteigas,Concelho,2.º quartil,
2022,1960908,Manteigas,Concelho,3.º quartil,
2022,1960909,Mêda,Concelho,1.º quartil,
2022,1960909,Mêda,Concelho,2.º quartil,
2022,1960909,Mêda,Concelho,3.º quartil,
2022,1C20201,Aljustrel,Concelho,1.º quartil,
2022,1C20201,Aljustrel,Concelho,2.º quartil,
2022,1C20201,Aljustrel,Concelho,3.º quartil,
2022,1C20203,Alvito,Concelho,1.º quartil,
2022,1C20203,Alvito,Concelho,2.º quartil,
2022,1C20203,Alvito,Concelho,3.º quartil,
2022,1C20204,Barrancos,Concelho,1.º quartil,
2022,1C20204,Barrancos,Concelho,2.º quartil,
2022,1C20204,Barrancos,Concelho,3.º quartil,
2022,1C20207,Cuba,Concelho,1.º quartil,
2022,1C20207,Cuba,Concelho,2.º quartil,
2022,1C20207,Cuba,Concelho,3.º quartil,
2022,1C20209,Mértola,Concelho,1.º quartil,
2022,1C20209,Mértola,Concelho,2.º quartil,
2022,1C20209,Mértola,Concelho,3.º quartil,
2022,1C20212,Ourique,Concelho,1.º quartil,
2022,1C20212,Ourique,Concelho,2.º quartil,
2022,1C20212,Ourique,Concelho,3.º quartil,
2022,1C20214,Vidigueira,Concelho,1.º quartil,
2022,1C20214,Vidigueira,Concelho,2.º quartil,
2022,1C20214,Vidigueira,Concelho,3.º quartil,
2022,1C31201,Alter do Chão,Concelho,1.º quartil,
2022,1C31201,Alter do Chão,Concelho,2.º quartil,
2022,1C31201,Alter do Chão,Concelho,3.º quartil,
2022,1C31202,Arronches,Concelho,1.º quartil,
2022,1C31202,Arronches,Concelho,2.º quartil,
2022,1C31202,Arronches,Concelho,3.º quartil,
2022,1C31203,Avis,Concelho,1.º quartil,
2022,1C31203,Avis,Concelho,2.º quartil,
2022,1C31203,Avis,Concelho,3.º quartil,
2022,1C31205,Castelo de Vide,Concelho,1.º quartil,
2022,1C31205,Castelo de Vide,Concelho,2.º quartil,
2022,1C31205,Castelo de Vide,Concelho,3.º quartil,
2022,1C31206,Crato,Concelho,1.º quartil,
2022,1C31206,Crato,Concelho,2.º quartil,
2022,1C31206,Crato,Concelho,3.º quartil,
2022,1C31208,Fronteira,Concelho,1.º quartil,
2022,1C31208,Fronteira,Concelho,2.º quartil,
2022,1C31208,Fronteira,Concelho,3.º quartil,
2022,1C31209,Gavião,Concelho,1.º quartil,
2022,1C31209,Gavião,Concelho,2.º quartil,
2022,1C31209,Gavião,Concelho,3.º quartil,
2022,1C31211,Monforte,Concelho,1.º quartil,
2022,1C31211,Monforte,Concelho,2.º quartil,
2022,1C31211,Monforte,Concelho,3.º quartil,
2022,1C31212,Nisa,Concelho,1.º quartil,
2022,1C31212,Nisa,Concelho,2.º quartil,
2022,1C31212,Nisa,Concelho,3.º quartil,
2022,1C31215,Sousel,Concelho,1.º quartil,
2022,1C31215,Sousel,Concelho,2.º quartil,
2022,1C31215,Sousel,Concelho,3.º quartil,
2022,1C40701,Alandroal,Concelho,1.º quartil,
2022,1C40701,Alandroal,Concelho,2.º quartil,
2022,1C40701,Alandroal,Concelho,3.º quartil,
2022,1C40707,Mora,Concelho,1.º quartil,
2022,1C40707,Mora,Concelho,2.º quartil,
2022,1C40707,Mora,Concelho,3.º quartil,
2022,1C40708,Mourão,Concelho,1.º quartil,
2022,1C40708,Mourão,Concelho,2.º quartil,
2022,1C40708,Mourão,Concelho,3.º quartil,
2022,1C40709,Portel,Concelho,1.º quartil,
2022,1C40709,Portel,Concelho,2.º quartil,
2022,1C40709,Portel,Concelho,3.º quartil,
2022,1D21408,Constância,Concelho,1.º quartil,
2022,1D21408,Constância,Concelho,2.º quartil,
2022,1D21408,Constância,Concelho,3.º quartil,
2022,1D21417,Sardoal,Concelho,1.º quartil,
2022,1D21417,Sardoal,Concelho,2.º quartil,
2022,1D21417,Sardoal,Concelho,3.º quartil,
2022,2004101,Vila do Porto,Concelho,1.º quartil,
2022,2004101,Vila do Porto,Concelho,2.º quartil,
2022,2004101,Vila do Porto,Concelho,3.º quartil,
2022,2004202,Nordeste,Concelho,1.º quartil,
2022,2004202,Nordeste,Concelho,2.º quartil,
2022,2004202,Nordeste,Concelho,3.º quartil,
2022,2004204,Povoação,Concelho,1.º quartil,
2022,2004204,Povoação,Concelho,2.º quartil,
2022,2004204,Povoação,Concelho,3.º quartil,
2022,2004206,Vila Franca do Campo,Concelho,1.º quartil,
2022,2004206,Vila Franca do Campo,Concelho,2.º quartil,
2022,2004206,Vila Franca do Campo,Concelho,3.º quartil,
2022,2004401,Santa Cruz da Graciosa,Concelho,1.º quartil,
2022,2004401,Santa Cruz da Graciosa,Concelho,2.º quartil,
2022,2004401,Santa Cruz da Graciosa,Concelho,3.º quartil,
2022,2004501,Calheta (R.A.A.),Concelho,1.º quartil,
2022,2004501,Calheta (R.A.A.),Concelho,2.º quartil,
2022,2004501,Calheta (R.A.A.),Concelho,3.º quartil,
2022,2004601,Lajes do Pico,Concelho,1.º quartil,
2022,2004601,Lajes do Pico,Concelho,2.º quartil,
2022,2004601,Lajes do Pico,Concelho,3.º quartil,
2022,2004602,Madalena,Concelho,1.º quartil,
2022,2004602,Madalena,Concelho,2.º quartil,
2022,2004602,Madalena,Concelho,3.º quartil,
2022,2004603,São Roque do Pico,Concelho,1.º quartil,
2022,2004603,São Roque do Pico,Concelho,2.º quartil,
2022,2004603,São Roque do Pico,Concelho,3.º quartil,
2022,2004801,Lajes das Flores,Concelho,1.º quartil,
2022,2004801,Lajes das Flores,Concelho,2.º quartil,
2022,2004801,Lajes das Flores,Concelho,3.º quartil,
2022,2004802,Santa Cruz das Flores,Concelho,1.º quartil,
2022,2004802,Santa Cruz das Flores,Concelho,2.º quartil,
2022,2004802,Santa Cruz das Flores,Concelho,3.º quartil,
2022,2004901,Corvo,Concelho,1.º quartil,
2022,2004901,Corvo,Concelho,2.º quartil,
2022,2004901,Corvo,Concelho,3.º quartil,
2022,3003105,Ponta do Sol,Concelho,1.º quartil,
2022,3003105,Ponta do Sol,Concelho,2.º quartil,
2022,3003105,Ponta do Sol,Concelho,3.º quartil,
2022,3003106,Porto Moniz,Concelho,1.º quartil,
2022,3003106,Porto Moniz,Concelho,2.º quartil,
2022,3003106,Porto Moniz,Concelho,3.º quartil,
2022,3003107,Ribeira Brava,Concelho,1.º quartil,
2022,3003107,Ribeira Brava,Concelho,2.º quartil,
2022,3003107,Ribeira Brava,Concelho,3.º quartil,
2022,3003109,Santana,Concelho,1.º quartil,
2022,3003109,Santana,Concelho,2.º quartil,
2022,3003109,Santana,Concelho,3.º quartil,
2022,3003110,São Vicente,Concelho,1.º quartil,
2022,3003110,São Vicente,Concelho,2.º quartil,
2022,3003110,São Vicente,Concelho,3.º quartil,
2022,3003201,Porto Santo,Concelho,1.º quartil,
2022,3003201,Porto Santo,Concelho,2.º quartil,
2022,3003201,Porto Santo,Concelho,3.º quartil,
2023,11D0914,Vila Nova de Foz Côa,Concelho,1.º quartil,1.36
2023,1C31215,Sousel,Concelho,1.º quartil,1.38
2023,1C40713,Viana do Alentejo,Concelho,1.º quartil,1.49
2023,11E0410,Vila Flor,Concelho,1.º quartil,1.5
2023,1C31202,Arronches,Concelho,1.º quartil,1.63
2023,1960913,Trancoso,Concelho,1.º quartil,1.75
2023,1950511,Vila Velha de Ródão,Concelho,1.º quartil,1.77
2023,11E0407,Mirandela,Concelho,1.º quartil,1.81
2023,11E0406,Miranda do Douro,Concelho,1.º quartil,1.85
2023,1960909,Mêda,Concelho,1.º quartil,1.85
2023,1C31210,Marvão,Concelho,1.º quartil,1.86
2023,1960903,Celorico da Beira,Concelho,1.º quartil,1.88
2023,1C40710,Redondo,Concelho,1.º quartil,1.95
2023,1960902,Almeida,Concelho,1.º quartil,1.99
2023,11E,Terras de Trás-os-Montes,NUTS III,1.º quartil,2.01
2023,11C1302,Baião,Concelho,1.º quartil,2.02
2023,1941802,Carregal do Sal,Concelho,1.º quartil,2.02
2023,11E0402,Bragança,Concelho,1.º quartil,2.07
2023,11E0408,Mogadouro,Concelho,1.º quartil,2.07
2023,1960906,Gouveia,Concelho,1.º quartil,2.08
2023,11E0410,Vila Flor,Concelho,2.º quartil,2.09
2023,1960501,Belmonte,Concelho,1.º quartil,2.09
2023,1931013,Pedrógão Grande,Concelho,1.º quartil,2.1
2023,11C0305,Celorico de Basto,Concelho,1.º quartil,2.12
2023,1C31202,Arronches,Concelho,2.º quartil,2.12
2023,1C40703,Borba,Concelho,1.º quartil,2.13
2023,11C1813,Resende,Concelho,1.º quartil,2.14
2023,11D0409,Torre de Moncorvo,Concelho,1.º quartil,2.16
2023,1C31204,Campo Maior,Concelho,1.º quartil,2.16
2023,1C40714,Vila Viçosa,Concelho,1.º quartil,2.16
2023,11B1712,Valpaços,Concelho,1.º quartil,2.17
2023,2004701,Horta,Concelho,1.º quartil,2.17
2023,1960910,Pinhel,Concelho,1.º quartil,2.21
2023,1111605,Paredes de Coura,Concelho,1.º quartil,2.22
2023,11C0106,Castelo de Paiva,Concelho,1.º quartil,2.26
2023,1931002,Alvaiázere,Concelho,1.º quartil,2.27
2023,1190304,Cabeceiras de Basto,Concelho,1.º quartil,2.29
2023,11B1713,Vila Pouca de Aguiar,Concelho,1.º quartil,2.3
2023,1960913,Trancoso,Concelho,2.º quartil,2.31
2023,11C1303,Felgueiras,Concelho,1.º quartil,2.33
2023,1941803,Castro Daire,Concelho,1.º quartil,2.34
2023,11D0914,Vila Nova de Foz Côa,Concelho,2.º quartil,2.36
2023,1941817,Sátão,Concelho,1.º quartil,2.37
2023,11D1807,Moimenta da Beira,Concelho,1.º quartil,2.38
2023,11E0405,Macedo de Cavaleiros,Concelho,1.º quartil,2.38
2023,1D31407,Chamusca,Concelho,1.º quartil,2.38
2023,1C3,Alto Alentejo,NUTS III,1.º quartil,2.4
2023,1111606,Ponte da Barca,Concelho,1.º quartil,2.44
2023,11D1820,Tarouca,Concelho,1.º quartil,2.44
2023,1C31214,Portalegre,Concelho,1.º quartil,2.48
2023,1960909,Mêda,Concelho,2.º quartil,2.49
2023,11C1804,Cinfães,Concelho,1.º quartil,2.5
2023,1941809,Nelas,Concelho,1.º quartil,2.51
2023,1960903,Celorico da Beira,Concelho,2.º quartil,2.53
2023,1950508,Proença-a-Nova,Concelho,1.º quartil,2.56
2023,1C40709,Portel,Concelho,1.º quartil,2.56
2023,11C1305,Lousada,Concelho,1.º quartil,2.57
2023,1960902,Almeida,Concelho,2.º quartil,2.57
2023,1960910,Pinhel,Concelho,2.º quartil,2.57
2023,1960911,Sabugal,Concelho,1.º quartil,2.58
2023,1C40711,Reguengos de Monsaraz,Concelho,1.º quartil,2.58
2023,1960501,Belmonte,Concelho,2.º quartil,2.6
2023,1921808,Mortágua,Concelho,1.º quartil,2.62
2023,11C,Tâmega e Sousa,NUTS III,1.º quartil,2.63
2023,11D1805,Lamego,Concelho,1.º quartil,2.63
2023,1920611,Oliveira do Hospital,Concelho,1.º quartil,2.63
2023,196,Beiras e Serra da Estrela,NUTS III,1.º quartil,2.63
2023,1C40704,Estremoz,Concelho,1.º quartil,2.63
2023,1190307,Fafe,Concelho,1.º quartil,2.67
2023,11C1307,Marco de Canaveses,Concelho,1.º quartil,2.67
2023,11D,Douro,NUTS III,1.º quartil,2.67
2023,1920613,Penacova,Concelho,1.º quartil,2.67
2023,1931008,Figueiró dos Vinhos,Concelho,1.º quartil,2.67
2023,1190311,Vieira do Minho,Concelho,1.º quartil,2.7
2023,1C31210,Marvão,Concelho,2.º quartil,2.7
2023,1190309,Póvoa de Lanhoso,Concelho,1.º quartil,2.71
2023,11C1301,Amarante,Concelho,1.º quartil,2.71
2023,1941810,Oliveira de Frades,Concelho,1.º quartil,2.71
2023,1941824,Vouzela,Concelho,1.º quartil,2.72
2023,1C31207,Elvas,Concelho,1.º quartil,2.73
2023,11D1820,Tarouca,Concelho,2.º quartil,2.75
2023,11D1701,Alijó,Concelho,1.º quartil,2.78
2023,11E0408,Mogadouro,Concelho,2.º quartil,2.78
2023,1931003,Ansião,Concelho,1.º quartil,2.78
2023,1941814,Santa Comba Dão,Concelho,1.º quartil,2.78
2023,1960912,Seia,Concelho,1.º quartil,2.78
2023,1C31204,Campo Maior,Concelho,2.º quartil,2.78
2023,1C31215,Sousel,Concelho,2.º quartil,2.79
2023,1931016,Porto de Mós,Concelho,1.º quartil,2.8
2023,1960504,Fundão,Concelho,1.º quartil,2.8
2023,1C40703,Borba,Concelho,2.º quartil,2.8
2023,1941811,Penalva do Castelo,Concelho,1.º quartil,2.84
2023,1941817,Sátão,Concelho,2.º quartil,2.85
2023,1111610,Vila Nova de Cerveira,Concelho,1.º quartil,2.86
2023,1190314,Vizela,Concelho,1.º quartil,2.87
2023,11E0405,Macedo de Cavaleiros,Concelho,2.º quartil,2.87
2023,1910117,Sever do Vouga,Concelho,1.º quartil,2.87
2023,1941806,Mangualde,Concelho,1.º quartil,2.87
2023,1C40713,Viana do Alentejo,Concelho,2.º quartil,2.88
2023,1920607,Lousã,Concelho,1.º quartil,2.9
2023,1920614,Penela,Concelho,1.º quartil,2.9
2023,195,Beira Baixa,NUTS III,1.º quartil,2.9
2023,1950509,Sertã,Concelho,1.º quartil,2.9
2023,11B,Alto Tâmega e Barroso,NUTS III,1.º quartil,2.91
2023,11C1309,Paços de Ferreira,Concelho,1.º quartil,2.91
2023,1960906,Gouveia,Concelho,2.º quartil,2.91
2023,11C1311,Penafiel,Concelho,1.º quartil,2.92
2023,1C20208,Ferreira do Alentejo,Concelho,1.º quartil,2.92
2023,11B1712,Valpaços,Concelho,2.º quartil,2.93
2023,1920616,Tábua,Concelho,1.º quartil,2.93
2023,11D1708,Peso da Régua,Concelho,1.º quartil,2.98
2023,1920617,Vila Nova de Poiares,Concelho,1.º quartil,2.98
2023,1920601,Arganil,Concelho,1.º quartil,3
2023,1111603,Melgaço,Concelho,1.º quartil,3.01
2023,1950508,Proença-a-Nova,Concelho,2.º quartil,3.02
2023,2004301,Angra do Heroísmo,Concelho,1.º quartil,3.02
2023,1960907,Guarda,Concelho,1.º quartil,3.03
2023,1D31412,Golegã,Concelho,1.º quartil,3.03
2023,1120301,Amares,Concelho,1.º quartil,3.04
2023,1920608,Mira,Concelho,1.º quartil,3.04
2023,1111605,Paredes de Coura,Concelho,2.º quartil,3.05
2023,11D0409,Torre de Moncorvo,Concelho,2.º quartil,3.05
2023,1C,Alentejo,NUTS II,1.º quartil,3.05
2023,1920615,Soure,Concelho,1.º quartil,3.06
2023,1D21402,Alcanena,Concelho,1.º quartil,3.06
2023,11A1314,Santo Tirso,Concelho,1.º quartil,3.07
2023,1920609,Miranda do Corvo,Concelho,1.º quartil,3.07
2023,11E0410,Vila Flor,Concelho,3.º quartil,3.08
2023,1C4,Alentejo Central,NUTS III,1.º quartil,3.08
2023,1D21401,Abrantes,Concelho,1.º quartil,3.08
2023,11D1807,Moimenta da Beira,Concelho,2.º quartil,3.09
2023,1931013,Pedrógão Grande,Concelho,2.º quartil,3.09
2023,1920610,Montemor-o-Velho,Concelho,1.º quartil,3.1
2023,2004205,Ribeira Grande,Concelho,1.º quartil,3.1
2023,1D31409,Coruche,Concelho,1.º quartil,3.11
2023,11C1302,Baião,Concelho,2.º quartil,3.12
2023,1C31213,Ponte de Sor,Concelho,1.º quartil,3.12
2023,1111608,Valença,Concelho,1.º quartil,3.13
2023,11E0406,Miranda do Douro,Concelho,2.º quartil,3.13
2023,1920111,Mealhada,Concelho,1.º quartil,3.13
2023,1960910,Pinhel,Concelho,3.º quartil,3.13
2023,11C0106,Castelo de Paiva,Concelho,2.º quartil,3.14
2023,1C40702,Arraiolos,Concelho,1.º quartil,3.14
2023,119,Ave,NUTS III,1.º quartil,3.16
2023,1D11104,Cadaval,Concelho,1.º quartil,3.16
2023,1960503,Covilhã,Concelho,1.º quartil,3.17
2023,1960909,Mêda,Concelho,3.º quartil,3.17
2023,1C40709,Portel,Concelho,2.º quartil,3.18
2023,1D21411,Ferreira do Zêzere,Concelho,1.º quartil,3.18
2023,11C0305,Celorico de Basto,Concelho,2.º quartil,3.19
2023,1921808,Mortágua,Concelho,2.º quartil,3.19
2023,1950502,Castelo Branco,Concelho,1.º quartil,3.19
2023,1D31404,Alpiarça,Concelho,1.º quartil,3.19
2023,1111601,Arcos de Valdevez,Concelho,1.º quartil,3.2
2023,1190304,Cabeceiras de Basto,Concelho,2.º quartil,3.2
2023,11A1310,Paredes,Concelho,1.º quartil,3.25
2023,1500809,Monchique,Concelho,1.º quartil,3.25
2023,1960911,Sabugal,Concelho,2.º quartil,3.25
2023,1C20210,Moura,Concelho,1.º quartil,3.25
2023,1960501,Belmonte,Concelho,3.º quartil,3.26
2023,1C20202,Almodôvar,Concelho,1.º quartil,3.26
2023,1C40706,Montemor-o-Novo,Concelho,1.º quartil,3.26
2023,1950511,Vila Velha de Ródão,Concelho,2.º quartil,3.27
2023,2004502,Velas,Concelho,1.º quartil,3.29
2023,3003101,Calheta (R.A.M.),Concelho,1.º quartil,3.29
2023,1920602,Cantanhede,Concelho,1.º quartil,3.3
2023,1931002,Alvaiázere,Concelho,2.º quartil,3.3
2023,11E,Terras de Trás-os-Montes,NUTS III,2.º quartil,3.31
2023,1C20213,Serpa,Concelho,1.º quartil,3.31
2023,2,Região Autónoma dos Açores,NUTS I,1.º quartil,3.31
2023,20,Região Autónoma dos Açores,NUTS II,1.º quartil,3.31
2023,200,Região Autónoma dos Açores,NUTS III,1.º quartil,3.31
2023,11C1813,Resende,Concelho,2.º quartil,3.32
2023,1111604,Monção,Concelho,1.º quartil,3.33
2023,11B1703,Chaves,Concelho,1.º quartil,3.33
2023,11C1303,Felgueiras,Concelho,2.º quartil,3.33
2023,1920611,Oliveira do Hospital,Concelho,2.º quartil,3.33
2023,194,Viseu Dão Lafões,NUTS III,1.º quartil,3.33
2023,1941811,Penalva do Castelo,Concelho,2.º quartil,3.33
2023,1C40710,Redondo,Concelho,2.º quartil,3.33
2023,1D21420,Vila Nova da Barquinha,Concelho,1.º quartil,3.34
2023,11E0407,Mirandela,Concelho,2.º quartil,3.37
2023,1910112,Murtosa,Concelho,1.º quartil,3.37
2023,1941821,Tondela,Concelho,1.º quartil,3.38
2023,1C2,Baixo Alentejo,NUTS III,1.º quartil,3.38
2023,1111606,Ponte da Barca,Concelho,2.º quartil,3.39
2023,1941802,Carregal do Sal,Concelho,2.º quartil,3.39
2023,1120313,Vila Verde,Concelho,1.º quartil,3.4
2023,11A0104,Arouca,Concelho,1.º quartil,3.4
2023,11A0113,Oliveira de Azeméis,Concelho,1.º quartil,3.41
2023,2004201,Lagoa (R.A.A.),Concelho,1.º quartil,3.41
2023,11E0408,Mogadouro,Concelho,3.º quartil,3.43
2023,1920617,Vila Nova de Poiares,Concelho,2.º quartil,3.43
2023,2004602,Madalena,Concelho,1.º quartil,3.43
2023,1C40713,Viana do Alentejo,Concelho,3.º quartil,3.44
2023,11A0119,Vale de Cambra,Concelho,1.º quartil,3.45
2023,11B1713,Vila Pouca de Aguiar,Concelho,2.º quartil,3.45
2023,1D31407,Chamusca,Concelho,2.º quartil,3.45
2023,1190308,Guimarães,Concelho,1.º quartil,3.46
2023,1910118,Vagos,Concelho,1.º quartil,3.46
2023,11C1307,Marco de Canaveses,Concelho,2.º quartil,3.47
2023,1C40714,Vila Viçosa,Concelho,2.º quartil,3.47
2023,1931015,Pombal,Concelho,1.º quartil,3.48
2023,1190312,Vila Nova de Famalicão,Concelho,1.º quartil,3.49
2023,11D1701,Alijó,Concelho,2.º quartil,3.49
2023,1941809,Nelas,Concelho,2.º quartil,3.49
2023,1C40712,Vendas Novas,Concelho,1.º quartil,3.49
2023,11D1820,Tarouca,Concelho,3.º quartil,3.5
2023,1120302,Barcelos,Concelho,1.º quartil,3.51
2023,11D1805,Lamego,Concelho,2.º quartil,3.52
2023,19,Centro,NUTS II,1.º quartil,3.52
2023,11B1712,Valpaços,Concelho,3.º quartil,3.54
2023,1941817,Sátão,Concelho,3.º quartil,3.54
2023,1960912,Seia,Concelho,2.º quartil,3.54
2023,3003102,Câmara de Lobos,Concelho,1.º quartil,3.54
2023,2004302,Vila da Praia da Vitória,Concelho,1.º quartil,3.56
2023,1111602,Caminha,Concelho,1.º quartil,3.57
2023,1111607,Ponte de Lima,Concelho,1.º quartil,3.57
2023,1190307,Fafe,Concelho,2.º quartil,3.57
2023,11D1714,Vila Real,Concelho,1.º quartil,3.57
2023,11E0405,Macedo de Cavaleiros,Concelho,3.º quartil,3.57
2023,1D2,Médio Tejo,NUTS III,1.º quartil,3.57
2023,1920613,Penacova,Concelho,2.º quartil,3.59
2023,11C1305,Lousada,Concelho,2.º quartil,3.6
2023,1C3,Alto Alentejo,NUTS III,2.º quartil,3.6
2023,11D0914,Vila Nova de Foz Côa,Concelho,3.º quartil,3.61
2023,1941803,Castro Daire,Concelho,2.º quartil,3.61
2023,1C31214,Portalegre,Concelho,2.º quartil,3.62
2023,1D31414,Rio Maior,Concelho,1.º quartil,3.62
2023,1111603,Melgaço,Concelho,2.º quartil,3.64
2023,1931003,Ansião,Concelho,2.º quartil,3.64
2023,1910101,Águeda,Concelho,1.º quartil,3.65
2023,1960913,Trancoso,Concelho,3.º quartil,3.66
2023,1C31215,Sousel,Concelho,3.º quartil,3.66
2023,1D21419,Torres Novas,Concelho,1.º quartil,3.66
2023,1190311,Vieira do Minho,Concelho,2.º quartil,3.67
2023,1910103,Anadia,Concelho,1.º quartil,3.67
2023,11C,Tâmega e Sousa,NUTS III,2.º quartil,3.68
2023,11C1804,Cinfães,Concelho,2.º quartil,3.68
2023,1931004,Batalha,Concelho,1.º quartil,3.68
2023,1D11005,Bombarral,Concelho,1.º quartil,3.68
2023,1931010,Marinha Grande,Concelho,1.º quartil,3.69
2023,1910117,Sever do Vouga,Concelho,2.º quartil,3.7
2023,1960903,Celorico da Beira,Concelho,3.º quartil,3.7
2023,111,Alto Minho,NUTS III,1.º quartil,3.71
2023,1941806,Mangualde,Concelho,2.º quartil,3.71
2023,11A0109,Santa Maria da Feira,Concelho,1.º quartil,3.72
2023,1D21402,Alcanena,Concelho,2.º quartil,3.72
2023,1910102,Albergaria-a-Velha,Concelho,1.º quartil,3.73
2023,1920616,Tábua,Concelho,2.º quartil,3.73
2023,1D11112,Sobral de Monte Agraço,Concelho,1.º quartil,3.73
2023,11C1301,Amarante,Concelho,2.º quartil,3.75
2023,1910108,Estarreja,Concelho,1.º quartil,3.75
2023,1931008,Figueiró dos Vinhos,Concelho,2.º quartil,3.75
2023,1941816,São Pedro do Sul,Concelho,1.º quartil,3.75
2023,1960504,Fundão,Concelho,2.º quartil,3.75
2023,1C10211,Odemira,Concelho,1.º quartil,3.75
2023,1C20201,Aljustrel,Concelho,1.º quartil,3.75
2023,11E0402,Bragança,Concelho,2.º quartil,3.77
2023,1D31415,Salvaterra de Magos,Concelho,1.º quartil,3.77
2023,1111610,Vila Nova de Cerveira,Concelho,2.º quartil,3.79
2023,1920604,Condeixa-a-Nova,Concelho,1.º quartil,3.79
2023,1910114,Oliveira do Bairro,Concelho,1.º quartil,3.8
2023,1941814,Santa Comba Dão,Concelho,2.º quartil,3.8
2023,193,Região de Leiria,NUTS III,1.º quartil,3.81
2023,1941824,Vouzela,Concelho,2.º quartil,3.81
2023,1920601,Arganil,Concelho,2.º quartil,3.82
2023,1C40704,Estremoz,Concelho,2.º quartil,3.82
2023,1D31406,Cartaxo,Concelho,1.º quartil,3.82
2023,192,Região de Coimbra,NUTS III,1.º quartil,3.85
2023,196,Beiras e Serra da Estrela,NUTS III,2.º quartil,3.85
2023,1960906,Gouveia,Concelho,3.º quartil,3.85
2023,1D11001,Alcobaça,Concelho,1.º quartil,3.85
2023,1190309,Póvoa de Lanhoso,Concelho,2.º quartil,3.87
2023,11D0409,Torre de Moncorvo,Concelho,3.º quartil,3.88
2023,1931013,Pedrógão Grande,Concelho,3.º quartil,3.88
2023,1C31204,Campo Maior,Concelho,3.º quartil,3.88
2023,1D31404,Alpiarça,Concelho,2.º quartil,3.89
2023,1D3,Lezíria do Tejo,NUTS III,1.º quartil,3.9
2023,1950509,Sertã,Concelho,2.º quartil,3.91
2023,1C40711,Reguengos de Monsaraz,Concelho,2.º quartil,3.92
2023,1D11012,Óbidos,Concelho,1.º quartil,3.92
2023,1920607,Lousã,Concelho,2.º quartil,3.93
2023,1C20206,Castro Verde,Concelho,1.º quartil,3.93
2023,1C20208,Ferreira do Alentejo,Concelho,2.º quartil,3.93
2023,3003104,Machico,Concelho,1.º quartil,3.93
2023,1941810,Oliveira de Frades,Concelho,2.º quartil,3.95
2023,1C40703,Borba,Concelho,3.º quartil,3.96
2023,1D21421,Ourém,Concelho,1.º quartil,3.96
2023,1C40709,Portel,Concelho,3.º quartil,3.98
2023,1920608,Mira,Concelho,2.º quartil,3.99
2023,1D,Oeste e Vale do Tejo,NUTS II,1.º quartil,3.99
2023,1D21418,Tomar,Concelho,1.º quartil,3.99
2023,1D31403,Almeirim,Concelho,1.º quartil,3.99
2023,11B,Alto Tâmega e Barroso,NUTS III,2.º quartil,4
2023,11C1302,Baião,Concelho,3.º quartil,4
2023,11D,Douro,NUTS III,2.º quartil,4
2023,11D1708,Peso da Régua,Concelho,2.º quartil,4
2023,1920615,Soure,Concelho,2.º quartil,4
2023,1941811,Penalva do Castelo,Concelho,3.º quartil,4
2023,1D31412,Golegã,Concelho,2.º quartil,4
2023,1941823,Viseu,Concelho,1.º quartil,4.01
2023,1111601,Arcos de Valdevez,Concelho,2.º quartil,4.02
2023,1D31416,Santarém,Concelho,1.º quartil,4.03
2023,11C1309,Paços de Ferreira,Concelho,2.º quartil,4.05
2023,1500812,São Brás de Alportel,Concelho,1.º quartil,4.05
2023,1C31210,Marvão,Concelho,3.º quartil,4.06
2023,1190314,Vizela,Concelho,2.º quartil,4.07
2023,1920611,Oliveira do Hospital,Concelho,3.º quartil,4.07
2023,11D1807,Moimenta da Beira,Concelho,3.º quartil,4.08
2023,1931002,Alvaiázere,Concelho,3.º quartil,4.08
2023,1C20205,Beja,Concelho,1.º quartil,4.08
2023,11,Norte,NUTS II,1.º quartil,4.09
2023,195,Beira Baixa,NUTS III,2.º quartil,4.09
2023,1960907,Guarda,Concelho,2.º quartil,4.11
2023,1C31207,Elvas,Concelho,2.º quartil,4.11
2023,1D11108,Lourinhã,Concelho,1.º quartil,4.16
2023,1120301,Amares,Concelho,2.º quartil,4.17
2023,1910115,Ovar,Concelho,1.º quartil,4.17
2023,1C20210,Moura,Concelho,2.º quartil,4.17
2023,1D11014,Peniche,Concelho,1.º quartil,4.17
2023,191,Região de Aveiro,NUTS III,1.º quartil,4.18
2023,1931016,Porto de Mós,Concelho,2.º quartil,4.18
2023,2004701,Horta,Concelho,2.º quartil,4.18
2023,1C31213,Ponte de Sor,Concelho,2.º quartil,4.19
2023,11A1318,Trofa,Concelho,1.º quartil,4.21
2023,11C1303,Felgueiras,Concelho,3.º quartil,4.21
2023,1920609,Miranda do Corvo,Concelho,2.º quartil,4.22
2023,1931008,Figueiró dos Vinhos,Concelho,3.º quartil,4.23
2023,1960911,Sabugal,Concelho,3.º quartil,4.24
2023,1920614,Penela,Concelho,2.º quartil,4.26
2023,1960902,Almeida,Concelho,3.º quartil,4.26
2023,11C1311,Penafiel,Concelho,2.º quartil,4.28
2023,1D11011,Nazaré,Concelho,1.º quartil,4.28
2023,1D21420,Vila Nova da Barquinha,Concelho,2.º quartil,4.28
2023,11C0305,Celorico de Basto,Concelho,3.º quartil,4.29
2023,1920111,Mealhada,Concelho,2.º quartil,4.29
2023,1D21401,Abrantes,Concelho,2.º quartil,4.29
2023,1921808,Mortágua,Concelho,3.º quartil,4.3
2023,1950502,Castelo Branco,Concelho,2.º quartil,4.31
2023,1D21411,Ferreira do Zêzere,Concelho,2.º quartil,4.32
2023,1941802,Carregal do Sal,Concelho,3.º quartil,4.33
2023,1D1,Oeste,NUTS III,1.º quartil,4.34
2023,1D31407,Chamusca,Concelho,3.º quartil,4.34
2023,11B1703,Chaves,Concelho,2.º quartil,4.36
2023,2004203,Ponta Delgada,Concelho,1.º quartil,4.36
2023,11A0116,São João da Madeira,Concelho,1.º quartil,4.37
2023,1C20202,Almodôvar,Concelho,2.º quartil,4.37
2023,1111605,Paredes de Coura,Concelho,3.º quartil,4.38
2023,11E0406,Miranda do Douro,Concelho,3.º quartil,4.39
2023,1C1,Alentejo Litoral,NUTS III,1.º quartil,4.39
2023,11A1314,Santo Tirso,Concelho,2.º quartil,4.41
2023,1111608,Valença,Concelho,2.º quartil,4.42
2023,11C1813,Resende,Concelho,3.º quartil,4.42
2023,1920602,Cantanhede,Concelho,2.º quartil,4.42
2023,1C11505,Grândola,Concelho,1.º quartil,4.42
2023,11A0113,Oliveira de Azeméis,Concelho,2.º quartil,4.44
2023,1500803,Aljezur,Concelho,1.º quartil,4.44
2023,1920610,Montemor-o-Velho,Concelho,2.º quartil,4.44
2023,1941809,Nelas,Concelho,3.º quartil,4.44
2023,1D21410,Entroncamento,Concelho,1.º quartil,4.44
2023,1C31202,Arronches,Concelho,3.º quartil,4.46
2023,1920617,Vila Nova de Poiares,Concelho,3.º quartil,4.48
2023,1190307,Fafe,Concelho,3.º quartil,4.49
2023,11E0407,Mirandela,Concelho,3.º quartil,4.49
2023,11C1804,Cinfães,Concelho,3.º quartil,4.5
2023,1D11104,Cadaval,Concelho,2.º quartil,4.5
2023,1D31404,Alpiarça,Concelho,3.º quartil,4.5
2023,1111606,Ponte da Barca,Concelho,3.º quartil,4.51
2023,1931009,Leiria,Concelho,1.º quartil,4.52
2023,2004602,Madalena,Concelho,2.º quartil,4.52
2023,3003107,Ribeira Brava,Concelho,1.º quartil,4.52
2023,11A1316,Vila do Conde,Concelho,1.º quartil,4.55
2023,11D1701,Alijó,Concelho,3.º quartil,4.55
2023,1D11005,Bombarral,Concelho,2.º quartil,4.55
2023,1190304,Cabeceiras de Basto,Concelho,3.º quartil,4.56
2023,1941803,Castro Daire,Concelho,3.º quartil,4.56
2023,1D31409,Coruche,Concelho,2.º quartil,4.58
2023,1920616,Tábua,Concelho,3.º quartil,4.59
2023,112,Cávado,NUTS III,1.º quartil,4.6
2023,1120313,Vila Verde,Concelho,2.º quartil,4.6
2023,2004205,Ribeira Grande,Concelho,2.º quartil,4.6
2023,1941821,Tondela,Concelho,2.º quartil,4.61
2023,11A0104,Arouca,Concelho,2.º quartil,4.62
2023,11C1305,Lousada,Concelho,3.º quartil,4.62
2023,1960912,Seia,Concelho,3.º quartil,4.62
2023,1120306,Esposende,Concelho,1.º quartil,4.63
2023,11B1713,Vila Pouca de Aguiar,Concelho,3.º quartil,4.63
2023,11C0106,Castelo de Paiva,Concelho,3.º quartil,4.63
2023,1C40705,Évora,Concelho,1.º quartil,4.63
2023,1C11501,Alcácer do Sal,Concelho,1.º quartil,4.64
2023,2004301,Angra do Heroísmo,Concelho,2.º quartil,4.64
2023,11D1805,Lamego,Concelho,3.º quartil,4.65
2023,1500809,Monchique,Concelho,2.º quartil,4.65
2023,1941824,Vouzela,Concelho,3.º quartil,4.65
2023,1C40712,Vendas Novas,Concelho,2.º quartil,4.65
2023,1C40710,Redondo,Concelho,3.º quartil,4.66
2023,1D31103,Azambuja,Concelho,1.º quartil,4.66
2023,1D31405,Benavente,Concelho,1.º quartil,4.68
2023,119,Ave,NUTS III,2.º quartil,4.69
2023,11E,Terras de Trás-os-Montes,NUTS III,3.º quartil,4.69
2023,1931015,Pombal,Concelho,2.º quartil,4.69
2023,1C40714,Vila Viçosa,Concelho,3.º quartil,4.69
2023,1D31414,Rio Maior,Concelho,2.º quartil,4.69
2023,1C11509,Santiago do Cacém,Concelho,1.º quartil,4.7
2023,1C20208,Ferreira do Alentejo,Concelho,3.º quartil,4.7
2023,1C2,Baixo Alentejo,NUTS III,2.º quartil,4.71
2023,1960503,Covilhã,Concelho,2.º quartil,4.72
2023,1C,Alentejo,NUTS II,2.º quartil,4.72
2023,1D11101,Alenquer,Concelho,1.º quartil,4.72
2023,3003201,Porto Santo,Concelho,1.º quartil,4.72
2023,1D11006,Caldas da Rainha,Concelho,1.º quartil,4.73
2023,PT,Portugal,Nacional,1.º quartil,4.73
2023,1,Continente,NUTS I,1.º quartil,4.74
2023,1941814,Santa Comba Dão,Concelho,3.º quartil,4.75
2023,1920605,Figueira da Foz,Concelho,1.º quartil,4.76
2023,194,Viseu Dão Lafões,NUTS III,2.º quartil,4.76
2023,1C40706,Montemor-o-Novo,Concelho,2.º quartil,4.77
2023,11A1310,Paredes,Concelho,2.º quartil,4.78
2023,1111604,Monção,Concelho,2.º quartil,4.79
2023,1111609,Viana do Castelo,Concelho,1.º quartil,4.79
2023,1C40702,Arraiolos,Concelho,2.º quartil,4.8
2023,1D31415,Salvaterra de Magos,Concelho,2.º quartil,4.82
2023,1910117,Sever do Vouga,Concelho,3.º quartil,4.83
2023,1D21419,Torres Novas,Concelho,2.º quartil,4.85
2023,1960504,Fundão,Concelho,3.º quartil,4.86
2023,1941806,Mangualde,Concelho,3.º quartil,4.87
2023,1D11102,Arruda dos Vinhos,Concelho,1.º quartil,4.87
2023,2004502,Velas,Concelho,2.º quartil,4.88
2023,1910110,Ílhavo,Concelho,1.º quartil,4.9
2023,1950509,Sertã,Concelho,3.º quartil,4.9
2023,1500810,Olhão,Concelho,1.º quartil,4.91
2023,1920604,Condeixa-a-Nova,Concelho,2.º quartil,4.93
2023,1D21402,Alcanena,Concelho,3.º quartil,4.93
2023,1111602,Caminha,Concelho,2.º quartil,4.94
2023,1D2,Médio Tejo,NUTS III,2.º quartil,4.94
2023,1910103,Anadia,Concelho,2.º quartil,4.96
2023,1910114,Oliveira do Bairro,Concelho,2.º quartil,4.96
2023,1920613,Penacova,Concelho,3.º quartil,4.96
2023,1C4,Alentejo Central,NUTS III,2.º quartil,4.97
2023,1111607,Ponte de Lima,Concelho,2.º quartil,4.98
2023,1111610,Vila Nova de Cerveira,Concelho,3.º quartil,5
2023,1190309,Póvoa de Lanhoso,Concelho,3.º quartil,5
2023,11C,Tâmega e Sousa,NUTS III,3.º quartil,5
2023,11C1301,Amarante,Concelho,3.º quartil,5
2023,11C1307,Marco de Canaveses,Concelho,3.º quartil,5
2023,1910108,Estarreja,Concelho,2.º quartil,5
2023,1920607,Lousã,Concelho,3.º quartil,5
2023,1931010,Marinha Grande,Concelho,2.º quartil,5
2023,1941816,São Pedro do Sul,Concelho,2.º quartil,5
2023,1950511,Vila Velha de Ródão,Concelho,3.º quartil,5
2023,1D31406,Cartaxo,Concelho,2.º quartil,5
2023,2004201,Lagoa (R.A.A.),Concelho,2.º quartil,5
2023,1910112,Murtosa,Concelho,2.º quartil,5.02
2023,1D11113,Torres Vedras,Concelho,1.º quartil,5.02
2023,1931003,Ansião,Concelho,3.º quartil,5.04
2023,1D31412,Golegã,Concelho,3.º quartil,5.04
2023,1111601,Arcos de Valdevez,Concelho,3.º quartil,5.06
2023,1190308,Guimarães,Concelho,2.º quartil,5.06
2023,11A0109,Santa Maria da Feira,Concelho,2.º quartil,5.06
2023,11D1708,Peso da Régua,Concelho,3.º quartil,5.06
2023,11D1714,Vila Real,Concelho,2.º quartil,5.06
2023,1C20210,Moura,Concelho,3.º quartil,5.07
2023,1920614,Penela,Concelho,3.º quartil,5.08
2023,1D21411,Ferreira do Zêzere,Concelho,3.º quartil,5.08
2023,1910101,Águeda,Concelho,2.º quartil,5.09
2023,1910102,Albergaria-a-Velha,Concelho,2.º quartil,5.09
2023,1190312,Vila Nova de Famalicão,Concelho,2.º quartil,5.1
2023,11A1304,Gondomar,Concelho,1.º quartil,5.1
2023,11A1313,Póvoa de Varzim,Concelho,1.º quartil,5.1
2023,1C20201,Aljustrel,Concelho,2.º quartil,5.11
2023,1C3,Alto Alentejo,NUTS III,3.º quartil,5.11
2023,1120302,Barcelos,Concelho,2.º quartil,5.14
2023,1920601,Arganil,Concelho,3.º quartil,5.14
2023,1500813,Silves,Concelho,1.º quartil,5.15
2023,2,Região Autónoma dos Açores,NUTS I,2.º quartil,5.15
2023,20,Região Autónoma dos Açores,NUTS II,2.º quartil,5.15
2023,200,Região Autónoma dos Açores,NUTS III,2.º quartil,5.15
2023,1950508,Proença-a-Nova,Concelho,3.º quartil,5.16
2023,11A0119,Vale de Cambra,Concelho,2.º quartil,5.17
2023,1C40711,Reguengos de Monsaraz,Concelho,3.º quartil,5.17
2023,1111603,Melgaço,Concelho,3.º quartil,5.19
2023,1C20213,Serpa,Concelho,2.º quartil,5.2
2023,1C40704,Estremoz,Concelho,3.º quartil,5.21
2023,11C1309,Paços de Ferreira,Concelho,3.º quartil,5.22
2023,1D31403,Almeirim,Concelho,2.º quartil,5.23
2023,19,Centro,NUTS II,2.º quartil,5.26
2023,1D3,Lezíria do Tejo,NUTS III,2.º quartil,5.26
2023,1C31214,Portalegre,Concelho,3.º quartil,5.28
2023,1931004,Batalha,Concelho,2.º quartil,5.31
2023,1941810,Oliveira de Frades,Concelho,3.º quartil,5.33
2023,111,Alto Minho,NUTS III,2.º quartil,5.35
2023,11B,Alto Tâmega e Barroso,NUTS III,3.º quartil,5.35
2023,1120303,Braga,Concelho,1.º quartil,5.36
2023,1190311,Vieira do Minho,Concelho,3.º quartil,5.38
2023,196,Beiras e Serra da Estrela,NUTS III,3.º quartil,5.38
2023,1960907,Guarda,Concelho,3.º quartil,5.38
2023,3003101,Calheta (R.A.M.),Concelho,2.º quartil,5.38
2023,11A1315,Valongo,Concelho,1.º quartil,5.4
2023,1910118,Vagos,Concelho,2.º quartil,5.42
2023,1920603,Coimbra,Concelho,1.º quartil,5.42
2023,1920609,Miranda do Corvo,Concelho,3.º quartil,5.43
2023,1C20206,Castro Verde,Concelho,2.º quartil,5.43
2023,1920111,Mealhada,Concelho,3.º quartil,5.45
2023,11A0116,São João da Madeira,Concelho,2.º quartil,5.46
2023,1941823,Viseu,Concelho,2.º quartil,5.46
2023,195,Beira Baixa,NUTS III,3.º quartil,5.46
2023,11A,Área Metropolitana do Porto,NUTS III,1.º quartil,5.47
2023,1500815,Vila do Bispo,Concelho,1.º quartil,5.47
2023,1500804,Castro Marim,Concelho,1.º quartil,5.49
2023,1D11001,Alcobaça,Concelho,2.º quartil,5.49
2023,1D11104,Cadaval,Concelho,3.º quartil,5.49
2023,1920615,Soure,Concelho,3.º quartil,5.5
2023,1D21421,Ourém,Concelho,2.º quartil,5.5
2023,193,Região de Leiria,NUTS III,2.º quartil,5.53
2023,1B01508,Palmela,Concelho,1.º quartil,5.53
2023,1920608,Mira,Concelho,3.º quartil,5.54
2023,1D21418,Tomar,Concelho,2.º quartil,5.55
2023,11A0107,Espinho,Concelho,1.º quartil,5.56
2023,11D,Douro,NUTS III,3.º quartil,5.56
2023,11E0402,Bragança,Concelho,3.º quartil,5.56
2023,1500806,Lagoa,Concelho,1.º quartil,5.56
2023,1D21401,Abrantes,Concelho,3.º quartil,5.56
2023,1D21410,Entroncamento,Concelho,2.º quartil,5.56
2023,1B01511,Sesimbra,Concelho,1.º quartil,5.58
2023,1D,Oeste e Vale do Tejo,NUTS II,2.º quartil,5.59
2023,1500805,Faro,Concelho,1.º quartil,5.62
2023,1C20205,Beja,Concelho,2.º quartil,5.63
2023,3003201,Porto Santo,Concelho,2.º quartil,5.63
2023,11A1318,Trofa,Concelho,2.º quartil,5.67
2023,1941821,Tondela,Concelho,3.º quartil,5.67
2023,1910105,Aveiro,Concelho,1.º quartil,5.68
2023,1920602,Cantanhede,Concelho,3.º quartil,5.68
2023,1C10211,Odemira,Concelho,2.º quartil,5.68
2023,1C31207,Elvas,Concelho,3.º quartil,5.7
2023,11B1703,Chaves,Concelho,3.º quartil,5.71
2023,1910115,Ovar,Concelho,2.º quartil,5.71
2023,1950502,Castelo Branco,Concelho,3.º quartil,5.72
2023,1C31213,Ponte de Sor,Concelho,3.º quartil,5.73
2023,11A1306,Maia,Concelho,1.º quartil,5.74
2023,1D31416,Santarém,Concelho,2.º quartil,5.75
2023,1500816,Vila Real de Santo António,Concelho,1.º quartil,5.76
2023,1190314,Vizela,Concelho,3.º quartil,5.77
2023,1D11108,Lourinhã,Concelho,2.º quartil,5.78
2023,2004302,Vila da Praia da Vitória,Concelho,2.º quartil,5.8
2023,11A0113,Oliveira de Azeméis,Concelho,3.º quartil,5.82
2023,1500809,Monchique,Concelho,3.º quartil,5.83
2023,1931016,Porto de Mós,Concelho,3.º quartil,5.83
2023,1D11112,Sobral de Monte Agraço,Concelho,2.º quartil,5.83
2023,1D31405,Benavente,Concelho,2.º quartil,5.83
2023,2004205,Ribeira Grande,Concelho,3.º quartil,5.84
2023,2004602,Madalena,Concelho,3.º quartil,5.89
2023,15,Algarve,NUTS II,1.º quartil,5.92
2023,150,Algarve,NUTS III,1.º quartil,5.92
2023,1931015,Pombal,Concelho,3.º quartil,5.95
2023,1B01506,Moita,Concelho,1.º quartil,5.95
2023,2004502,Velas,Concelho,3.º quartil,5.95
2023,3003102,Câmara de Lobos,Concelho,2.º quartil,5.95
2023,1120301,Amares,Concelho,3.º quartil,5.96
2023,1120313,Vila Verde,Concelho,3.º quartil,5.98
2023,192,Região de Coimbra,NUTS III,2.º quartil,5.98
2023,1D31409,Coruche,Concelho,3.º quartil,5.99
2023,11C1311,Penafiel,Concelho,3.º quartil,6
2023,1D11014,Peniche,Concelho,2.º quartil,6
2023,1920610,Montemor-o-Velho,Concelho,3.º quartil,6.05
2023,1B01502,Alcochete,Concelho,1.º quartil,6.05
2023,1D31414,Rio Maior,Concelho,3.º quartil,6.06
2023,3,Região Autónoma da Madeira,NUTS I,1.º quartil,6.07
2023,30,Região Autónoma da Madeira,NUTS II,1.º quartil,6.07
2023,300,Região Autónoma da Madeira,NUTS III,1.º quartil,6.07
2023,191,Região de Aveiro,NUTS III,2.º quartil,6.11
2023,1D31415,Salvaterra de Magos,Concelho,3.º quartil,6.11
2023,1D31406,Cartaxo,Concelho,3.º quartil,6.13
2023,1D21420,Vila Nova da Barquinha,Concelho,3.º quartil,6.14
2023,11A0104,Arouca,Concelho,3.º quartil,6.18
2023,1500812,São Brás de Alportel,Concelho,2.º quartil,6.18
2023,3003107,Ribeira Brava,Concelho,2.º quartil,6.2
2023,1D31103,Azambuja,Concelho,2.º quartil,6.21
2023,11A1314,Santo Tirso,Concelho,3.º quartil,6.25
2023,1C20202,Almodôvar,Concelho,3.º quartil,6.25
2023,1D1,Oeste,NUTS III,2.º quartil,6.25
2023,1D11012,Óbidos,Concelho,2.º quartil,6.25
2023,2004301,Angra do Heroísmo,Concelho,3.º quartil,6.26
2023,11A1317,Vila Nova de Gaia,Concelho,1.º quartil,6.28
2023,1920604,Condeixa-a-Nova,Concelho,3.º quartil,6.28
2023,1111609,Viana do Castelo,Concelho,2.º quartil,6.29
2023,1500807,Lagos,Concelho,1.º quartil,6.29
2023,1D11005,Bombarral,Concelho,3.º quartil,6.29
2023,1D21419,Torres Novas,Concelho,3.º quartil,6.29
2023,1B01507,Montijo,Concelho,1.º quartil,6.31
2023,3003108,Santa Cruz,Concelho,1.º quartil,6.31
2023,1910114,Oliveira do Bairro,Concelho,3.º quartil,6.37
2023,1C2,Baixo Alentejo,NUTS III,3.º quartil,6.37
2023,11A1310,Paredes,Concelho,3.º quartil,6.38
2023,1941816,São Pedro do Sul,Concelho,3.º quartil,6.38
2023,11A0109,Santa Maria da Feira,Concelho,3.º quartil,6.39
2023,1920605,Figueira da Foz,Concelho,2.º quartil,6.39
2023,1931009,Leiria,Concelho,2.º quartil,6.4
2023,1910101,Águeda,Concelho,3.º quartil,6.41
2023,1A01109,Mafra,Concelho,1.º quartil,6.41
2023,194,Viseu Dão Lafões,NUTS III,3.º quartil,6.42
2023,2004203,Ponta Delgada,Concelho,2.º quartil,6.42
2023,1500801,Albufeira,Concelho,1.º quartil,6.44
2023,1D11101,Alenquer,Concelho,2.º quartil,6.44
2023,1111602,Caminha,Concelho,3.º quartil,6.45
2023,1111607,Ponte de Lima,Concelho,3.º quartil,6.45
2023,11A0119,Vale de Cambra,Concelho,3.º quartil,6.45
2023,2004701,Horta,Concelho,3.º quartil,6.45
2023,1931010,Marinha Grande,Concelho,3.º quartil,6.47
2023,1D2,Médio Tejo,NUTS III,3.º quartil,6.47
2023,11,Norte,NUTS II,2.º quartil,6.48
2023,1111608,Valença,Concelho,3.º quartil,6.49
2023,1910102,Albergaria-a-Velha,Concelho,3.º quartil,6.5
2023,1D11102,Arruda dos Vinhos,Concelho,2.º quartil,6.51
2023,1500811,Portimão,Concelho,1.º quartil,6.52
2023,1D11006,Caldas da Rainha,Concelho,2.º quartil,6.54
2023,1500814,Tavira,Concelho,1.º quartil,6.55
2023,1910112,Murtosa,Concelho,3.º quartil,6.55
2023,1C40712,Vendas Novas,Concelho,3.º quartil,6.55
2023,1D31403,Almeirim,Concelho,3.º quartil,6.55
2023,1B01512,Setúbal,Concelho,1.º quartil,6.57
2023,1500808,Loulé,Concelho,1.º quartil,6.58
2023,1B,Península de Setúbal,NUTS II,1.º quartil,6.58
2023,1B0,Península de Setúbal,NUTS III,1.º quartil,6.58
2023,112,Cávado,NUTS III,2.º quartil,6.59
2023,11A0116,São João da Madeira,Concelho,3.º quartil,6.59
2023,1500803,Aljezur,Concelho,2.º quartil,6.61
2023,1120306,Esposende,Concelho,2.º quartil,6.64
2023,3003104,Machico,Concelho,2.º quartil,6.64
2023,1960503,Covilhã,Concelho,3.º quartil,6.65
2023,119,Ave,NUTS III,3.º quartil,6.67
2023,11A1316,Vila do Conde,Concelho,2.º quartil,6.67
2023,1C40706,Montemor-o-Novo,Concelho,3.º quartil,6.67
2023,1D21410,Entroncamento,Concelho,3.º quartil,6.7
2023,1C11513,Sines,Concelho,1.º quartil,6.76
2023,1C20201,Aljustrel,Concelho,3.º quartil,6.78
2023,1A01114,Vila Franca de Xira,Concelho,1.º quartil,6.79
2023,1B01504,Barreiro,Concelho,1.º quartil,6.82
2023,1B01510,Seixal,Concelho,1.º quartil,6.82
2023,1C1,Alentejo Litoral,NUTS III,2.º quartil,6.82
2023,1C11509,Santiago do Cacém,Concelho,2.º quartil,6.82
2023,2004201,Lagoa (R.A.A.),Concelho,3.º quartil,6.84
2023,1190312,Vila Nova de Famalicão,Concelho,3.º quartil,6.88
2023,1910108,Estarreja,Concelho,3.º quartil,6.88
2023,11D1714,Vila Real,Concelho,3.º quartil,6.91
2023,1A01111,Sintra,Concelho,1.º quartil,6.92
2023,11A1313,Póvoa de Varzim,Concelho,2.º quartil,6.93
2023,1D11113,Torres Vedras,Concelho,2.º quartil,6.93
2023,1910103,Anadia,Concelho,3.º quartil,6.94
2023,1500810,Olhão,Concelho,2.º quartil,6.95
2023,1D3,Lezíria do Tejo,NUTS III,3.º quartil,6.95
2023,1D21418,Tomar,Concelho,3.º quartil,6.97
2023,1D21421,Ourém,Concelho,3.º quartil,6.98
2023,11A1315,Valongo,Concelho,2.º quartil,6.99
2023,1120302,Barcelos,Concelho,3.º quartil,7
2023,11A1304,Gondomar,Concelho,2.º quartil,7
2023,1D11112,Sobral de Monte Agraço,Concelho,3.º quartil,7
2023,1A01107,Loures,Concelho,1.º quartil,7.03
2023,1910110,Ílhavo,Concelho,2.º quartil,7.04
2023,1C20205,Beja,Concelho,3.º quartil,7.04
2023,1910118,Vagos,Concelho,3.º quartil,7.07
2023,1931004,Batalha,Concelho,3.º quartil,7.08
2023,1C20213,Serpa,Concelho,3.º quartil,7.1
2023,1C,Alentejo,NUTS II,3.º quartil,7.12
2023,1111604,Monção,Concelho,3.º quartil,7.14
2023,1941823,Viseu,Concelho,3.º quartil,7.14
2023,1C11505,Grândola,Concelho,2.º quartil,7.15
2023,111,Alto Minho,NUTS III,3.º quartil,7.18
2023,1D11011,Nazaré,Concelho,2.º quartil,7.18
2023,2,Região Autónoma dos Açores,NUTS I,3.º quartil,7.21
2023,20,Região Autónoma dos Açores,NUTS II,3.º quartil,7.21
2023,200,Região Autónoma dos Açores,NUTS III,3.º quartil,7.21
2023,1120303,Braga,Concelho,2.º quartil,7.22
2023,1C11501,Alcácer do Sal,Concelho,2.º quartil,7.3
2023,1C40705,Évora,Concelho,2.º quartil,7.3
2023,1A01116,Odivelas,Concelho,1.º quartil,7.32
2023,11A1308,Matosinhos,Concelho,1.º quartil,7.35
2023,1190308,Guimarães,Concelho,3.º quartil,7.39
2023,3003103,Funchal,Concelho,1.º quartil,7.42
2023,1D11001,Alcobaça,Concelho,3.º quartil,7.44
2023,1D31416,Santarém,Concelho,3.º quartil,7.44
2023,1B01508,Palmela,Concelho,2.º quartil,7.46
2023,1D,Oeste e Vale do Tejo,NUTS II,3.º quartil,7.5
2023,1C40702,Arraiolos,Concelho,3.º quartil,7.53
2023,1500813,Silves,Concelho,2.º quartil,7.54
2023,1500806,Lagoa,Concelho,2.º quartil,7.55
2023,19,Centro,NUTS II,3.º quartil,7.58
2023,1C4,Alentejo Central,NUTS III,3.º quartil,7.59
2023,1910115,Ovar,Concelho,3.º quartil,7.6
2023,11A1318,Trofa,Concelho,3.º quartil,7.62
2023,1500815,Vila do Bispo,Concelho,2.º quartil,7.62
2023,193,Região de Leiria,NUTS III,3.º quartil,7.62
2023,1C20206,Castro Verde,Concelho,3.º quartil,7.62
2023,PT,Portugal,Nacional,2.º quartil,7.62
2023,1,Continente,NUTS I,2.º quartil,7.64
2023,11A0107,Espinho,Concelho,2.º quartil,7.65
2023,1920603,Coimbra,Concelho,2.º quartil,7.65
2023,1B01511,Sesimbra,Concelho,2.º quartil,7.66
2023,1500812,São Brás de Alportel,Concelho,3.º quartil,7.73
2023,1D11102,Arruda dos Vinhos,Concelho,3.º quartil,7.73
2023,1D31405,Benavente,Concelho,3.º quartil,7.74
2023,1B01503,Almada,Concelho,1.º quartil,7.77
2023,1111609,Viana do Castelo,Concelho,3.º quartil,7.78
2023,11A1306,Maia,Concelho,2.º quartil,7.78
2023,1D11108,Lourinhã,Concelho,3.º quartil,7.87
2023,1B01506,Moita,Concelho,2.º quartil,7.89
2023,1500805,Faro,Concelho,2.º quartil,8.02
2023,1D31103,Azambuja,Concelho,3.º quartil,8.05
2023,1B01502,Alcochete,Concelho,2.º quartil,8.06
2023,3003108,Santa Cruz,Concelho,2.º quartil,8.07
2023,1A01115,Amadora,Concelho,1.º quartil,8.08
2023,3003107,Ribeira Brava,Concelho,3.º quartil,8.09
2023,1D11014,Peniche,Concelho,3.º quartil,8.13
2023,1910105,Aveiro,Concelho,2.º quartil,8.16
2023,2004302,Vila da Praia da Vitória,Concelho,3.º quartil,8.18
2023,11A,Área Metropolitana do Porto,NUTS III,2.º quartil,8.21
2023,1C10211,Odemira,Concelho,3.º quartil,8.21
2023,1D1,Oeste,NUTS III,3.º quartil,8.28
2023,2004203,Ponta Delgada,Concelho,3.º quartil,8.31
2023,1920605,Figueira da Foz,Concelho,3.º quartil,8.33
2023,1D11101,Alenquer,Concelho,3.º quartil,8.33
2023,3003201,Porto Santo,Concelho,3.º quartil,8.35
2023,1B01507,Montijo,Concelho,2.º quartil,8.37
2023,11A1315,Valongo,Concelho,3.º quartil,8.42
2023,1D11006,Caldas da Rainha,Concelho,3.º quartil,8.42
2023,1120306,Esposende,Concelho,3.º quartil,8.44
2023,3003102,Câmara de Lobos,Concelho,3.º quartil,8.46
2023,1931009,Leiria,Concelho,3.º quartil,8.47
2023,1500804,Castro Marim,Concelho,2.º quartil,8.48
2023,192,Região de Coimbra,NUTS III,3.º quartil,8.49
2023,1500816,Vila Real de Santo António,Concelho,2.º quartil,8.54
2023,11A1317,Vila Nova de Gaia,Concelho,2.º quartil,8.57
2023,1A,Grande Lisboa,NUTS II,1.º quartil,8.59
2023,1A0,Grande Lisboa,NUTS III,1.º quartil,8.59
2023,191,Região de Aveiro,NUTS III,3.º quartil,8.6
2023,15,Algarve,NUTS II,2.º quartil,8.61
2023,150,Algarve,NUTS III,2.º quartil,8.61
2023,11A1312,Porto,Concelho,1.º quartil,8.62
2023,112,Cávado,NUTS III,3.º quartil,8.71
2023,11A1316,Vila do Conde,Concelho,3.º quartil,8.73
2023,1A01109,Mafra,Concelho,2.º quartil,8.74
2023,1A01114,Vila Franca de Xira,Concelho,2.º quartil,8.81
2023,1D11113,Torres Vedras,Concelho,3.º quartil,8.85
2023,1B01510,Seixal,Concelho,2.º quartil,8.86
2023,3003104,Machico,Concelho,3.º quartil,8.89
2023,1B01504,Barreiro,Concelho,2.º quartil,8.92
2023,1B,Península de Setúbal,NUTS II,2.º quartil,8.93
2023,1B0,Península de Setúbal,NUTS III,2.º quartil,8.93
2023,1B01512,Setúbal,Concelho,2.º quartil,8.94
2023,1500810,Olhão,Concelho,3.º quartil,8.96
2023,1500811,Portimão,Concelho,2.º quartil,8.97
2023,11A1304,Gondomar,Concelho,3.º quartil,9.02
2023,1C11509,Santiago do Cacém,Concelho,3.º quartil,9.09
2023,1500801,Albufeira,Concelho,2.º quartil,9.13
2023,3,Região Autónoma da Madeira,NUTS I,2.º quartil,9.16
2023,30,Região Autónoma da Madeira,NUTS II,2.º quartil,9.16
2023,300,Região Autónoma da Madeira,NUTS III,2.º quartil,9.16
2023,1A01111,Sintra,Concelho,2.º quartil,9.17
2023,11A1313,Póvoa de Varzim,Concelho,3.º quartil,9.23
2023,1120303,Braga,Concelho,3.º quartil,9.32
2023,1500814,Tavira,Concelho,2.º quartil,9.33
2023,1910110,Ílhavo,Concelho,3.º quartil,9.44
2023,1500815,Vila do Bispo,Concelho,3.º quartil,9.52
2023,1500807,Lagos,Concelho,2.º quartil,9.55
2023,1B01508,Palmela,Concelho,3.º quartil,9.64
2023,11,Norte,NUTS II,3.º quartil,9.68
2023,11A1306,Maia,Concelho,3.º quartil,9.69
2023,3003108,Santa Cruz,Concelho,3.º quartil,9.69
2023,1A01107,Loures,Concelho,2.º quartil,9.74
2023,11A0107,Espinho,Concelho,3.º quartil,9.83
2023,3003101,Calheta (R.A.M.),Concelho,3.º quartil,9.87
2023,1B01511,Sesimbra,Concelho,3.º quartil,9.89
2023,1A01110,Oeiras,Concelho,1.º quartil,9.9
2023,1C1,Alentejo Litoral,NUTS III,3.º quartil,9.9
2023,1C11513,Sines,Concelho,2.º quartil,9.92
2023,1500808,Loulé,Concelho,2.º quartil,9.93
2023,1D11012,Óbidos,Concelho,3.º quartil,9.93
2023,1920603,Coimbra,Concelho,3.º quartil,9.98
2023,1A01105,Cascais,Concelho,1.º quartil,10
2023,1B01506,Moita,Concelho,3.º quartil,10.07
2023,1C40705,Évora,Concelho,3.º quartil,10.18
2023,1C11505,Grândola,Concelho,3.º quartil,10.24
2023,1A01116,Odivelas,Concelho,2.º quartil,10.27
2023,1500813,Silves,Concelho,3.º quartil,10.28
2023,1D11011,Nazaré,Concelho,3.º quartil,10.28
2023,1C11501,Alcácer do Sal,Concelho,3.º quartil,10.31
2023,11A1308,Matosinhos,Concelho,2.º quartil,10.36
2023,1500816,Vila Real de Santo António,Concelho,3.º quartil,10.47
2023,3003103,Funchal,Concelho,2.º quartil,10.56
2023,1B01507,Montijo,Concelho,3.º quartil,10.64
2023,1B01503,Almada,Concelho,2.º quartil,10.7
2023,1A01115,Amadora,Concelho,2.º quartil,10.74
2023,1B01502,Alcochete,Concelho,3.º quartil,10.82
2023,1500803,Aljezur,Concelho,3.º quartil,10.85
2023,1500805,Faro,Concelho,3.º quartil,10.87
2023,1500804,Castro Marim,Concelho,3.º quartil,10.99
2023,1500806,Lagoa,Concelho,3.º quartil,11.02
2023,1B01510,Seixal,Concelho,3.º quartil,11.02
2023,1A01114,Vila Franca de Xira,Concelho,3.º quartil,11.08
2023,1B01504,Barreiro,Concelho,3.º quartil,11.17
2023,11A1317,Vila Nova de Gaia,Concelho,3.º quartil,11.22
2023,1B01512,Setúbal,Concelho,3.º quartil,11.25
2023,1A01106,Lisboa,Concelho,1.º quartil,11.34
2023,1A01111,Sintra,Concelho,3.º quartil,11.38
2023,1910105,Aveiro,Concelho,3.º quartil,11.43
2023,1A01109,Mafra,Concelho,3.º quartil,11.47
2023,1B,Península de Setúbal,NUTS II,3.º quartil,11.56
2023,1B0,Península de Setúbal,NUTS III,3.º quartil,11.56
2023,1500814,Tavira,Concelho,3.º quartil,11.58
2023,PT,Portugal,Nacional,3.º quartil,11.67
2023,1,Continente,NUTS I,3.º quartil,11.68
2023,15,Algarve,NUTS II,3.º quartil,11.68
2023,150,Algarve,NUTS III,3.º quartil,11.68
2023,1500811,Portimão,Concelho,3.º quartil,11.71
2023,11A,Área Metropolitana do Porto,NUTS III,3.º quartil,11.9
2023,1500801,Albufeira,Concelho,3.º quartil,12
2023,1A,Grande Lisboa,NUTS II,2.º quartil,12.15
2023,1A0,Grande Lisboa,NUTS III,2.º quartil,12.15
2023,11A1312,Porto,Concelho,2.º quartil,12.21
2023,3,Região Autónoma da Madeira,NUTS I,3.º quartil,12.66
2023,30,Região Autónoma da Madeira,NUTS II,3.º quartil,12.66
2023,300,Região Autónoma da Madeira,NUTS III,3.º quartil,12.66
2023,1A01107,Loures,Concelho,3.º quartil,12.73
2023,1A01110,Oeiras,Concelho,2.º quartil,13.1
2023,1A01116,Odivelas,Concelho,3.º quartil,13.16
2023,1A01115,Amadora,Concelho,3.º quartil,13.45
2023,1500807,Lagos,Concelho,3.º quartil,13.67
2023,1C11513,Sines,Concelho,3.º quartil,13.8
2023,3003103,Funchal,Concelho,3.º quartil,13.85
2023,1B01503,Almada,Concelho,3.º quartil,13.86
2023,11A1308,Matosinhos,Concelho,3.º quartil,13.92
2023,1500808,Loulé,Concelho,3.º quartil,13.94
2023,1A01105,Cascais,Concelho,2.º quartil,14.58
2023,1A01106,Lisboa,Concelho,2.º quartil,15.38
2023,11A1312,Porto,Concelho,3.º quartil,16.32
2023,1A01110,Oeiras,Concelho,3.º quartil,16.56
2023,1A,Grande Lisboa,NUTS II,3.º quartil,16.75
2023,1A0,Grande Lisboa,NUTS III,3.º quartil,16.75
2023,1A01105,Cascais,Concelho,3.º quartil,19.68
2023,1A01106,Lisboa,Concelho,3.º quartil,20.23
2023,1120310,Terras de Bouro,Concelho,1.º quartil,
2023,1120310,Terras de Bouro,Concelho,2.º quartil,
2023,1120310,Terras de Bouro,Concelho,3.º quartil,
2023,1191705,Mondim de Basto,Concelho,1.º quartil,
2023,1191705,Mondim de Basto,Concelho,2.º quartil,
2023,1191705,Mondim de Basto,Concelho,3.º quartil,
2023,11B1702,Boticas,Concelho,1.º quartil,
2023,11B1702,Boticas,Concelho,2.º quartil,
2023,11B1702,Boticas,Concelho,3.º quartil,
2023,11B1706,Montalegre,Concelho,1.º quartil,
2023,11B1706,Montalegre,Concelho,2.º quartil,
2023,11B1706,Montalegre,Concelho,3.º quartil,
2023,11B1709,Ribeira de Pena,Concelho,1.º quartil,
2023,11B1709,Ribeira de Pena,Concelho,2.º quartil,
2023,11B1709,Ribeira de Pena,Concelho,3.º quartil,
2023,11D0403,Carrazeda de Ansiães,Concelho,1.º quartil,
2023,11D0403,Carrazeda de Ansiães,Concelho,2.º quartil,
2023,11D0403,Carrazeda de Ansiães,Concelho,3.º quartil,
2023,11D0404,Freixo de Espada à Cinta,Concelho,1.º quartil,
2023,11D0404,Freixo de Espada à Cinta,Concelho,2.º quartil,
2023,11D0404,Freixo de Espada à Cinta,Concelho,3.º quartil,
2023,11D1704,Mesão Frio,Concelho,1.º quartil,
2023,11D1704,Mesão Frio,Concelho,2.º quartil,
2023,11D1704,Mesão Frio,Concelho,3.º quartil,
2023,11D1707,Murça,Concelho,1.º quartil,
2023,11D1707,Murça,Concelho,2.º quartil,
2023,11D1707,Murça,Concelho,3.º quartil,
2023,11D1710,Sabrosa,Concelho,1.º quartil,
2023,11D1710,Sabrosa,Concelho,2.º quartil,
2023,11D1710,Sabrosa,Concelho,3.º quartil,
2023,11D1711,Santa Marta de Penaguião,Concelho,1.º quartil,
2023,11D1711,Santa Marta de Penaguião,Concelho,2.º quartil,
2023,11D1711,Santa Marta de Penaguião,Concelho,3.º quartil,
2023,11D1801,Armamar,Concelho,1.º quartil,
2023,11D1801,Armamar,Concelho,2.º quartil,
2023,11D1801,Armamar,Concelho,3.º quartil,
2023,11D1812,Penedono,Concelho,1.º quartil,
2023,11D1812,Penedono,Concelho,2.º quartil,
2023,11D1812,Penedono,Concelho,3.º quartil,
2023,11D1815,São João da Pesqueira,Concelho,1.º quartil,
2023,11D1815,São João da Pesqueira,Concelho,2.º quartil,
2023,11D1815,São João da Pesqueira,Concelho,3.º quartil,
2023,11D1818,Sernancelhe,Concelho,1.º quartil,
2023,11D1818,Sernancelhe,Concelho,2.º quartil,
2023,11D1818,Sernancelhe,Concelho,3.º quartil,
2023,11D1819,Tabuaço,Concelho,1.º quartil,
2023,11D1819,Tabuaço,Concelho,2.º quartil,
2023,11D1819,Tabuaço,Concelho,3.º quartil,
2023,11E0401,Alfândega da Fé,Concelho,1.º quartil,
2023,11E0401,Alfândega da Fé,Concelho,2.º quartil,
2023,11E0401,Alfândega da Fé,Concelho,3.º quartil,
2023,11E0411,Vimioso,Concelho,1.º quartil,
2023,11E0411,Vimioso,Concelho,2.º quartil,
2023,11E0411,Vimioso,Concelho,3.º quartil,
2023,11E0412,Vinhais,Concelho,1.º quartil,
2023,11E0412,Vinhais,Concelho,2.º quartil,
2023,11E0412,Vinhais,Concelho,3.º quartil,
2023,1500802,Alcoutim,Concelho,1.º quartil,
2023,1500802,Alcoutim,Concelho,2.º quartil,
2023,1500802,Alcoutim,Concelho,3.º quartil,
2023,1920606,Góis,Concelho,1.º quartil,
2023,1920606,Góis,Concelho,2.º quartil,
2023,1920606,Góis,Concelho,3.º quartil,
2023,1920612,Pampilhosa da Serra,Concelho,1.º quartil,
2023,1920612,Pampilhosa da Serra,Concelho,2.º quartil,
2023,1920612,Pampilhosa da Serra,Concelho,3.º quartil,
2023,1931007,Castanheira de Pêra,Concelho,1.º quartil,
2023,1931007,Castanheira de Pêra,Concelho,2.º quartil,
2023,1931007,Castanheira de Pêra,Concelho,3.º quartil,
2023,1940901,Aguiar da Beira,Concelho,1.º quartil,
2023,1940901,Aguiar da Beira,Concelho,2.º quartil,
2023,1940901,Aguiar da Beira,Concelho,3.º quartil,
2023,1941822,Vila Nova de Paiva,Concelho,1.º quartil,
2023,1941822,Vila Nova de Paiva,Concelho,2.º quartil,
2023,1941822,Vila Nova de Paiva,Concelho,3.º quartil,
2023,1950505,Idanha-a-Nova,Concelho,1.º quartil,
2023,1950505,Idanha-a-Nova,Concelho,2.º quartil,
2023,1950505,Idanha-a-Nova,Concelho,3.º quartil,
2023,1950506,Oleiros,Concelho,1.º quartil,
2023,1950506,Oleiros,Concelho,2.º quartil,
2023,1950506,Oleiros,Concelho,3.º quartil,
2023,1950507,Penamacor,Concelho,1.º quartil,
2023,1950507,Penamacor,Concelho,2.º quartil,
2023,1950507,Penamacor,Concelho,3.º quartil,
2023,1950510,Vila de Rei,Concelho,1.º quartil,
2023,1950510,Vila de Rei,Concelho,2.º quartil,
2023,1950510,Vila de Rei,Concelho,3.º quartil,
2023,1960904,Figueira de Castelo Rodrigo,Concelho,1.º quartil,
2023,1960904,Figueira de Castelo Rodrigo,Concelho,2.º quartil,
2023,1960904,Figueira de Castelo Rodrigo,Concelho,3.º quartil,
2023,1960905,Fornos de Algodres,Concelho,1.º quartil,
2023,1960905,Fornos de Algodres,Concelho,2.º quartil,
2023,1960905,Fornos de Algodres,Concelho,3.º quartil,
2023,1960908,Manteigas,Concelho,1.º quartil,
2023,1960908,Manteigas,Concelho,2.º quartil,
2023,1960908,Manteigas,Concelho,3.º quartil,
2023,1C20203,Alvito,Concelho,1.º quartil,
2023,1C20203,Alvito,Concelho,2.º quartil,
2023,1C20203,Alvito,Concelho,3.º quartil,
2023,1C20204,Barrancos,Concelho,1.º quartil,
2023,1C20204,Barrancos,Concelho,2.º quartil,
2023,1C20204,Barrancos,Concelho,3.º quartil,
2023,1C20207,Cuba,Concelho,1.º quartil,
2023,1C20207,Cuba,Concelho,2.º quartil,
2023,1C20207,Cuba,Concelho,3.º quartil,
2023,1C20209,Mértola,Concelho,1.º quartil,
2023,1C20209,Mértola,Concelho,2.º quartil,
2023,1C20209,Mértola,Concelho,3.º quartil,
2023,1C20212,Ourique,Concelho,1.º quartil,
2023,1C20212,Ourique,Concelho,2.º quartil,
2023,1C20212,Ourique,Concelho,3.º quartil,
2023,1C20214,Vidigueira,Concelho,1.º quartil,
2023,1C20214,Vidigueira,Concelho,2.º quartil,
2023,1C20214,Vidigueira,Concelho,3.º quartil,
2023,1C31201,Alter do Chão,Concelho,1.º quartil,
2023,1C31201,Alter do Chão,Concelho,2.º quartil,
2023,1C31201,Alter do Chão,Concelho,3.º quartil,
2023,1C31203,Avis,Concelho,1.º quartil,
2023,1C31203,Avis,Concelho,2.º quartil,
2023,1C31203,Avis,Concelho,3.º quartil,
2023,1C31205,Castelo de Vide,Concelho,1.º quartil,
2023,1C31205,Castelo de Vide,Concelho,2.º quartil,
2023,1C31205,Castelo de Vide,Concelho,3.º quartil,
2023,1C31206,Crato,Concelho,1.º quartil,
2023,1C31206,Crato,Concelho,2.º quartil,
2023,1C31206,Crato,Concelho,3.º quartil,
2023,1C31208,Fronteira,Concelho,1.º quartil,
2023,1C31208,Fronteira,Concelho,2.º quartil,
2023,1C31208,Fronteira,Concelho,3.º quartil,
2023,1C31209,Gavião,Concelho,1.º quartil,
2023,1C31209,Gavião,Concelho,2.º quartil,
2023,1C31209,Gavião,Concelho,3.º quartil,
2023,1C31211,Monforte,Concelho,1.º quartil,
2023,1C31211,Monforte,Concelho,2.º quartil,
2023,1C31211,Monforte,Concelho,3.º quartil,
2023,1C31212,Nisa,Concelho,1.º quartil,
2023,1C31212,Nisa,Concelho,2.º quartil,
2023,1C31212,Nisa,Concelho,3.º quartil,
2023,1C40701,Alandroal,Concelho,1.º quartil,
2023,1C40701,Alandroal,Concelho,2.º quartil,
2023,1C40701,Alandroal,Concelho,3.º quartil,
2023,1C40707,Mora,Concelho,1.º quartil,
2023,1C40707,Mora,Concelho,2.º quartil,
2023,1C40707,Mora,Concelho,3.º quartil,
2023,1C40708,Mourão,Concelho,1.º quartil,
2023,1C40708,Mourão,Concelho,2.º quartil,
2023,1C40708,Mourão,Concelho,3.º quartil,
2023,1D21408,Constância,Concelho,1.º quartil,
2023,1D21408,Constância,Concelho,2.º quartil,
2023,1D21408,Constância,Concelho,3.º quartil,
2023,1D21413,Mação,Concelho,1.º quartil,
2023,1D21413,Mação,Concelho,2.º quartil,
2023,1D21413,Mação,Concelho,3.º quartil,
2023,1D21417,Sardoal,Concelho,1.º quartil,
2023,1D21417,Sardoal,Concelho,2.º quartil,
2023,1D21417,Sardoal,Concelho,3.º quartil,
2023,2004101,Vila do Porto,Concelho,1.º quartil,
2023,2004101,Vila do Porto,Concelho,2.º quartil,
2023,2004101,Vila do Porto,Concelho,3.º quartil,
2023,2004202,Nordeste,Concelho,1.º quartil,
2023,2004202,Nordeste,Concelho,2.º quartil,
2023,2004202,Nordeste,Concelho,3.º quartil,
2023,2004204,Povoação,Concelho,1.º quartil,
2023,2004204,Povoação,Concelho,2.º quartil,
2023,2004204,Povoação,Concelho,3.º quartil,
2023,2004206,Vila Franca do Campo,Concelho,1.º quartil,
2023,2004206,Vila Franca do Campo,Concelho,2.º quartil,
2023,2004206,Vila Franca do Campo,Concelho,3.º quartil,
2023,2004401,Santa Cruz da Graciosa,Concelho,1.º quartil,
2023,2004401,Santa Cruz da Graciosa,Concelho,2.º quartil,
2023,2004401,Santa Cruz da Graciosa,Concelho,3.º quartil,
2023,2004501,Calheta (R.A.A.),Concelho,1.º quartil,
2023,2004501,Calheta (R.A.A.),Concelho,2.º quartil,
2023,2004501,Calheta (R.A.A.),Concelho,3.º quartil,
2023,2004601,Lajes do Pico,Concelho,1.º quartil,
2023,2004601,Lajes do Pico,Concelho,2.º quartil,
2023,2004601,Lajes do Pico,Concelho,3.º quartil,
2023,2004603,São Roque do Pico,Concelho,1.º quartil,
2023,2004603,São Roque do Pico,Concelho,2.º quartil,
2023,2004603,São Roque do Pico,Concelho,3.º quartil,
2023,2004801,Lajes das Flores,Concelho,1.º quartil,
2023,2004801,Lajes das Flores,Concelho,2.º quartil,
2023,2004801,Lajes das Flores,Concelho,3.º quartil,
2023,2004802,Santa Cruz das Flores,Concelho,1.º quartil,
2023,2004802,Santa Cruz das Flores,Concelho,2.º quartil,
2023,2004802,Santa Cruz das Flores,Concelho,3.º quartil,
2023,2004901,Corvo,Concelho,1.º quartil,
2023,2004901,Corvo,Concelho,2.º quartil,
2023,2004901,Corvo,Concelho,3.º quartil,
2023,3003105,Ponta do Sol,Concelho,1.º quartil,
2023,3003105,Ponta do Sol,Concelho,2.º quartil,
2023,3003105,Ponta do Sol,Concelho,3.º quartil,
2023,3003106,Porto Moniz,Concelho,1.º quartil,
2023,3003106,Porto Moniz,Concelho,2.º quartil,
2023,3003106,Porto Moniz,Concelho,3.º quartil,
2023,3003109,Santana,Concelho,1.º quartil,
2023,3003109,Santana,Concelho,2.º quartil,
2023,3003109,Santana,Concelho,3.º quartil,
2023,3003110,São Vicente,Concelho,1.º quartil,
2023,3003110,São Vicente,Concelho,2.º quartil,
2023,3003110,São Vicente,Concelho,3.º quartil,
2024,11E0410,Vila Flor,Concelho,1.º quartil,1.31
2024,11E0407,Mirandela,Concelho,1.º quartil,1.96
2024,1960903,Celorico da Beira,Concelho,1.º quartil,1.97
2024,11D0409,Torre de Moncorvo,Concelho,1.º quartil,2
2024,11D0914,Vila Nova de Foz Côa,Concelho,1.º quartil,2.01
2024,1940901,Aguiar da Beira,Concelho,1.º quartil,2.03
2024,1960913,Trancoso,Concelho,1.º quartil,2.04
2024,1C31204,Campo Maior,Concelho,1.º quartil,2.04
2024,1960906,Gouveia,Concelho,1.º quartil,2.08
2024,1C31215,Sousel,Concelho,1.º quartil,2.08
2024,1960501,Belmonte,Concelho,1.º quartil,2.14
2024,1960910,Pinhel,Concelho,1.º quartil,2.15
2024,11E,Terras de Trás-os-Montes,NUTS III,1.º quartil,2.18
2024,1960909,Mêda,Concelho,1.º quartil,2.18
2024,11E0408,Mogadouro,Concelho,1.º quartil,2.19
2024,11E0410,Vila Flor,Concelho,2.º quartil,2.24
2024,1D31407,Chamusca,Concelho,1.º quartil,2.26
2024,11C1302,Baião,Concelho,1.º quartil,2.27
2024,11E0406,Miranda do Douro,Concelho,1.º quartil,2.27
2024,1931007,Castanheira de Pêra,Concelho,1.º quartil,2.27
2024,1D21413,Mação,Concelho,1.º quartil,2.3
2024,1C40714,Vila Viçosa,Concelho,1.º quartil,2.31
2024,1920613,Penacova,Concelho,1.º quartil,2.38
2024,11C1303,Felgueiras,Concelho,1.º quartil,2.39
2024,1950505,Idanha-a-Nova,Concelho,1.º quartil,2.39
2024,1C40703,Borba,Concelho,1.º quartil,2.39
2024,1950511,Vila Velha de Ródão,Concelho,1.º quartil,2.4
2024,11D1807,Moimenta da Beira,Concelho,1.º quartil,2.44
2024,1C31202,Arronches,Concelho,1.º quartil,2.44
2024,11D1820,Tarouca,Concelho,1.º quartil,2.45
2024,11C0106,Castelo de Paiva,Concelho,1.º quartil,2.46
2024,1960911,Sabugal,Concelho,1.º quartil,2.46
2024,1941802,Carregal do Sal,Concelho,1.º quartil,2.48
2024,11E0402,Bragança,Concelho,1.º quartil,2.5
2024,1C20207,Cuba,Concelho,1.º quartil,2.51
2024,11C0305,Celorico de Basto,Concelho,1.º quartil,2.52
2024,1C40707,Mora,Concelho,1.º quartil,2.52
2024,1941817,Sátão,Concelho,1.º quartil,2.53
2024,11B1712,Valpaços,Concelho,1.º quartil,2.56
2024,1921808,Mortágua,Concelho,1.º quartil,2.58
2024,11E0405,Macedo de Cavaleiros,Concelho,1.º quartil,2.6
2024,1111605,Paredes de Coura,Concelho,1.º quartil,2.61
2024,1960903,Celorico da Beira,Concelho,2.º quartil,2.64
2024,1191705,Mondim de Basto,Concelho,1.º quartil,2.65
2024,1931002,Alvaiázere,Concelho,1.º quartil,2.66
2024,1190304,Cabeceiras de Basto,Concelho,1.º quartil,2.67
2024,11C1307,Marco de Canaveses,Concelho,1.º quartil,2.67
2024,1920614,Penela,Concelho,1.º quartil,2.67
2024,11C1301,Amarante,Concelho,1.º quartil,2.7
2024,11D1701,Alijó,Concelho,1.º quartil,2.7
2024,1941803,Castro Daire,Concelho,1.º quartil,2.71
2024,11B1713,Vila Pouca de Aguiar,Concelho,1.º quartil,2.75
2024,1C3,Alto Alentejo,NUTS III,1.º quartil,2.77
2024,1960909,Mêda,Concelho,2.º quartil,2.78
2024,1960910,Pinhel,Concelho,2.º quartil,2.79
2024,11E0408,Mogadouro,Concelho,2.º quartil,2.81
2024,1940901,Aguiar da Beira,Concelho,2.º quartil,2.81
2024,1C40704,Estremoz,Concelho,1.º quartil,2.82
2024,1190307,Fafe,Concelho,1.º quartil,2.83
2024,1950508,Proença-a-Nova,Concelho,1.º quartil,2.84
2024,196,Beiras e Serra da Estrela,NUTS III,1.º quartil,2.84
2024,1120301,Amares,Concelho,1.º quartil,2.86
2024,11C1804,Cinfães,Concelho,1.º quartil,2.86
2024,1C40711,Reguengos de Monsaraz,Concelho,1.º quartil,2.86
2024,11C,Tâmega e Sousa,NUTS III,1.º quartil,2.88
2024,11D,Douro,NUTS III,1.º quartil,2.88
2024,11D1820,Tarouca,Concelho,2.º quartil,2.88
2024,1960911,Sabugal,Concelho,2.º quartil,2.9
2024,1C31214,Portalegre,Concelho,1.º quartil,2.9
2024,2004701,Horta,Concelho,1.º quartil,2.9
2024,11D0914,Vila Nova de Foz Côa,Concelho,2.º quartil,2.91
2024,1960913,Trancoso,Concelho,2.º quartil,2.92
2024,1C20208,Ferreira do Alentejo,Concelho,1.º quartil,2.92
2024,1960906,Gouveia,Concelho,2.º quartil,2.93
2024,1960912,Seia,Concelho,1.º quartil,2.93
2024,1111606,Ponte da Barca,Concelho,1.º quartil,2.94
2024,1111603,Melgaço,Concelho,1.º quartil,2.96
2024,1190309,Póvoa de Lanhoso,Concelho,1.º quartil,2.97
2024,1D21402,Alcanena,Concelho,1.º quartil,2.97
2024,1941824,Vouzela,Concelho,1.º quartil,2.98
2024,1931007,Castanheira de Pêra,Concelho,2.º quartil,3
2024,11C1305,Lousada,Concelho,1.º quartil,3.03
2024,1931016,Porto de Mós,Concelho,1.º quartil,3.03
2024,1941817,Sátão,Concelho,2.º quartil,3.03
2024,1960501,Belmonte,Concelho,2.º quartil,3.03
2024,1D31412,Golegã,Concelho,1.º quartil,3.03
2024,1941809,Nelas,Concelho,1.º quartil,3.04
2024,1931008,Figueiró dos Vinhos,Concelho,1.º quartil,3.05
2024,1C40703,Borba,Concelho,2.º quartil,3.05
2024,1920615,Soure,Concelho,1.º quartil,3.06
2024,1C20213,Serpa,Concelho,1.º quartil,3.06
2024,1C31201,Alter do Chão,Concelho,1.º quartil,3.06
2024,11D0409,Torre de Moncorvo,Concelho,2.º quartil,3.08
2024,11E0406,Miranda do Douro,Concelho,2.º quartil,3.09
2024,1960907,Guarda,Concelho,1.º quartil,3.1
2024,1C20214,Vidigueira,Concelho,1.º quartil,3.1
2024,1920611,Oliveira do Hospital,Concelho,1.º quartil,3.11
2024,1931003,Ansião,Concelho,1.º quartil,3.13
2024,1941806,Mangualde,Concelho,1.º quartil,3.13
2024,1C40710,Redondo,Concelho,1.º quartil,3.13
2024,11D1805,Lamego,Concelho,1.º quartil,3.14
2024,1C31204,Campo Maior,Concelho,2.º quartil,3.14
2024,1190311,Vieira do Minho,Concelho,1.º quartil,3.16
2024,11B,Alto Tâmega e Barroso,NUTS III,1.º quartil,3.17
2024,195,Beira Baixa,NUTS III,1.º quartil,3.17
2024,1960504,Fundão,Concelho,1.º quartil,3.17
2024,1960910,Pinhel,Concelho,3.º quartil,3.17
2024,1C31207,Elvas,Concelho,1.º quartil,3.17
2024,1910117,Sever do Vouga,Concelho,1.º quartil,3.18
2024,1920616,Tábua,Concelho,1.º quartil,3.18
2024,1D21408,Constância,Concelho,1.º quartil,3.18
2024,11E0405,Macedo de Cavaleiros,Concelho,2.º quartil,3.19
2024,1941810,Oliveira de Frades,Concelho,1.º quartil,3.19
2024,1C20202,Almodôvar,Concelho,1.º quartil,3.22
2024,11E0410,Vila Flor,Concelho,3.º quartil,3.25
2024,1950509,Sertã,Concelho,1.º quartil,3.26
2024,1920607,Lousã,Concelho,1.º quartil,3.27
2024,11D1807,Moimenta da Beira,Concelho,2.º quartil,3.28
2024,1D31409,Coruche,Concelho,1.º quartil,3.28
2024,2004602,Madalena,Concelho,1.º quartil,3.28
2024,1941814,Santa Comba Dão,Concelho,1.º quartil,3.3
2024,1C20210,Moura,Concelho,1.º quartil,3.3
2024,11B1712,Valpaços,Concelho,2.º quartil,3.31
2024,11C1311,Penafiel,Concelho,1.º quartil,3.31
2024,1920617,Vila Nova de Poiares,Concelho,1.º quartil,3.31
2024,11A1314,Santo Tirso,Concelho,1.º quartil,3.33
2024,1C31212,Nisa,Concelho,1.º quartil,3.33
2024,1111610,Vila Nova de Cerveira,Concelho,1.º quartil,3.34
2024,11D1708,Peso da Régua,Concelho,1.º quartil,3.36
2024,1960909,Mêda,Concelho,3.º quartil,3.37
2024,1C,Alentejo,NUTS II,1.º quartil,3.37
2024,2004502,Velas,Concelho,1.º quartil,3.37
2024,11C1309,Paços de Ferreira,Concelho,1.º quartil,3.38
2024,1111601,Arcos de Valdevez,Concelho,1.º quartil,3.4
2024,11D1820,Tarouca,Concelho,3.º quartil,3.4
2024,1920601,Arganil,Concelho,1.º quartil,3.41
2024,1960903,Celorico da Beira,Concelho,3.º quartil,3.41
2024,1C31215,Sousel,Concelho,2.º quartil,3.41
2024,1C4,Alentejo Central,NUTS III,1.º quartil,3.41
2024,1C40702,Arraiolos,Concelho,1.º quartil,3.41
2024,1920613,Penacova,Concelho,2.º quartil,3.42
2024,1D31407,Chamusca,Concelho,2.º quartil,3.43
2024,11C1302,Baião,Concelho,2.º quartil,3.44
2024,11D1701,Alijó,Concelho,2.º quartil,3.45
2024,1950511,Vila Velha de Ródão,Concelho,2.º quartil,3.45
2024,1D21413,Mação,Concelho,2.º quartil,3.45
2024,1D31404,Alpiarça,Concelho,1.º quartil,3.45
2024,1C2,Baixo Alentejo,NUTS III,1.º quartil,3.46
2024,1D21401,Abrantes,Concelho,1.º quartil,3.48
2024,11B1703,Chaves,Concelho,1.º quartil,3.5
2024,1C40706,Montemor-o-Novo,Concelho,1.º quartil,3.5
2024,11C0305,Celorico de Basto,Concelho,2.º quartil,3.51
2024,11C1303,Felgueiras,Concelho,2.º quartil,3.52
2024,11E,Terras de Trás-os-Montes,NUTS III,2.º quartil,3.52
2024,1920111,Mealhada,Concelho,1.º quartil,3.52
2024,2004201,Lagoa (R.A.A.),Concelho,1.º quartil,3.52
2024,1931008,Figueiró dos Vinhos,Concelho,2.º quartil,3.53
2024,1950502,Castelo Branco,Concelho,1.º quartil,3.53
2024,1D21411,Ferreira do Zêzere,Concelho,1.º quartil,3.53
2024,1910112,Murtosa,Concelho,1.º quartil,3.55
2024,1940901,Aguiar da Beira,Concelho,3.º quartil,3.55
2024,11B1713,Vila Pouca de Aguiar,Concelho,2.º quartil,3.58
2024,11E0407,Mirandela,Concelho,2.º quartil,3.58
2024,1960503,Covilhã,Concelho,1.º quartil,3.59
2024,1190314,Vizela,Concelho,1.º quartil,3.6
2024,1C20207,Cuba,Concelho,2.º quartil,3.6
2024,119,Ave,NUTS III,1.º quartil,3.61
2024,1941817,Sátão,Concelho,3.º quartil,3.63
2024,1191705,Mondim de Basto,Concelho,2.º quartil,3.64
2024,1D21420,Vila Nova da Barquinha,Concelho,1.º quartil,3.64
2024,1C31201,Alter do Chão,Concelho,2.º quartil,3.65
2024,1C31213,Ponte de Sor,Concelho,1.º quartil,3.65
2024,11A0104,Arouca,Concelho,1.º quartil,3.66
2024,11A0119,Vale de Cambra,Concelho,1.º quartil,3.66
2024,11C1804,Cinfães,Concelho,2.º quartil,3.66
2024,1920602,Cantanhede,Concelho,1.º quartil,3.66
2024,1111608,Valença,Concelho,1.º quartil,3.67
2024,194,Viseu Dão Lafões,NUTS III,1.º quartil,3.67
2024,11C0106,Castelo de Paiva,Concelho,2.º quartil,3.69
2024,1C40707,Mora,Concelho,2.º quartil,3.69
2024,1111603,Melgaço,Concelho,2.º quartil,3.7
2024,1111606,Ponte da Barca,Concelho,2.º quartil,3.7
2024,2,Região Autónoma dos Açores,NUTS I,1.º quartil,3.7
2024,20,Região Autónoma dos Açores,NUTS II,1.º quartil,3.7
2024,200,Região Autónoma dos Açores,NUTS III,1.º quartil,3.7
2024,1120313,Vila Verde,Concelho,1.º quartil,3.71
2024,1921808,Mortágua,Concelho,2.º quartil,3.72
2024,2004301,Angra do Heroísmo,Concelho,1.º quartil,3.72
2024,1941824,Vouzela,Concelho,2.º quartil,3.73
2024,1941821,Tondela,Concelho,1.º quartil,3.74
2024,1960906,Gouveia,Concelho,3.º quartil,3.74
2024,1190308,Guimarães,Concelho,1.º quartil,3.75
2024,11A0113,Oliveira de Azeméis,Concelho,1.º quartil,3.75
2024,11E0408,Mogadouro,Concelho,3.º quartil,3.75
2024,1941803,Castro Daire,Concelho,2.º quartil,3.75
2024,1960913,Trancoso,Concelho,3.º quartil,3.79
2024,11A1310,Paredes,Concelho,1.º quartil,3.8
2024,1910101,Águeda,Concelho,1.º quartil,3.8
2024,1C40710,Redondo,Concelho,2.º quartil,3.8
2024,1931015,Pombal,Concelho,1.º quartil,3.81
2024,1111605,Paredes de Coura,Concelho,2.º quartil,3.82
2024,11D1714,Vila Real,Concelho,1.º quartil,3.85
2024,1920616,Tábua,Concelho,2.º quartil,3.85
2024,1C31202,Arronches,Concelho,2.º quartil,3.85
2024,1D31414,Rio Maior,Concelho,1.º quartil,3.85
2024,2004302,Vila da Praia da Vitória,Concelho,1.º quartil,3.85
2024,1931003,Ansião,Concelho,2.º quartil,3.88
2024,1950505,Idanha-a-Nova,Concelho,2.º quartil,3.88
2024,1920610,Montemor-o-Velho,Concelho,1.º quartil,3.89
2024,2004205,Ribeira Grande,Concelho,1.º quartil,3.9
2024,11C1307,Marco de Canaveses,Concelho,2.º quartil,3.91
2024,11D0409,Torre de Moncorvo,Concelho,3.º quartil,3.91
2024,1931002,Alvaiázere,Concelho,2.º quartil,3.91
2024,1941809,Nelas,Concelho,2.º quartil,3.91
2024,1950508,Proença-a-Nova,Concelho,2.º quartil,3.91
2024,19,Centro,NUTS II,1.º quartil,3.92
2024,1C10211,Odemira,Concelho,1.º quartil,3.92
2024,1190307,Fafe,Concelho,2.º quartil,3.93
2024,11E0405,Macedo de Cavaleiros,Concelho,3.º quartil,3.93
2024,1910114,Oliveira do Bairro,Concelho,1.º quartil,3.94
2024,1920609,Miranda do Corvo,Concelho,1.º quartil,3.94
2024,1C40714,Vila Viçosa,Concelho,2.º quartil,3.94
2024,1920608,Mira,Concelho,1.º quartil,3.96
2024,1910103,Anadia,Concelho,1.º quartil,3.97
2024,1120302,Barcelos,Concelho,1.º quartil,4
2024,11B1712,Valpaços,Concelho,3.º quartil,4
2024,1920611,Oliveira do Hospital,Concelho,2.º quartil,4
2024,1960501,Belmonte,Concelho,3.º quartil,4
2024,1D2,Médio Tejo,NUTS III,1.º quartil,4
2024,11C1301,Amarante,Concelho,2.º quartil,4.01
2024,1910108,Estarreja,Concelho,1.º quartil,4.01
2024,11E0402,Bragança,Concelho,2.º quartil,4.03
2024,1960912,Seia,Concelho,2.º quartil,4.03
2024,1111607,Ponte de Lima,Concelho,1.º quartil,4.04
2024,1941816,São Pedro do Sul,Concelho,1.º quartil,4.04
2024,1D11104,Cadaval,Concelho,1.º quartil,4.04
2024,11C,Tâmega e Sousa,NUTS III,2.º quartil,4.05
2024,1D11112,Sobral de Monte Agraço,Concelho,1.º quartil,4.06
2024,1C20214,Vidigueira,Concelho,2.º quartil,4.07
2024,11D0914,Vila Nova de Foz Côa,Concelho,3.º quartil,4.08
2024,1931004,Batalha,Concelho,1.º quartil,4.08
2024,1C31212,Nisa,Concelho,2.º quartil,4.08
2024,1C20201,Aljustrel,Concelho,1.º quartil,4.1
2024,1931007,Castanheira de Pêra,Concelho,3.º quartil,4.12
2024,1941802,Carregal do Sal,Concelho,2.º quartil,4.13
2024,1C3,Alto Alentejo,NUTS III,2.º quartil,4.13
2024,1D31103,Azambuja,Concelho,1.º quartil,4.13
2024,1190309,Póvoa de Lanhoso,Concelho,2.º quartil,4.14
2024,1190312,Vila Nova de Famalicão,Concelho,1.º quartil,4.14
2024,1C20210,Moura,Concelho,2.º quartil,4.14
2024,1C20206,Castro Verde,Concelho,1.º quartil,4.15
2024,1960911,Sabugal,Concelho,3.º quartil,4.16
2024,1D21408,Constância,Concelho,2.º quartil,4.16
2024,111,Alto Minho,NUTS III,1.º quartil,4.17
2024,11B,Alto Tâmega e Barroso,NUTS III,2.º quartil,4.17
2024,1D31406,Cartaxo,Concelho,1.º quartil,4.18
2024,1920604,Condeixa-a-Nova,Concelho,1.º quartil,4.19
2024,1D3,Lezíria do Tejo,NUTS III,1.º quartil,4.19
2024,1D31415,Salvaterra de Magos,Concelho,1.º quartil,4.19
2024,1190304,Cabeceiras de Basto,Concelho,2.º quartil,4.2
2024,11E0406,Miranda do Douro,Concelho,3.º quartil,4.2
2024,1D21419,Torres Novas,Concelho,1.º quartil,4.21
2024,11D1807,Moimenta da Beira,Concelho,3.º quartil,4.22
2024,193,Região de Leiria,NUTS III,1.º quartil,4.22
2024,11C1305,Lousada,Concelho,2.º quartil,4.24
2024,1910117,Sever do Vouga,Concelho,2.º quartil,4.25
2024,1941806,Mangualde,Concelho,2.º quartil,4.25
2024,2004701,Horta,Concelho,2.º quartil,4.25
2024,1C31214,Portalegre,Concelho,2.º quartil,4.27
2024,11D1805,Lamego,Concelho,2.º quartil,4.28
2024,1920617,Vila Nova de Poiares,Concelho,2.º quartil,4.28
2024,196,Beiras e Serra da Estrela,NUTS III,2.º quartil,4.29
2024,1960504,Fundão,Concelho,2.º quartil,4.29
2024,1D31404,Alpiarça,Concelho,2.º quartil,4.29
2024,3003101,Calheta (R.A.M.),Concelho,1.º quartil,4.29
2024,1500809,Monchique,Concelho,1.º quartil,4.3
2024,1C20213,Serpa,Concelho,2.º quartil,4.3
2024,1D11005,Bombarral,Concelho,1.º quartil,4.3
2024,192,Região de Coimbra,NUTS III,1.º quartil,4.31
2024,1931010,Marinha Grande,Concelho,1.º quartil,4.31
2024,1941810,Oliveira de Frades,Concelho,2.º quartil,4.31
2024,1C20208,Ferreira do Alentejo,Concelho,2.º quartil,4.31
2024,11A0109,Santa Maria da Feira,Concelho,1.º quartil,4.32
2024,1C40711,Reguengos de Monsaraz,Concelho,2.º quartil,4.32
2024,1C31204,Campo Maior,Concelho,3.º quartil,4.33
2024,1910118,Vagos,Concelho,1.º quartil,4.34
2024,1931016,Porto de Mós,Concelho,2.º quartil,4.34
2024,11D,Douro,NUTS III,2.º quartil,4.35
2024,1910102,Albergaria-a-Velha,Concelho,1.º quartil,4.35
2024,1D21402,Alcanena,Concelho,2.º quartil,4.35
2024,3003107,Ribeira Brava,Concelho,1.º quartil,4.35
2024,1111602,Caminha,Concelho,1.º quartil,4.38
2024,11D1708,Peso da Régua,Concelho,2.º quartil,4.38
2024,1D21418,Tomar,Concelho,1.º quartil,4.38
2024,1C40703,Borba,Concelho,3.º quartil,4.4
2024,1920613,Penacova,Concelho,3.º quartil,4.41
2024,3003102,Câmara de Lobos,Concelho,1.º quartil,4.42
2024,1C40702,Arraiolos,Concelho,2.º quartil,4.43
2024,1D21411,Ferreira do Zêzere,Concelho,2.º quartil,4.43
2024,1111604,Monção,Concelho,1.º quartil,4.44
2024,1111605,Paredes de Coura,Concelho,3.º quartil,4.44
2024,11B1713,Vila Pouca de Aguiar,Concelho,3.º quartil,4.44
2024,1D,Oeste e Vale do Tejo,NUTS II,1.º quartil,4.44
2024,1D21421,Ourém,Concelho,1.º quartil,4.44
2024,1950509,Sertã,Concelho,2.º quartil,4.45
2024,2004203,Ponta Delgada,Concelho,1.º quartil,4.45
2024,2004602,Madalena,Concelho,2.º quartil,4.45
2024,1D11001,Alcobaça,Concelho,1.º quartil,4.47
2024,1C40704,Estremoz,Concelho,2.º quartil,4.48
2024,1D31416,Santarém,Concelho,1.º quartil,4.48
2024,1120301,Amares,Concelho,2.º quartil,4.49
2024,11C1302,Baião,Concelho,3.º quartil,4.51
2024,1C20207,Cuba,Concelho,3.º quartil,4.51
2024,1D31412,Golegã,Concelho,2.º quartil,4.51
2024,11,Norte,NUTS II,1.º quartil,4.52
2024,1190311,Vieira do Minho,Concelho,2.º quartil,4.52
2024,1960907,Guarda,Concelho,2.º quartil,4.53
2024,1D11108,Lourinhã,Concelho,1.º quartil,4.55
2024,1C31207,Elvas,Concelho,2.º quartil,4.58
2024,11C1309,Paços de Ferreira,Concelho,2.º quartil,4.59
2024,191,Região de Aveiro,NUTS III,1.º quartil,4.6
2024,1920607,Lousã,Concelho,2.º quartil,4.6
2024,1920615,Soure,Concelho,2.º quartil,4.61
2024,195,Beira Baixa,NUTS III,2.º quartil,4.61
2024,1C40712,Vendas Novas,Concelho,1.º quartil,4.61
2024,1D31403,Almeirim,Concelho,1.º quartil,4.61
2024,1D21413,Mação,Concelho,3.º quartil,4.62
2024,1C20205,Beja,Concelho,1.º quartil,4.63
2024,1941823,Viseu,Concelho,1.º quartil,4.64
2024,1910115,Ovar,Concelho,1.º quartil,4.65
2024,1111610,Vila Nova de Cerveira,Concelho,2.º quartil,4.68
2024,1500812,São Brás de Alportel,Concelho,1.º quartil,4.68
2024,1920616,Tábua,Concelho,3.º quartil,4.68
2024,2004502,Velas,Concelho,2.º quartil,4.68
2024,11B1703,Chaves,Concelho,2.º quartil,4.69
2024,1920601,Arganil,Concelho,2.º quartil,4.69
2024,1931008,Figueiró dos Vinhos,Concelho,3.º quartil,4.69
2024,1950511,Vila Velha de Ródão,Concelho,3.º quartil,4.73
2024,1C40705,Évora,Concelho,1.º quartil,4.73
2024,11A1318,Trofa,Concelho,1.º quartil,4.74
2024,1920614,Penela,Concelho,2.º quartil,4.75
2024,1921808,Mortágua,Concelho,3.º quartil,4.75
2024,1941814,Santa Comba Dão,Concelho,2.º quartil,4.75
2024,1D21420,Vila Nova da Barquinha,Concelho,2.º quartil,4.75
2024,1D31407,Chamusca,Concelho,3.º quartil,4.76
2024,1C20202,Almodôvar,Concelho,2.º quartil,4.77
2024,1111601,Arcos de Valdevez,Concelho,2.º quartil,4.79
2024,11A1316,Vila do Conde,Concelho,1.º quartil,4.79
2024,11D1701,Alijó,Concelho,3.º quartil,4.79
2024,1111606,Ponte da Barca,Concelho,3.º quartil,4.8
2024,11C1303,Felgueiras,Concelho,3.º quartil,4.81
2024,2004205,Ribeira Grande,Concelho,2.º quartil,4.82
2024,11C1311,Penafiel,Concelho,2.º quartil,4.83
2024,1190314,Vizela,Concelho,2.º quartil,4.84
2024,11C1804,Cinfães,Concelho,3.º quartil,4.86
2024,1D11012,Óbidos,Concelho,1.º quartil,4.86
2024,1D11014,Peniche,Concelho,1.º quartil,4.86
2024,1C31213,Ponte de Sor,Concelho,2.º quartil,4.89
2024,1120313,Vila Verde,Concelho,2.º quartil,4.9
2024,11E0407,Mirandela,Concelho,3.º quartil,4.9
2024,1920111,Mealhada,Concelho,2.º quartil,4.91
2024,1950502,Castelo Branco,Concelho,2.º quartil,4.91
2024,1191705,Mondim de Basto,Concelho,3.º quartil,4.92
2024,11A0116,São João da Madeira,Concelho,1.º quartil,4.92
2024,1C1,Alentejo Litoral,NUTS III,1.º quartil,4.96
2024,1D1,Oeste,NUTS III,1.º quartil,4.96
2024,1941803,Castro Daire,Concelho,3.º quartil,4.98
2024,11A0104,Arouca,Concelho,2.º quartil,5
2024,11C0106,Castelo de Paiva,Concelho,3.º quartil,5
2024,11E,Terras de Trás-os-Montes,NUTS III,3.º quartil,5
2024,1950505,Idanha-a-Nova,Concelho,3.º quartil,5
2024,1C40706,Montemor-o-Novo,Concelho,2.º quartil,5
2024,1931009,Leiria,Concelho,1.º quartil,5.01
2024,1941821,Tondela,Concelho,2.º quartil,5.01
2024,1D11104,Cadaval,Concelho,2.º quartil,5.03
2024,1D21401,Abrantes,Concelho,2.º quartil,5.03
2024,11C0305,Celorico de Basto,Concelho,3.º quartil,5.04
2024,1920602,Cantanhede,Concelho,2.º quartil,5.04
2024,1C31212,Nisa,Concelho,3.º quartil,5.04
2024,1D11011,Nazaré,Concelho,1.º quartil,5.05
2024,11A0119,Vale de Cambra,Concelho,2.º quartil,5.06
2024,1931015,Pombal,Concelho,2.º quartil,5.06
2024,1111608,Valença,Concelho,2.º quartil,5.07
2024,2004301,Angra do Heroísmo,Concelho,2.º quartil,5.07
2024,1910110,Ílhavo,Concelho,1.º quartil,5.08
2024,1931002,Alvaiázere,Concelho,3.º quartil,5.08
2024,1D31409,Coruche,Concelho,2.º quartil,5.09
2024,1C31202,Arronches,Concelho,3.º quartil,5.1
2024,1941809,Nelas,Concelho,3.º quartil,5.11
2024,1D21410,Entroncamento,Concelho,1.º quartil,5.12
2024,1111609,Viana do Castelo,Concelho,1.º quartil,5.13
2024,11A0113,Oliveira de Azeméis,Concelho,2.º quartil,5.13
2024,1C40714,Vila Viçosa,Concelho,3.º quartil,5.16
2024,1C11509,Santiago do Cacém,Concelho,1.º quartil,5.17
2024,1C40707,Mora,Concelho,3.º quartil,5.19
2024,1120306,Esposende,Concelho,1.º quartil,5.2
2024,112,Cávado,NUTS III,1.º quartil,5.21
2024,1941802,Carregal do Sal,Concelho,3.º quartil,5.21
2024,1C31215,Sousel,Concelho,3.º quartil,5.21
2024,11A1314,Santo Tirso,Concelho,2.º quartil,5.22
2024,1C,Alentejo,NUTS II,2.º quartil,5.22
2024,1C31201,Alter do Chão,Concelho,3.º quartil,5.22
2024,1920605,Figueira da Foz,Concelho,1.º quartil,5.23
2024,1920617,Vila Nova de Poiares,Concelho,3.º quartil,5.23
2024,1D11006,Caldas da Rainha,Concelho,1.º quartil,5.23
2024,1D11102,Arruda dos Vinhos,Concelho,1.º quartil,5.24
2024,PT,Portugal,Nacional,1.º quartil,5.24
2024,1C11501,Alcácer do Sal,Concelho,1.º quartil,5.25
2024,1,Continente,NUTS I,1.º quartil,5.26
2024,119,Ave,NUTS III,2.º quartil,5.26
2024,11A1304,Gondomar,Concelho,1.º quartil,5.26
2024,1960912,Seia,Concelho,3.º quartil,5.29
2024,1C2,Baixo Alentejo,NUTS III,2.º quartil,5.29
2024,1C20210,Moura,Concelho,3.º quartil,5.3
2024,1931003,Ansião,Concelho,3.º quartil,5.33
2024,1C20214,Vidigueira,Concelho,3.º quartil,5.33
2024,1920609,Miranda do Corvo,Concelho,2.º quartil,5.34
2024,194,Viseu Dão Lafões,NUTS III,2.º quartil,5.34
2024,1190307,Fafe,Concelho,3.º quartil,5.36
2024,1D31414,Rio Maior,Concelho,2.º quartil,5.36
2024,1C4,Alentejo Central,NUTS III,2.º quartil,5.37
2024,11D1805,Lamego,Concelho,3.º quartil,5.38
2024,1910114,Oliveira do Bairro,Concelho,2.º quartil,5.38
2024,1960503,Covilhã,Concelho,2.º quartil,5.38
2024,1D31406,Cartaxo,Concelho,2.º quartil,5.41
2024,11A1310,Paredes,Concelho,2.º quartil,5.45
2024,1920611,Oliveira do Hospital,Concelho,3.º quartil,5.45
2024,2,Região Autónoma dos Açores,NUTS I,2.º quartil,5.46
2024,20,Região Autónoma dos Açores,NUTS II,2.º quartil,5.46
2024,200,Região Autónoma dos Açores,NUTS III,2.º quartil,5.46
2024,1D31415,Salvaterra de Magos,Concelho,2.º quartil,5.47
2024,11C1307,Marco de Canaveses,Concelho,3.º quartil,5.48
2024,1111603,Melgaço,Concelho,3.º quartil,5.49
2024,11C1301,Amarante,Concelho,3.º quartil,5.49
2024,1950508,Proença-a-Nova,Concelho,3.º quartil,5.49
2024,1950509,Sertã,Concelho,3.º quartil,5.49
2024,1111607,Ponte de Lima,Concelho,2.º quartil,5.5
2024,1D21411,Ferreira do Zêzere,Concelho,3.º quartil,5.5
2024,1190309,Póvoa de Lanhoso,Concelho,3.º quartil,5.51
2024,1920604,Condeixa-a-Nova,Concelho,2.º quartil,5.51
2024,1941810,Oliveira de Frades,Concelho,3.º quartil,5.51
2024,1C40710,Redondo,Concelho,3.º quartil,5.51
2024,11B,Alto Tâmega e Barroso,NUTS III,3.º quartil,5.54
2024,1910101,Águeda,Concelho,2.º quartil,5.54
2024,1111610,Vila Nova de Cerveira,Concelho,3.º quartil,5.56
2024,11D1714,Vila Real,Concelho,2.º quartil,5.56
2024,1910103,Anadia,Concelho,2.º quartil,5.56
2024,1910108,Estarreja,Concelho,2.º quartil,5.56
2024,1910112,Murtosa,Concelho,2.º quartil,5.56
2024,1920608,Mira,Concelho,2.º quartil,5.56
2024,1941806,Mangualde,Concelho,3.º quartil,5.56
2024,1960504,Fundão,Concelho,3.º quartil,5.56
2024,1D11113,Torres Vedras,Concelho,1.º quartil,5.56
2024,1D2,Médio Tejo,NUTS III,2.º quartil,5.56
2024,1941824,Vouzela,Concelho,3.º quartil,5.57
2024,1190308,Guimarães,Concelho,2.º quartil,5.59
2024,1920610,Montemor-o-Velho,Concelho,2.º quartil,5.59
2024,1941816,São Pedro do Sul,Concelho,2.º quartil,5.6
2024,11C,Tâmega e Sousa,NUTS III,3.º quartil,5.61
2024,1500810,Olhão,Concelho,1.º quartil,5.61
2024,1D31404,Alpiarça,Concelho,3.º quartil,5.63
2024,1910102,Albergaria-a-Velha,Concelho,2.º quartil,5.64
2024,1C40712,Vendas Novas,Concelho,2.º quartil,5.64
2024,1D31405,Benavente,Concelho,1.º quartil,5.66
2024,1960907,Guarda,Concelho,3.º quartil,5.68
2024,1190304,Cabeceiras de Basto,Concelho,3.º quartil,5.69
2024,1C20201,Aljustrel,Concelho,2.º quartil,5.69
2024,1C20208,Ferreira do Alentejo,Concelho,3.º quartil,5.69
2024,1C3,Alto Alentejo,NUTS III,3.º quartil,5.7
2024,1D11101,Alenquer,Concelho,1.º quartil,5.7
2024,1C31214,Portalegre,Concelho,3.º quartil,5.71
2024,11D1708,Peso da Régua,Concelho,3.º quartil,5.73
2024,1931010,Marinha Grande,Concelho,2.º quartil,5.73
2024,3003104,Machico,Concelho,1.º quartil,5.77
2024,1D21421,Ourém,Concelho,2.º quartil,5.79
2024,1931004,Batalha,Concelho,2.º quartil,5.8
2024,2004302,Vila da Praia da Vitória,Concelho,2.º quartil,5.8
2024,1500809,Monchique,Concelho,2.º quartil,5.81
2024,1D21402,Alcanena,Concelho,3.º quartil,5.81
2024,1D21419,Torres Novas,Concelho,2.º quartil,5.81
2024,19,Centro,NUTS II,2.º quartil,5.86
2024,1111602,Caminha,Concelho,2.º quartil,5.87
2024,11C1305,Lousada,Concelho,3.º quartil,5.87
2024,1120302,Barcelos,Concelho,2.º quartil,5.88
2024,1C40704,Estremoz,Concelho,3.º quartil,5.88
2024,1C40711,Reguengos de Monsaraz,Concelho,3.º quartil,5.88
2024,11A1315,Valongo,Concelho,1.º quartil,5.89
2024,1920603,Coimbra,Concelho,1.º quartil,5.89
2024,1D31412,Golegã,Concelho,3.º quartil,5.89
2024,2004502,Velas,Concelho,3.º quartil,5.9
2024,1190312,Vila Nova de Famalicão,Concelho,2.º quartil,5.91
2024,11A1313,Póvoa de Varzim,Concelho,1.º quartil,5.91
2024,11E0402,Bragança,Concelho,3.º quartil,5.91
2024,1920615,Soure,Concelho,3.º quartil,5.92
2024,11A0109,Santa Maria da Feira,Concelho,2.º quartil,5.93
2024,1920601,Arganil,Concelho,3.º quartil,5.93
2024,11C1309,Paços de Ferreira,Concelho,3.º quartil,5.95
2024,1920607,Lousã,Concelho,3.º quartil,5.97
2024,111,Alto Minho,NUTS III,2.º quartil,6
2024,1190311,Vieira do Minho,Concelho,3.º quartil,6
2024,11B1703,Chaves,Concelho,3.º quartil,6
2024,1500803,Aljezur,Concelho,1.º quartil,6
2024,1910117,Sever do Vouga,Concelho,3.º quartil,6
2024,1C20206,Castro Verde,Concelho,2.º quartil,6
2024,1D21418,Tomar,Concelho,2.º quartil,6
2024,11A,Área Metropolitana do Porto,NUTS III,1.º quartil,6.03
2024,11A0107,Espinho,Concelho,1.º quartil,6.03
2024,1D3,Lezíria do Tejo,NUTS III,2.º quartil,6.03
2024,196,Beiras e Serra da Estrela,NUTS III,3.º quartil,6.04
2024,1500806,Lagoa,Concelho,1.º quartil,6.06
2024,1941814,Santa Comba Dão,Concelho,3.º quartil,6.06
2024,2004201,Lagoa (R.A.A.),Concelho,2.º quartil,6.06
2024,193,Região de Leiria,NUTS III,2.º quartil,6.1
2024,1D11005,Bombarral,Concelho,2.º quartil,6.1
2024,1120303,Braga,Concelho,1.º quartil,6.11
2024,1920111,Mealhada,Concelho,3.º quartil,6.12
2024,1D11001,Alcobaça,Concelho,2.º quartil,6.12
2024,195,Beira Baixa,NUTS III,3.º quartil,6.15
2024,1500813,Silves,Concelho,1.º quartil,6.16
2024,1B01508,Palmela,Concelho,1.º quartil,6.16
2024,1C20213,Serpa,Concelho,3.º quartil,6.16
2024,1500816,Vila Real de Santo António,Concelho,1.º quartil,6.17
2024,1D31103,Azambuja,Concelho,2.º quartil,6.17
2024,1941823,Viseu,Concelho,2.º quartil,6.19
2024,2004602,Madalena,Concelho,3.º quartil,6.2
2024,1111601,Arcos de Valdevez,Concelho,3.º quartil,6.22
2024,1D31403,Almeirim,Concelho,2.º quartil,6.22
2024,1C31213,Ponte de Sor,Concelho,3.º quartil,6.24
2024,1111604,Monção,Concelho,2.º quartil,6.25
2024,11D,Douro,NUTS III,3.º quartil,6.25
2024,1910115,Ovar,Concelho,2.º quartil,6.25
2024,1931016,Porto de Mós,Concelho,3.º quartil,6.25
2024,1C31207,Elvas,Concelho,3.º quartil,6.25
2024,1D21408,Constância,Concelho,3.º quartil,6.25
2024,1D,Oeste e Vale do Tejo,NUTS II,2.º quartil,6.27
2024,1500805,Faro,Concelho,1.º quartil,6.3
2024,1C11505,Grândola,Concelho,1.º quartil,6.32
2024,1C20202,Almodôvar,Concelho,3.º quartil,6.32
2024,1C20205,Beja,Concelho,2.º quartil,6.32
2024,1910105,Aveiro,Concelho,1.º quartil,6.34
2024,1D11112,Sobral de Monte Agraço,Concelho,2.º quartil,6.34
2024,2004205,Ribeira Grande,Concelho,3.º quartil,6.34
2024,1D11108,Lourinhã,Concelho,2.º quartil,6.35
2024,11A0116,São João da Madeira,Concelho,2.º quartil,6.36
2024,1910118,Vagos,Concelho,2.º quartil,6.36
2024,1C10211,Odemira,Concelho,2.º quartil,6.36
2024,1C40702,Arraiolos,Concelho,3.º quartil,6.39
2024,11A0104,Arouca,Concelho,3.º quartil,6.41
2024,1941821,Tondela,Concelho,3.º quartil,6.41
2024,1500804,Castro Marim,Concelho,1.º quartil,6.44
2024,1D21401,Abrantes,Concelho,3.º quartil,6.44
2024,11A1306,Maia,Concelho,1.º quartil,6.45
2024,2004701,Horta,Concelho,3.º quartil,6.46
2024,1D31416,Santarém,Concelho,2.º quartil,6.47
2024,1950502,Castelo Branco,Concelho,3.º quartil,6.5
2024,11A1318,Trofa,Concelho,2.º quartil,6.55
2024,3003102,Câmara de Lobos,Concelho,2.º quartil,6.57
2024,1120313,Vila Verde,Concelho,3.º quartil,6.59
2024,1120301,Amares,Concelho,3.º quartil,6.6
2024,11C1311,Penafiel,Concelho,3.º quartil,6.6
2024,1920602,Cantanhede,Concelho,3.º quartil,6.6
2024,1931015,Pombal,Concelho,3.º quartil,6.61
2024,1D21410,Entroncamento,Concelho,2.º quartil,6.64
2024,1190314,Vizela,Concelho,3.º quartil,6.67
2024,1920604,Condeixa-a-Nova,Concelho,3.º quartil,6.67
2024,1D11104,Cadaval,Concelho,3.º quartil,6.67
2024,3003101,Calheta (R.A.M.),Concelho,2.º quartil,6.67
2024,192,Região de Coimbra,NUTS III,2.º quartil,6.69
2024,1D21420,Vila Nova da Barquinha,Concelho,3.º quartil,6.7
2024,1B01507,Montijo,Concelho,1.º quartil,6.71
2024,11A0113,Oliveira de Azeméis,Concelho,3.º quartil,6.72
2024,1500815,Vila do Bispo,Concelho,1.º quartil,6.76
2024,1A01109,Mafra,Concelho,1.º quartil,6.76
2024,1D31414,Rio Maior,Concelho,3.º quartil,6.77
2024,1B01506,Moita,Concelho,1.º quartil,6.78
2024,11A0119,Vale de Cambra,Concelho,3.º quartil,6.79
2024,15,Algarve,NUTS II,1.º quartil,6.79
2024,150,Algarve,NUTS III,1.º quartil,6.79
2024,191,Região de Aveiro,NUTS III,2.º quartil,6.79
2024,1D31406,Cartaxo,Concelho,3.º quartil,6.8
2024,1500812,São Brás de Alportel,Concelho,2.º quartil,6.84
2024,3,Região Autónoma da Madeira,NUTS I,1.º quartil,6.84
2024,30,Região Autónoma da Madeira,NUTS II,1.º quartil,6.84
2024,300,Região Autónoma da Madeira,NUTS III,1.º quartil,6.84
2024,1C20201,Aljustrel,Concelho,3.º quartil,6.89
2024,1B01511,Sesimbra,Concelho,1.º quartil,6.9
2024,1C2,Baixo Alentejo,NUTS III,3.º quartil,6.9
2024,1D11014,Peniche,Concelho,2.º quartil,6.92
2024,2004203,Ponta Delgada,Concelho,2.º quartil,6.92
2024,1500809,Monchique,Concelho,3.º quartil,6.93
2024,1910114,Oliveira do Bairro,Concelho,3.º quartil,6.93
2024,1920609,Miranda do Corvo,Concelho,3.º quartil,6.93
2024,1B01502,Alcochete,Concelho,1.º quartil,6.96
2024,1910112,Murtosa,Concelho,3.º quartil,6.98
2024,1111609,Viana do Castelo,Concelho,2.º quartil,7
2024,1931009,Leiria,Concelho,2.º quartil,7
2024,1C11513,Sines,Concelho,1.º quartil,7.03
2024,1D31409,Coruche,Concelho,3.º quartil,7.04
2024,1500814,Tavira,Concelho,1.º quartil,7.05
2024,1D1,Oeste,NUTS III,2.º quartil,7.06
2024,1D11012,Óbidos,Concelho,2.º quartil,7.06
2024,1111607,Ponte de Lima,Concelho,3.º quartil,7.09
2024,11A1317,Vila Nova de Gaia,Concelho,1.º quartil,7.09
2024,1910102,Albergaria-a-Velha,Concelho,3.º quartil,7.1
2024,1111608,Valença,Concelho,3.º quartil,7.12
2024,1120306,Esposende,Concelho,2.º quartil,7.12
2024,1D31405,Benavente,Concelho,2.º quartil,7.12
2024,3003108,Santa Cruz,Concelho,1.º quartil,7.12
2024,1C40706,Montemor-o-Novo,Concelho,3.º quartil,7.13
2024,11A1316,Vila do Conde,Concelho,2.º quartil,7.14
2024,1500807,Lagos,Concelho,1.º quartil,7.14
2024,1D11102,Arruda dos Vinhos,Concelho,2.º quartil,7.14
2024,2004301,Angra do Heroísmo,Concelho,3.º quartil,7.18
2024,11A1310,Paredes,Concelho,3.º quartil,7.2
2024,11,Norte,NUTS II,2.º quartil,7.22
2024,1920605,Figueira da Foz,Concelho,2.º quartil,7.23
2024,194,Viseu Dão Lafões,NUTS III,3.º quartil,7.24
2024,1D11006,Caldas da Rainha,Concelho,2.º quartil,7.24
2024,1D2,Médio Tejo,NUTS III,3.º quartil,7.27
2024,1500808,Loulé,Concelho,1.º quartil,7.32
2024,1D21419,Torres Novas,Concelho,3.º quartil,7.33
2024,1D31415,Salvaterra de Magos,Concelho,3.º quartil,7.33
2024,11A1314,Santo Tirso,Concelho,3.º quartil,7.34
2024,1941816,São Pedro do Sul,Concelho,3.º quartil,7.34
2024,1960503,Covilhã,Concelho,3.º quartil,7.35
2024,1910101,Águeda,Concelho,3.º quartil,7.36
2024,1910103,Anadia,Concelho,3.º quartil,7.36
2024,112,Cávado,NUTS III,2.º quartil,7.38
2024,11A0109,Santa Maria da Feira,Concelho,3.º quartil,7.42
2024,1111602,Caminha,Concelho,3.º quartil,7.43
2024,1920608,Mira,Concelho,3.º quartil,7.46
2024,1A01114,Vila Franca de Xira,Concelho,1.º quartil,7.46
2024,1D11005,Bombarral,Concelho,3.º quartil,7.46
2024,11A0116,São João da Madeira,Concelho,3.º quartil,7.5
2024,1910108,Estarreja,Concelho,3.º quartil,7.5
2024,1931010,Marinha Grande,Concelho,3.º quartil,7.52
2024,1B,Península de Setúbal,NUTS II,1.º quartil,7.53
2024,1B0,Península de Setúbal,NUTS III,1.º quartil,7.53
2024,1A01111,Sintra,Concelho,1.º quartil,7.54
2024,1B01512,Setúbal,Concelho,1.º quartil,7.56
2024,1500811,Portimão,Concelho,1.º quartil,7.58
2024,3003102,Câmara de Lobos,Concelho,3.º quartil,7.58
2024,11A1304,Gondomar,Concelho,2.º quartil,7.59
2024,1920610,Montemor-o-Velho,Concelho,3.º quartil,7.59
2024,119,Ave,NUTS III,3.º quartil,7.61
2024,1931004,Batalha,Concelho,3.º quartil,7.61
2024,1B01510,Seixal,Concelho,1.º quartil,7.62
2024,11A1315,Valongo,Concelho,2.º quartil,7.65
2024,11D1714,Vila Real,Concelho,3.º quartil,7.67
2024,1C20205,Beja,Concelho,3.º quartil,7.68
2024,1D21410,Entroncamento,Concelho,3.º quartil,7.68
2024,1A01107,Loures,Concelho,1.º quartil,7.69
2024,3003104,Machico,Concelho,2.º quartil,7.69
2024,1910110,Ílhavo,Concelho,2.º quartil,7.71
2024,1D11113,Torres Vedras,Concelho,2.º quartil,7.78
2024,1D21418,Tomar,Concelho,3.º quartil,7.78
2024,1D21421,Ourém,Concelho,3.º quartil,7.78
2024,1D11101,Alenquer,Concelho,2.º quartil,7.82
2024,1C1,Alentejo Litoral,NUTS III,2.º quartil,7.84
2024,2,Região Autónoma dos Açores,NUTS I,3.º quartil,7.84
2024,20,Região Autónoma dos Açores,NUTS II,3.º quartil,7.84
2024,200,Região Autónoma dos Açores,NUTS III,3.º quartil,7.84
2024,1C40705,Évora,Concelho,2.º quartil,7.85
2024,1C,Alentejo,NUTS II,3.º quartil,7.86
2024,1500801,Albufeira,Concelho,1.º quartil,7.91
2024,1500810,Olhão,Concelho,2.º quartil,7.94
2024,1500803,Aljezur,Concelho,2.º quartil,7.96
2024,111,Alto Minho,NUTS III,3.º quartil,7.97
2024,1D3,Lezíria do Tejo,NUTS III,3.º quartil,7.97
2024,1C40712,Vendas Novas,Concelho,3.º quartil,7.98
2024,1941823,Viseu,Concelho,3.º quartil,8
2024,1D31403,Almeirim,Concelho,3.º quartil,8
2024,1120302,Barcelos,Concelho,3.º quartil,8.01
2024,1B01504,Barreiro,Concelho,1.º quartil,8.02
2024,1120303,Braga,Concelho,2.º quartil,8.04
2024,1910118,Vagos,Concelho,3.º quartil,8.06
2024,11A1313,Póvoa de Varzim,Concelho,2.º quartil,8.09
2024,1190312,Vila Nova de Famalicão,Concelho,3.º quartil,8.1
2024,1910115,Ovar,Concelho,3.º quartil,8.1
2024,1D11011,Nazaré,Concelho,2.º quartil,8.11
2024,2004201,Lagoa (R.A.A.),Concelho,3.º quartil,8.2
2024,11A1308,Matosinhos,Concelho,1.º quartil,8.21
2024,1D11001,Alcobaça,Concelho,3.º quartil,8.31
2024,1C11501,Alcácer do Sal,Concelho,2.º quartil,8.32
2024,1190308,Guimarães,Concelho,3.º quartil,8.33
2024,1C4,Alentejo Central,NUTS III,3.º quartil,8.33
2024,1D11112,Sobral de Monte Agraço,Concelho,3.º quartil,8.33
2024,2004302,Vila da Praia da Vitória,Concelho,3.º quartil,8.33
2024,19,Centro,NUTS II,3.º quartil,8.38
2024,193,Região de Leiria,NUTS III,3.º quartil,8.39
2024,1C11509,Santiago do Cacém,Concelho,2.º quartil,8.4
2024,1500806,Lagoa,Concelho,2.º quartil,8.41
2024,1A01116,Odivelas,Concelho,1.º quartil,8.41
2024,1D,Oeste e Vale do Tejo,NUTS II,3.º quartil,8.42
2024,1920603,Coimbra,Concelho,2.º quartil,8.47
2024,PT,Portugal,Nacional,2.º quartil,8.47
2024,1500804,Castro Marim,Concelho,2.º quartil,8.48
2024,1,Continente,NUTS I,2.º quartil,8.5
2024,1C10211,Odemira,Concelho,3.º quartil,8.51
2024,11A0107,Espinho,Concelho,2.º quartil,8.56
2024,1B01508,Palmela,Concelho,2.º quartil,8.56
2024,1C20206,Castro Verde,Concelho,3.º quartil,8.57
2024,1D31103,Azambuja,Concelho,3.º quartil,8.62
2024,1D11108,Lourinhã,Concelho,3.º quartil,8.64
2024,3003103,Funchal,Concelho,1.º quartil,8.66
2024,11A1306,Maia,Concelho,2.º quartil,8.67
2024,1D31416,Santarém,Concelho,3.º quartil,8.69
2024,1111609,Viana do Castelo,Concelho,3.º quartil,8.7
2024,1111604,Monção,Concelho,3.º quartil,8.75
2024,1D11102,Arruda dos Vinhos,Concelho,3.º quartil,8.78
2024,1500816,Vila Real de Santo António,Concelho,2.º quartil,8.8
2024,1500812,São Brás de Alportel,Concelho,3.º quartil,8.82
2024,1B01503,Almada,Concelho,1.º quartil,8.82
2024,11A1318,Trofa,Concelho,3.º quartil,8.85
2024,3003107,Ribeira Brava,Concelho,2.º quartil,8.86
2024,1920614,Penela,Concelho,3.º quartil,8.89
2024,1D31405,Benavente,Concelho,3.º quartil,8.89
2024,1B01506,Moita,Concelho,2.º quartil,8.92
2024,1500805,Faro,Concelho,2.º quartil,8.93
2024,1500815,Vila do Bispo,Concelho,2.º quartil,8.93
2024,1120306,Esposende,Concelho,3.º quartil,8.95
2024,1910105,Aveiro,Concelho,2.º quartil,8.99
2024,1D11006,Caldas da Rainha,Concelho,3.º quartil,9.02
2024,1B01507,Montijo,Concelho,2.º quartil,9.07
2024,2004203,Ponta Delgada,Concelho,3.º quartil,9.08
2024,1500813,Silves,Concelho,2.º quartil,9.09
2024,11A,Área Metropolitana do Porto,NUTS III,2.º quartil,9.14
2024,1D11014,Peniche,Concelho,3.º quartil,9.14
2024,1A01115,Amadora,Concelho,1.º quartil,9.15
2024,1920605,Figueira da Foz,Concelho,3.º quartil,9.18
2024,1B01502,Alcochete,Concelho,2.º quartil,9.19
2024,11A1315,Valongo,Concelho,3.º quartil,9.27
2024,1D1,Oeste,NUTS III,3.º quartil,9.27
2024,1B01511,Sesimbra,Concelho,2.º quartil,9.31
2024,1C11505,Grândola,Concelho,2.º quartil,9.31
2024,3003108,Santa Cruz,Concelho,2.º quartil,9.32
2024,192,Região de Coimbra,NUTS III,3.º quartil,9.36
2024,1931009,Leiria,Concelho,3.º quartil,9.37
2024,191,Região de Aveiro,NUTS III,3.º quartil,9.41
2024,3003101,Calheta (R.A.M.),Concelho,3.º quartil,9.44
2024,11A1312,Porto,Concelho,1.º quartil,9.51
2024,1A,Grande Lisboa,NUTS II,1.º quartil,9.51
2024,1A0,Grande Lisboa,NUTS III,1.º quartil,9.51
2024,11A1304,Gondomar,Concelho,3.º quartil,9.57
2024,11A1317,Vila Nova de Gaia,Concelho,2.º quartil,9.6
2024,1A01109,Mafra,Concelho,2.º quartil,9.65
2024,11A1316,Vila do Conde,Concelho,3.º quartil,9.66
2024,112,Cávado,NUTS III,3.º quartil,9.68
2024,15,Algarve,NUTS II,2.º quartil,9.74
2024,150,Algarve,NUTS III,2.º quartil,9.74
2024,1D11113,Torres Vedras,Concelho,3.º quartil,9.76
2024,1D11101,Alenquer,Concelho,3.º quartil,9.79
2024,1A01114,Vila Franca de Xira,Concelho,2.º quartil,9.81
2024,3003104,Machico,Concelho,3.º quartil,9.83
2024,1500814,Tavira,Concelho,2.º quartil,9.96
2024,1B01512,Setúbal,Concelho,2.º quartil,10
2024,1B01510,Seixal,Concelho,2.º quartil,10.02
2024,1A01111,Sintra,Concelho,2.º quartil,10.07
2024,1B01504,Barreiro,Concelho,2.º quartil,10.07
2024,1B,Península de Setúbal,NUTS II,2.º quartil,10.16
2024,1B0,Península de Setúbal,NUTS III,2.º quartil,10.16
2024,11A1313,Póvoa de Varzim,Concelho,3.º quartil,10.19
2024,1120303,Braga,Concelho,3.º quartil,10.31
2024,1910110,Ílhavo,Concelho,3.º quartil,10.36
2024,1500811,Portimão,Concelho,2.º quartil,10.5
2024,1500810,Olhão,Concelho,3.º quartil,10.51
2024,1C40705,Évora,Concelho,3.º quartil,10.53
2024,3,Região Autónoma da Madeira,NUTS I,2.º quartil,10.61
2024,30,Região Autónoma da Madeira,NUTS II,2.º quartil,10.61
2024,300,Região Autónoma da Madeira,NUTS III,2.º quartil,10.61
2024,1A01107,Loures,Concelho,2.º quartil,10.66
2024,1500801,Albufeira,Concelho,2.º quartil,10.71
2024,11,Norte,NUTS II,3.º quartil,10.73
2024,1920603,Coimbra,Concelho,3.º quartil,10.75
2024,1A01110,Oeiras,Concelho,1.º quartil,10.77
2024,1D11011,Nazaré,Concelho,3.º quartil,10.77
2024,1D11012,Óbidos,Concelho,3.º quartil,10.77
2024,1500807,Lagos,Concelho,2.º quartil,10.8
2024,11A1306,Maia,Concelho,3.º quartil,10.9
2024,1500816,Vila Real de Santo António,Concelho,3.º quartil,10.9
2024,1500808,Loulé,Concelho,2.º quartil,11
2024,1C11509,Santiago do Cacém,Concelho,3.º quartil,11.11
2024,1C1,Alentejo Litoral,NUTS III,3.º quartil,11.23
2024,1A01105,Cascais,Concelho,1.º quartil,11.28
2024,1B01508,Palmela,Concelho,3.º quartil,11.39
2024,11A1308,Matosinhos,Concelho,2.º quartil,11.44
2024,1C11513,Sines,Concelho,2.º quartil,11.45
2024,11A0107,Espinho,Concelho,3.º quartil,11.5
2024,3003107,Ribeira Brava,Concelho,3.º quartil,11.53
2024,1C11501,Alcácer do Sal,Concelho,3.º quartil,11.55
2024,1A01116,Odivelas,Concelho,2.º quartil,11.64
2024,1B01506,Moita,Concelho,3.º quartil,11.66
2024,1B01507,Montijo,Concelho,3.º quartil,11.68
2024,1500805,Faro,Concelho,3.º quartil,11.77
2024,1B01511,Sesimbra,Concelho,3.º quartil,11.78
2024,1500804,Castro Marim,Concelho,3.º quartil,11.79
2024,3003108,Santa Cruz,Concelho,3.º quartil,11.79
2024,1B01502,Alcochete,Concelho,3.º quartil,11.93
2024,1B01503,Almada,Concelho,2.º quartil,11.93
2024,1A01115,Amadora,Concelho,2.º quartil,12
2024,1500806,Lagoa,Concelho,3.º quartil,12.05
2024,1A01114,Vila Franca de Xira,Concelho,3.º quartil,12.1
2024,1500813,Silves,Concelho,3.º quartil,12.16
2024,1B01504,Barreiro,Concelho,3.º quartil,12.28
2024,1A01106,Lisboa,Concelho,1.º quartil,12.33
2024,11A1317,Vila Nova de Gaia,Concelho,3.º quartil,12.5
2024,1910105,Aveiro,Concelho,3.º quartil,12.5
2024,1500814,Tavira,Concelho,3.º quartil,12.53
2024,1B01510,Seixal,Concelho,3.º quartil,12.55
2024,1500815,Vila do Bispo,Concelho,3.º quartil,12.57
2024,1B01512,Setúbal,Concelho,3.º quartil,12.67
2024,1C11505,Grândola,Concelho,3.º quartil,12.7
2024,1500803,Aljezur,Concelho,3.º quartil,12.76
2024,3003103,Funchal,Concelho,2.º quartil,12.76
2024,1A01111,Sintra,Concelho,3.º quartil,12.86
2024,PT,Portugal,Nacional,3.º quartil,12.87
2024,1,Continente,NUTS I,3.º quartil,12.9
2024,1B,Península de Setúbal,NUTS II,3.º quartil,13
2024,1B0,Península de Setúbal,NUTS III,3.º quartil,13
2024,11A,Área Metropolitana do Porto,NUTS III,3.º quartil,13.04
2024,1A01109,Mafra,Concelho,3.º quartil,13.1
2024,15,Algarve,NUTS II,3.º quartil,13.19
2024,150,Algarve,NUTS III,3.º quartil,13.19
2024,11A1312,Porto,Concelho,2.º quartil,13.21
2024,1A,Grande Lisboa,NUTS II,2.º quartil,13.33
2024,1A0,Grande Lisboa,NUTS III,2.º quartil,13.33
2024,1500811,Portimão,Concelho,3.º quartil,13.46
2024,1A01107,Loures,Concelho,3.º quartil,13.88
2024,1A01110,Oeiras,Concelho,2.º quartil,13.92
2024,1500801,Albufeira,Concelho,3.º quartil,14.04
2024,3,Região Autónoma da Madeira,NUTS I,3.º quartil,14.34
2024,30,Região Autónoma da Madeira,NUTS II,3.º quartil,14.34
2024,300,Região Autónoma da Madeira,NUTS III,3.º quartil,14.34
2024,1A01116,Odivelas,Concelho,3.º quartil,14.47
2024,1500807,Lagos,Concelho,3.º quartil,14.71
2024,1A01115,Amadora,Concelho,3.º quartil,14.96
2024,11A1308,Matosinhos,Concelho,3.º quartil,15.09
2024,1B01503,Almada,Concelho,3.º quartil,15.32
2024,1500808,Loulé,Concelho,3.º quartil,15.64
2024,1C11513,Sines,Concelho,3.º quartil,15.75
2024,1A01105,Cascais,Concelho,2.º quartil,15.76
2024,3003103,Funchal,Concelho,3.º quartil,16.12
2024,1A01106,Lisboa,Concelho,2.º quartil,16.31
2024,11A1312,Porto,Concelho,3.º quartil,17.32
2024,1A01110,Oeiras,Concelho,3.º quartil,17.42
2024,1A,Grande Lisboa,NUTS II,3.º quartil,17.86
2024,1A0,Grande Lisboa,NUTS III,3.º quartil,17.86
2024,1A01105,Cascais,Concelho,3.º quartil,20.62
2024,1A01106,Lisboa,Concelho,3.º quartil,20.97
2024,1120310,Terras de Bouro,Concelho,1.º quartil,
2024,1120310,Terras de Bouro,Concelho,2.º quartil,
2024,1120310,Terras de Bouro,Concelho,3.º quartil,
2024,11B1702,Boticas,Concelho,1.º quartil,
2024,11B1702,Boticas,Concelho,2.º quartil,
2024,11B1702,Boticas,Concelho,3.º quartil,
2024,11B1706,Montalegre,Concelho,1.º quartil,
2024,11B1706,Montalegre,Concelho,2.º quartil,
2024,11B1706,Montalegre,Concelho,3.º quartil,
2024,11B1709,Ribeira de Pena,Concelho,1.º quartil,
2024,11B1709,Ribeira de Pena,Concelho,2.º quartil,
2024,11B1709,Ribeira de Pena,Concelho,3.º quartil,
2024,11C1813,Resende,Concelho,1.º quartil,
2024,11C1813,Resende,Concelho,2.º quartil,
2024,11C1813,Resende,Concelho,3.º quartil,
2024,11D0403,Carrazeda de Ansiães,Concelho,1.º quartil,
2024,11D0403,Carrazeda de Ansiães,Concelho,2.º quartil,
2024,11D0403,Carrazeda de Ansiães,Concelho,3.º quartil,
2024,11D0404,Freixo de Espada à Cinta,Concelho,1.º quartil,
2024,11D0404,Freixo de Espada à Cinta,Concelho,2.º quartil,
2024,11D0404,Freixo de Espada à Cinta,Concelho,3.º quartil,
2024,11D1704,Mesão Frio,Concelho,1.º quartil,
2024,11D1704,Mesão Frio,Concelho,2.º quartil,
2024,11D1704,Mesão Frio,Concelho,3.º quartil,
2024,11D1707,Murça,Concelho,1.º quartil,
2024,11D1707,Murça,Concelho,2.º quartil,
2024,11D1707,Murça,Concelho,3.º quartil,
2024,11D1710,Sabrosa,Concelho,1.º quartil,
2024,11D1710,Sabrosa,Concelho,2.º quartil,
2024,11D1710,Sabrosa,Concelho,3.º quartil,
2024,11D1711,Santa Marta de Penaguião,Concelho,1.º quartil,
2024,11D1711,Santa Marta de Penaguião,Concelho,2.º quartil,
2024,11D1711,Santa Marta de Penaguião,Concelho,3.º quartil,
2024,11D1801,Armamar,Concelho,1.º quartil,
2024,11D1801,Armamar,Concelho,2.º quartil,
2024,11D1801,Armamar,Concelho,3.º quartil,
2024,11D1812,Penedono,Concelho,1.º quartil,
2024,11D1812,Penedono,Concelho,2.º quartil,
2024,11D1812,Penedono,Concelho,3.º quartil,
2024,11D1815,São João da Pesqueira,Concelho,1.º quartil,
2024,11D1815,São João da Pesqueira,Concelho,2.º quartil,
2024,11D1815,São João da Pesqueira,Concelho,3.º quartil,
2024,11D1818,Sernancelhe,Concelho,1.º quartil,
2024,11D1818,Sernancelhe,Concelho,2.º quartil,
2024,11D1818,Sernancelhe,Concelho,3.º quartil,
2024,11D1819,Tabuaço,Concelho,1.º quartil,
2024,11D1819,Tabuaço,Concelho,2.º quartil,
2024,11D1819,Tabuaço,Concelho,3.º quartil,
2024,11E0401,Alfândega da Fé,Concelho,1.º quartil,
2024,11E0401,Alfândega da Fé,Concelho,2.º quartil,
2024,11E0401,Alfândega da Fé,Concelho,3.º quartil,
2024,11E0411,Vimioso,Concelho,1.º quartil,
2024,11E0411,Vimioso,Concelho,2.º quartil,
2024,11E0411,Vimioso,Concelho,3.º quartil,
2024,11E0412,Vinhais,Concelho,1.º quartil,
2024,11E0412,Vinhais,Concelho,2.º quartil,
2024,11E0412,Vinhais,Concelho,3.º quartil,
2024,1500802,Alcoutim,Concelho,1.º quartil,
2024,1500802,Alcoutim,Concelho,2.º quartil,
2024,1500802,Alcoutim,Concelho,3.º quartil,
2024,1920606,Góis,Concelho,1.º quartil,
2024,1920606,Góis,Concelho,2.º quartil,
2024,1920606,Góis,Concelho,3.º quartil,
2024,1920612,Pampilhosa da Serra,Concelho,1.º quartil,
2024,1920612,Pampilhosa da Serra,Concelho,2.º quartil,
2024,1920612,Pampilhosa da Serra,Concelho,3.º quartil,
2024,1931013,Pedrógão Grande,Concelho,1.º quartil,
2024,1931013,Pedrógão Grande,Concelho,2.º quartil,
2024,1931013,Pedrógão Grande,Concelho,3.º quartil,
2024,1941811,Penalva do Castelo,Concelho,1.º quartil,
2024,1941811,Penalva do Castelo,Concelho,2.º quartil,
2024,1941811,Penalva do Castelo,Concelho,3.º quartil,
2024,1941822,Vila Nova de Paiva,Concelho,1.º quartil,
2024,1941822,Vila Nova de Paiva,Concelho,2.º quartil,
2024,1941822,Vila Nova de Paiva,Concelho,3.º quartil,
2024,1950506,Oleiros,Concelho,1.º quartil,
2024,1950506,Oleiros,Concelho,2.º quartil,
2024,1950506,Oleiros,Concelho,3.º quartil,
2024,1950507,Penamacor,Concelho,1.º quartil,
2024,1950507,Penamacor,Concelho,2.º quartil,
2024,1950507,Penamacor,Concelho,3.º quartil,
2024,1950510,Vila de Rei,Concelho,1.º quartil,
2024,1950510,Vila de Rei,Concelho,2.º quartil,
2024,1950510,Vila de Rei,Concelho,3.º quartil,
2024,1960902,Almeida,Concelho,1.º quartil,
2024,1960902,Almeida,Concelho,2.º quartil,
2024,1960902,Almeida,Concelho,3.º quartil,
2024,1960904,Figueira de Castelo Rodrigo,Concelho,1.º quartil,
2024,1960904,Figueira de Castelo Rodrigo,Concelho,2.º quartil,
2024,1960904,Figueira de Castelo Rodrigo,Concelho,3.º quartil,
2024,1960905,Fornos de Algodres,Concelho,1.º quartil,
2024,1960905,Fornos de Algodres,Concelho,2.º quartil,
2024,1960905,Fornos de Algodres,Concelho,3.º quartil,
2024,1960908,Manteigas,Concelho,1.º quartil,
2024,1960908,Manteigas,Concelho,2.º quartil,
2024,1960908,Manteigas,Concelho,3.º quartil,
2024,1C20203,Alvito,Concelho,1.º quartil,
2024,1C20203,Alvito,Concelho,2.º quartil,
2024,1C20203,Alvito,Concelho,3.º quartil,
2024,1C20204,Barrancos,Concelho,1.º quartil,
2024,1C20204,Barrancos,Concelho,2.º quartil,
2024,1C20204,Barrancos,Concelho,3.º quartil,
2024,1C20209,Mértola,Concelho,1.º quartil,
2024,1C20209,Mértola,Concelho,2.º quartil,
2024,1C20209,Mértola,Concelho,3.º quartil,
2024,1C20212,Ourique,Concelho,1.º quartil,
2024,1C20212,Ourique,Concelho,2.º quartil,
2024,1C20212,Ourique,Concelho,3.º quartil,
2024,1C31203,Avis,Concelho,1.º quartil,
2024,1C31203,Avis,Concelho,2.º quartil,
2024,1C31203,Avis,Concelho,3.º quartil,
2024,1C31205,Castelo de Vide,Concelho,1.º quartil,
2024,1C31205,Castelo de Vide,Concelho,2.º quartil,
2024,1C31205,Castelo de Vide,Concelho,3.º quartil,
2024,1C31206,Crato,Concelho,1.º quartil,
2024,1C31206,Crato,Concelho,2.º quartil,
2024,1C31206,Crato,Concelho,3.º quartil,
2024,1C31208,Fronteira,Concelho,1.º quartil,
2024,1C31208,Fronteira,Concelho,2.º quartil,
2024,1C31208,Fronteira,Concelho,3.º quartil,
2024,1C31209,Gavião,Concelho,1.º quartil,
2024,1C31209,Gavião,Concelho,2.º quartil,
2024,1C31209,Gavião,Concelho,3.º quartil,
2024,1C31210,Marvão,Concelho,1.º quartil,
2024,1C31210,Marvão,Concelho,2.º quartil,
2024,1C31210,Marvão,Concelho,3.º quartil,
2024,1C31211,Monforte,Concelho,1.º quartil,
2024,1C31211,Monforte,Concelho,2.º quartil,
2024,1C31211,Monforte,Concelho,3.º quartil,
2024,1C40701,Alandroal,Concelho,1.º quartil,
2024,1C40701,Alandroal,Concelho,2.º quartil,
2024,1C40701,Alandroal,Concelho,3.º quartil,
2024,1C40708,Mourão,Concelho,1.º quartil,
2024,1C40708,Mourão,Concelho,2.º quartil,
2024,1C40708,Mourão,Concelho,3.º quartil,
2024,1C40709,Portel,Concelho,1.º quartil,
2024,1C40709,Portel,Concelho,2.º quartil,
2024,1C40709,Portel,Concelho,3.º quartil,
2024,1C40713,Viana do Alentejo,Concelho,1.º quartil,
2024,1C40713,Viana do Alentejo,Concelho,2.º quartil,
2024,1C40713,Viana do Alentejo,Concelho,3.º quartil,
2024,1D21417,Sardoal,Concelho,1.º quartil,
2024,1D21417,Sardoal,Concelho,2.º quartil,
2024,1D21417,Sardoal,Concelho,3.º quartil,
2024,2004101,Vila do Porto,Concelho,1.º quartil,
2024,2004101,Vila do Porto,Concelho,2.º quartil,
2024,2004101,Vila do Porto,Concelho,3.º quartil,
2024,2004202,Nordeste,Concelho,1.º quartil,
2024,2004202,Nordeste,Concelho,2.º quartil,
2024,2004202,Nordeste,Concelho,3.º quartil,
2024,2004204,Povoação,Concelho,1.º quartil,
2024,2004204,Povoação,Concelho,2.º quartil,
2024,2004204,Povoação,Concelho,3.º quartil,
2024,2004206,Vila Franca do Campo,Concelho,1.º quartil,
2024,2004206,Vila Franca do Campo,Concelho,2.º quartil,
2024,2004206,Vila Franca do Campo,Concelho,3.º quartil,
2024,2004401,Santa Cruz da Graciosa,Concelho,1.º quartil,
2024,2004401,Santa Cruz da Graciosa,Concelho,2.º quartil,
2024,2004401,Santa Cruz da Graciosa,Concelho,3.º quartil,
2024,2004501,Calheta (R.A.A.),Concelho,1.º quartil,
2024,2004501,Calheta (R.A.A.),Concelho,2.º quartil,
2024,2004501,Calheta (R.A.A.),Concelho,3.º quartil,
2024,2004601,Lajes do Pico,Concelho,1.º quartil,
2024,2004601,Lajes do Pico,Concelho,2.º quartil,
2024,2004601,Lajes do Pico,Concelho,3.º quartil,
2024,2004603,São Roque do Pico,Concelho,1.º quartil,
2024,2004603,São Roque do Pico,Concelho,2.º quartil,
2024,2004603,São Roque do Pico,Concelho,3.º quartil,
2024,2004801,Lajes das Flores,Concelho,1.º quartil,
2024,2004801,Lajes das Flores,Concelho,2.º quartil,
2024,2004801,Lajes das Flores,Concelho,3.º quartil,
2024,2004802,Santa Cruz das Flores,Concelho,1.º quartil,
2024,2004802,Santa Cruz das Flores,Concelho,2.º quartil,
2024,2004802,Santa Cruz das Flores,Concelho,3.º quartil,
2024,2004901,Corvo,Concelho,1.º quartil,
2024,2004901,Corvo,Concelho,2.º quartil,
2024,2004901,Corvo,Concelho,3.º quartil,
2024,3003105,Ponta do Sol,Concelho,1.º quartil,
2024,3003105,Ponta do Sol,Concelho,2.º quartil,
2024,3003105,Ponta do Sol,Concelho,3.º quartil,
2024,3003106,Porto Moniz,Concelho,1.º quartil,
2024,3003106,Porto Moniz,Concelho,2.º quartil,
2024,3003106,Porto Moniz,Concelho,3.º quartil,
2024,3003109,Santana,Concelho,1.º quartil,
2024,3003109,Santana,Concelho,2.º quartil,
2024,3003109,Santana,Concelho,3.º quartil,
2024,3003110,São Vicente,Concelho,1.º quartil,
2024,3003110,São Vicente,Concelho,2.º quartil,
2024,3003110,São Vicente,Concelho,3.º quartil,
2024,3003201,Porto Santo,Concelho,1.º quartil,
2024,3003201,Porto Santo,Concelho,2.º quartil,
2024,3003201,Porto Santo,Concelho,3.º quartil,
2025,1A,Grande Lisboa,NUTS II,1.º quartil,10.36
2025,1A01107,Loures,Concelho,1.º quartil,8.4
2025,1A0,Grande Lisboa,NUTS III,1.º quartil,10.36
2025,1A01105,Cascais,Concelho,1.º quartil,11.78
2025,1A01106,Lisboa,Concelho,1.º quartil,13.11
2025,1A01109,Mafra,Concelho,1.º quartil,7.62
2025,1A01110,Oeiras,Concelho,1.º quartil,11.9
2025,1A01111,Sintra,Concelho,1.º quartil,8.29
2025,1111601,Arcos de Valdevez,Concelho,1.º quartil,3.33
2025,1,Continente,NUTS I,1.º quartil,5.8
2025,11,Norte,NUTS II,1.º quartil,5.04
2025,1120301,Amares,Concelho,1.º quartil,4.13
2025,1120302,Barcelos,Concelho,1.º quartil,4.17
2025,1120303,Braga,Concelho,1.º quartil,6.53
2025,1120306,Esposende,Concelho,1.º quartil,5.37
2025,1120310,Terras de Bouro,Concelho,1.º quartil,
2025,1120313,Vila Verde,Concelho,1.º quartil,4.12
2025,119,Ave,NUTS III,1.º quartil,4.05
2025,1190304,Cabeceiras de Basto,Concelho,1.º quartil,2.56
2025,1190307,Fafe,Concelho,1.º quartil,3.53
2025,1190312,Vila Nova de Famalicão,Concelho,1.º quartil,4.58
2025,1190308,Guimarães,Concelho,1.º quartil,4.3
2025,1190309,Póvoa de Lanhoso,Concelho,1.º quartil,3.33
2025,1190311,Vieira do Minho,Concelho,1.º quartil,3.6
2025,1190314,Vizela,Concelho,1.º quartil,3.48
2025,1191705,Mondim de Basto,Concelho,1.º quartil,3.1
2025,11A,Área Metropolitana do Porto,NUTS III,1.º quartil,6.84
2025,11A0104,Arouca,Concelho,1.º quartil,3.97
2025,11A0107,Espinho,Concelho,1.º quartil,7.39
2025,11A0109,Santa Maria da Feira,Concelho,1.º quartil,4.76
2025,11A0113,Oliveira de Azeméis,Concelho,1.º quartil,4.05
2025,11A0116,São João da Madeira,Concelho,1.º quartil,5.3
2025,11A0119,Vale de Cambra,Concelho,1.º quartil,4.32
2025,11A1304,Gondomar,Concelho,1.º quartil,6.28
2025,11A1306,Maia,Concelho,1.º quartil,7.32
2025,11A1308,Matosinhos,Concelho,1.º quartil,8.94
2025,11A1310,Paredes,Concelho,1.º quartil,4.15
2025,11A1312,Porto,Concelho,1.º quartil,10.61
2025,11A1313,Póvoa de Varzim,Concelho,1.º quartil,6.74
2025,11A1314,Santo Tirso,Concelho,1.º quartil,4
2025,11A1315,Valongo,Concelho,1.º quartil,6.11
2025,11A1316,Vila do Conde,Concelho,1.º quartil,5.47
2025,11A1317,Vila Nova de Gaia,Concelho,1.º quartil,7.84
2025,11A1318,Trofa,Concelho,1.º quartil,4.71
2025,11B,Alto Tâmega e Barroso,NUTS III,1.º quartil,3.5
2025,11B1702,Boticas,Concelho,1.º quartil,
2025,11B1703,Chaves,Concelho,1.º quartil,4.07
2025,11B1706,Montalegre,Concelho,1.º quartil,
2025,11B1709,Ribeira de Pena,Concelho,1.º quartil,
2025,11B1712,Valpaços,Concelho,1.º quartil,2.8
2025,111,Alto Minho,NUTS III,1.º quartil,4.54
2025,1111602,Caminha,Concelho,1.º quartil,4.42
2025,1111603,Melgaço,Concelho,1.º quartil,3.07
2025,1111604,Monção,Concelho,1.º quartil,4.48
2025,1111605,Paredes de Coura,Concelho,1.º quartil,3.14
2025,1111606,Ponte da Barca,Concelho,1.º quartil,3.35
2025,1111607,Ponte de Lima,Concelho,1.º quartil,4.18
2025,1111608,Valença,Concelho,1.º quartil,3.77
2025,1111609,Viana do Castelo,Concelho,1.º quartil,5.83
2025,1111610,Vila Nova de Cerveira,Concelho,1.º quartil,3.08
2025,112,Cávado,NUTS III,1.º quartil,5.68
2025,3003105,Ponta do Sol,Concelho,1.º quartil,
2025,3003106,Porto Moniz,Concelho,1.º quartil,
2025,3003107,Ribeira Brava,Concelho,1.º quartil,3.5
2025,3003108,Santa Cruz,Concelho,1.º quartil,7.69
2025,3003109,Santana,Concelho,1.º quartil,
2025,3003110,São Vicente,Concelho,1.º quartil,
2025,3003201,Porto Santo,Concelho,1.º quartil,
2025,PT,Portugal,Nacional,1.º quartil,5.78
2025,1D11014,Peniche,Concelho,1.º quartil,5.29
2025,1D11101,Alenquer,Concelho,1.º quartil,6
2025,1D11102,Arruda dos Vinhos,Concelho,1.º quartil,5.78
2025,1D11104,Cadaval,Concelho,1.º quartil,3.88
2025,1D11108,Lourinhã,Concelho,1.º quartil,4.86
2025,1D11112,Sobral de Monte Agraço,Concelho,1.º quartil,5.22
2025,1D11113,Torres Vedras,Concelho,1.º quartil,5.79
2025,1D2,Médio Tejo,NUTS III,1.º quartil,4.56
2025,1D21401,Abrantes,Concelho,1.º quartil,4.17
2025,1D21402,Alcanena,Concelho,1.º quartil,3.76
2025,1D21408,Constância,Concelho,1.º quartil,
2025,1D21410,Entroncamento,Concelho,1.º quartil,5.52
2025,1D21411,Ferreira do Zêzere,Concelho,1.º quartil,3.61
2025,1D21413,Mação,Concelho,1.º quartil,
2025,1D21417,Sardoal,Concelho,1.º quartil,
2025,1D21418,Tomar,Concelho,1.º quartil,4.86
2025,1D21419,Torres Novas,Concelho,1.º quartil,4.67
2025,1D21420,Vila Nova da Barquinha,Concelho,1.º quartil,4.37
2025,1D21421,Ourém,Concelho,1.º quartil,4.9
2025,1D3,Lezíria do Tejo,NUTS III,1.º quartil,4.54
2025,1D31103,Azambuja,Concelho,1.º quartil,4.9
2025,1D31403,Almeirim,Concelho,1.º quartil,4.56
2025,1D31404,Alpiarça,Concelho,1.º quartil,3.1
2025,1D31405,Benavente,Concelho,1.º quartil,5.94
2025,1D31406,Cartaxo,Concelho,1.º quartil,4.61
2025,1D31407,Chamusca,Concelho,1.º quartil,2.63
2025,1D31409,Coruche,Concelho,1.º quartil,4.2
2025,1C31209,Gavião,Concelho,1.º quartil,
2025,1C31210,Marvão,Concelho,1.º quartil,1.97
2025,1C31211,Monforte,Concelho,1.º quartil,
2025,1C31212,Nisa,Concelho,1.º quartil,
2025,1C31213,Ponte de Sor,Concelho,1.º quartil,3.8
2025,1C31214,Portalegre,Concelho,1.º quartil,3
2025,1C31215,Sousel,Concelho,1.º quartil,2.22
2025,1C4,Alentejo Central,NUTS III,1.º quartil,3.58
2025,1C40701,Alandroal,Concelho,1.º quartil,
2025,1C40702,Arraiolos,Concelho,1.º quartil,2.92
2025,1C40703,Borba,Concelho,1.º quartil,2.36
2025,1C40704,Estremoz,Concelho,1.º quartil,2.87
2025,1C40705,Évora,Concelho,1.º quartil,5.4
2025,1C40706,Montemor-o-Novo,Concelho,1.º quartil,4.1
2025,1C40707,Mora,Concelho,1.º quartil,2.82
2025,1C40708,Mourão,Concelho,1.º quartil,
2025,1C40709,Portel,Concelho,1.º quartil,
2025,1C40713,Viana do Alentejo,Concelho,1.º quartil,2.77
2025,1C40710,Redondo,Concelho,1.º quartil,2.5
2025,1C40711,Reguengos de Monsaraz,Concelho,1.º quartil,3.67
2025,1C40712,Vendas Novas,Concelho,1.º quartil,4.38
2025,1C40714,Vila Viçosa,Concelho,1.º quartil,1.76
2025,1D,Oeste e Vale do Tejo,NUTS II,1.º quartil,4.9
2025,1D1,Oeste,NUTS III,1.º quartil,5.36
2025,1D11001,Alcobaça,Concelho,1.º quartil,4.69
2025,1D11005,Bombarral,Concelho,1.º quartil,4.83
2025,1D11006,Caldas da Rainha,Concelho,1.º quartil,5.73
2025,1D11011,Nazaré,Concelho,1.º quartil,5.57
2025,1D11012,Óbidos,Concelho,1.º quartil,4.99
2025,2004205,Ribeira Grande,Concelho,1.º quartil,3.95
2025,2004206,Vila Franca do Campo,Concelho,1.º quartil,
2025,2004301,Angra do Heroísmo,Concelho,1.º quartil,3.93
2025,2004302,Vila da Praia da Vitória,Concelho,1.º quartil,4.24
2025,2004401,Santa Cruz da Graciosa,Concelho,1.º quartil,
2025,2004501,Calheta (R.A.A.),Concelho,1.º quartil,
2025,2004502,Velas,Concelho,1.º quartil,3.91
2025,2004601,Lajes do Pico,Concelho,1.º quartil,
2025,2004602,Madalena,Concelho,1.º quartil,3.43
2025,2004603,São Roque do Pico,Concelho,1.º quartil,
2025,2004701,Horta,Concelho,1.º quartil,3.34
2025,2004801,Lajes das Flores,Concelho,1.º quartil,
2025,2004802,Santa Cruz das Flores,Concelho,1.º quartil,
2025,2004901,Corvo,Concelho,1.º quartil,
2025,3,Região Autónoma da Madeira,NUTS I,1.º quartil,7.04
2025,30,Região Autónoma da Madeira,NUTS II,1.º quartil,7.04
2025,300,Região Autónoma da Madeira,NUTS III,1.º quartil,7.04
2025,3003101,Calheta (R.A.M.),Concelho,1.º quartil,4.02
2025,3003102,Câmara de Lobos,Concelho,1.º quartil,4.64
2025,3003103,Funchal,Concelho,1.º quartil,9.26
2025,3003104,Machico,Concelho,1.º quartil,5
2025,1A01114,Vila Franca de Xira,Concelho,1.º quartil,8
2025,1A01115,Amadora,Concelho,1.º quartil,9.96
2025,1C20214,Vidigueira,Concelho,1.º quartil,
2025,1C3,Alto Alentejo,NUTS III,1.º quartil,2.84
2025,1C31201,Alter do Chão,Concelho,1.º quartil,
2025,1C31202,Arronches,Concelho,1.º quartil,2.23
2025,1C31203,Avis,Concelho,1.º quartil,
2025,1C31204,Campo Maior,Concelho,1.º quartil,2.16
2025,1C31205,Castelo de Vide,Concelho,1.º quartil,
2025,1C31206,Crato,Concelho,1.º quartil,
2025,1C31207,Elvas,Concelho,1.º quartil,3.36
2025,1C31208,Fronteira,Concelho,1.º quartil,
2025,1D31412,Golegã,Concelho,1.º quartil,4.09
2025,1D31414,Rio Maior,Concelho,1.º quartil,4.04
2025,1D31415,Salvaterra de Magos,Concelho,1.º quartil,4.49
2025,1D31416,Santarém,Concelho,1.º quartil,4.81
2025,2,Região Autónoma dos Açores,NUTS I,1.º quartil,3.88
2025,20,Região Autónoma dos Açores,NUTS II,1.º quartil,3.88
2025,200,Região Autónoma dos Açores,NUTS III,1.º quartil,3.88
2025,2004101,Vila do Porto,Concelho,1.º quartil,
2025,2004201,Lagoa (R.A.A.),Concelho,1.º quartil,3.97
2025,2004202,Nordeste,Concelho,1.º quartil,
2025,2004203,Ponta Delgada,Concelho,1.º quartil,4.69
2025,2004204,Povoação,Concelho,1.º quartil,
2025,1A01116,Odivelas,Concelho,1.º quartil,9.18
2025,1B,Península de Setúbal,NUTS II,1.º quartil,8.17
2025,1B0,Península de Setúbal,NUTS III,1.º quartil,8.17
2025,1B01502,Alcochete,Concelho,1.º quartil,7.64
2025,1B01503,Almada,Concelho,1.º quartil,9.58
2025,1B01504,Barreiro,Concelho,1.º quartil,8.68
2025,1B01506,Moita,Concelho,1.º quartil,7.5
2025,1B01507,Montijo,Concelho,1.º quartil,7.17
2025,1B01508,Palmela,Concelho,1.º quartil,7.13
2025,1B01510,Seixal,Concelho,1.º quartil,8.16
2025,1B01511,Sesimbra,Concelho,1.º quartil,6.63
2025,1B01512,Setúbal,Concelho,1.º quartil,8.19
2025,1C,Alentejo,NUTS II,1.º quartil,3.51
2025,1C1,Alentejo Litoral,NUTS III,1.º quartil,5.29
2025,1C10211,Odemira,Concelho,1.º quartil,4
2025,1C11501,Alcácer do Sal,Concelho,1.º quartil,4.27
2025,1C11505,Grândola,Concelho,1.º quartil,5.74
2025,1C11509,Santiago do Cacém,Concelho,1.º quartil,6.37
2025,1C11513,Sines,Concelho,1.º quartil,8.23
2025,1C2,Baixo Alentejo,NUTS III,1.º quartil,3.6
2025,1C20201,Aljustrel,Concelho,1.º quartil,5.1
2025,1C20202,Almodôvar,Concelho,1.º quartil,3.57
2025,1C20203,Alvito,Concelho,1.º quartil,
2025,11B1713,Vila Pouca de Aguiar,Concelho,1.º quartil,2.86
2025,11C,Tâmega e Sousa,NUTS III,1.º quartil,3.24
2025,11C0106,Castelo de Paiva,Concelho,1.º quartil,2.52
2025,1C20204,Barrancos,Concelho,1.º quartil,
2025,1C20205,Beja,Concelho,1.º quartil,4.72
2025,1C20206,Castro Verde,Concelho,1.º quartil,4.05
2025,1C20207,Cuba,Concelho,1.º quartil,2.25
2025,1C20208,Ferreira do Alentejo,Concelho,1.º quartil,3.29
2025,1C20209,Mértola,Concelho,1.º quartil,
2025,1C20210,Moura,Concelho,1.º quartil,2.96
2025,1C20212,Ourique,Concelho,1.º quartil,
2025,1C20213,Serpa,Concelho,1.º quartil,3.21
2025,11C0305,Celorico de Basto,Concelho,1.º quartil,2.63
2025,11C1301,Amarante,Concelho,1.º quartil,3.13
2025,11C1307,Marco de Canaveses,Concelho,1.º quartil,3.1
2025,11C1302,Baião,Concelho,1.º quartil,2.8
2025,11C1303,Felgueiras,Concelho,1.º quartil,2.83
2025,11C1305,Lousada,Concelho,1.º quartil,3.39
2025,11C1309,Paços de Ferreira,Concelho,1.º quartil,3.64
2025,11C1311,Penafiel,Concelho,1.º quartil,3.83
2025,11C1804,Cinfães,Concelho,1.º quartil,3.16
2025,11C1813,Resende,Concelho,1.º quartil,1.9
2025,11D,Douro,NUTS III,1.º quartil,3.09
2025,11D0403,Carrazeda de Ansiães,Concelho,1.º quartil,
2025,11D0404,Freixo de Espada à Cinta,Concelho,1.º quartil,
2025,11D0409,Torre de Moncorvo,Concelho,1.º quartil,2.75
2025,11D0914,Vila Nova de Foz Côa,Concelho,1.º quartil,1.52
2025,11D1701,Alijó,Concelho,1.º quartil,2.32
2025,11D1704,Mesão Frio,Concelho,1.º quartil,
2025,11D1707,Murça,Concelho,1.º quartil,
2025,11D1708,Peso da Régua,Concelho,1.º quartil,3.59
2025,11D1710,Sabrosa,Concelho,1.º quartil,
2025,11D1711,Santa Marta de Penaguião,Concelho,1.º quartil,
2025,11D1714,Vila Real,Concelho,1.º quartil,3.9
2025,11D1801,Armamar,Concelho,1.º quartil,
2025,11D1805,Lamego,Concelho,1.º quartil,3.27
2025,11D1807,Moimenta da Beira,Concelho,1.º quartil,2.97
2025,11D1812,Penedono,Concelho,1.º quartil,
2025,11D1815,São João da Pesqueira,Concelho,1.º quartil,2.25
2025,11D1818,Sernancelhe,Concelho,1.º quartil,
2025,11D1819,Tabuaço,Concelho,1.º quartil,
2025,11D1820,Tarouca,Concelho,1.º quartil,2.6
2025,11E,Terras de Trás-os-Montes,NUTS III,1.º quartil,2.4
2025,11E0401,Alfândega da Fé,Concelho,1.º quartil,
2025,11E0402,Bragança,Concelho,1.º quartil,2.6
2025,11E0405,Macedo de Cavaleiros,Concelho,1.º quartil,2.5
2025,11E0406,Miranda do Douro,Concelho,1.º quartil,2.39
2025,11E0407,Mirandela,Concelho,1.º quartil,2.3
2025,11E0408,Mogadouro,Concelho,1.º quartil,2.44
2025,15,Algarve,NUTS II,1.º quartil,7.27
2025,11E0410,Vila Flor,Concelho,1.º quartil,1.75
2025,11E0411,Vimioso,Concelho,1.º quartil,
2025,11E0412,Vinhais,Concelho,1.º quartil,
2025,150,Algarve,NUTS III,1.º quartil,7.27
2025,1500801,Albufeira,Concelho,1.º quartil,8.04
2025,1500802,Alcoutim,Concelho,1.º quartil,
2025,1500803,Aljezur,Concelho,1.º quartil,4.78
2025,1500804,Castro Marim,Concelho,1.º quartil,5.78
2025,1500805,Faro,Concelho,1.º quartil,6.92
2025,1500806,Lagoa,Concelho,1.º quartil,6.32
2025,1500807,Lagos,Concelho,1.º quartil,8.16
2025,1500808,Loulé,Concelho,1.º quartil,8.19
2025,1500809,Monchique,Concelho,1.º quartil,5.36
2025,1500810,Olhão,Concelho,1.º quartil,6.01
2025,1500811,Portimão,Concelho,1.º quartil,8.2
2025,1500812,São Brás de Alportel,Concelho,1.º quartil,5.45
2025,1500813,Silves,Concelho,1.º quartil,6.55
2025,1500814,Tavira,Concelho,1.º quartil,8.07
2025,1500815,Vila do Bispo,Concelho,1.º quartil,6.68
2025,1500816,Vila Real de Santo António,Concelho,1.º quartil,6.52
2025,19,Centro,NUTS II,1.º quartil,4.26
2025,191,Região de Aveiro,NUTS III,1.º quartil,5
2025,1910101,Águeda,Concelho,1.º quartil,4.16
2025,1910102,Albergaria-a-Velha,Concelho,1.º quartil,4.42
2025,1910103,Anadia,Concelho,1.º quartil,4.29
2025,1910105,Aveiro,Concelho,1.º quartil,6.77
2025,1910108,Estarreja,Concelho,1.º quartil,4.38
2025,1910110,Ílhavo,Concelho,1.º quartil,5.49
2025,1910112,Murtosa,Concelho,1.º quartil,4.45
2025,1910114,Oliveira do Bairro,Concelho,1.º quartil,4.39
2025,1910115,Ovar,Concelho,1.º quartil,5
2025,1910117,Sever do Vouga,Concelho,1.º quartil,3.65
2025,1910118,Vagos,Concelho,1.º quartil,3.91
2025,192,Região de Coimbra,NUTS III,1.º quartil,4.77
2025,1920111,Mealhada,Concelho,1.º quartil,3.68
2025,1920604,Condeixa-a-Nova,Concelho,1.º quartil,4.21
2025,1920601,Arganil,Concelho,1.º quartil,3.54
2025,1920602,Cantanhede,Concelho,1.º quartil,4.05
2025,1920603,Coimbra,Concelho,1.º quartil,6.62
2025,1920605,Figueira da Foz,Concelho,1.º quartil,5.88
2025,1920606,Góis,Concelho,1.º quartil,
2025,1920607,Lousã,Concelho,1.º quartil,4.19
2025,1920608,Mira,Concelho,1.º quartil,3.67
2025,1920609,Miranda do Corvo,Concelho,1.º quartil,4.93
2025,1920610,Montemor-o-Velho,Concelho,1.º quartil,4.43
2025,1920611,Oliveira do Hospital,Concelho,1.º quartil,3.07
2025,1920612,Pampilhosa da Serra,Concelho,1.º quartil,
2025,1920613,Penacova,Concelho,1.º quartil,3.2
2025,1920614,Penela,Concelho,1.º quartil,3.89
2025,1920615,Soure,Concelho,1.º quartil,3.9
2025,1920616,Tábua,Concelho,1.º quartil,3.67
2025,1920617,Vila Nova de Poiares,Concelho,1.º quartil,3.33
2025,1921808,Mortágua,Concelho,1.º quartil,3.07
2025,193,Região de Leiria,NUTS III,1.º quartil,4.62
2025,1931002,Alvaiázere,Concelho,1.º quartil,3.3
2025,1931003,Ansião,Concelho,1.º quartil,3.33
2025,1931004,Batalha,Concelho,1.º quartil,4.29
2025,1931007,Castanheira de Pêra,Concelho,1.º quartil,4
2025,1931008,Figueiró dos Vinhos,Concelho,1.º quartil,3.2
2025,1931009,Leiria,Concelho,1.º quartil,5.68
2025,1931010,Marinha Grande,Concelho,1.º quartil,4.38
2025,1931013,Pedrógão Grande,Concelho,1.º quartil,3.13
2025,1931015,Pombal,Concelho,1.º quartil,4.02
2025,1931016,Porto de Mós,Concelho,1.º quartil,3.5
2025,194,Viseu Dão Lafões,NUTS III,1.º quartil,4
2025,1940901,Aguiar da Beira,Concelho,1.º quartil,2.42
2025,1941802,Carregal do Sal,Concelho,1.º quartil,3.3
2025,1941803,Castro Daire,Concelho,1.º quartil,3.08
2025,1941806,Mangualde,Concelho,1.º quartil,3.21
2025,1941809,Nelas,Concelho,1.º quartil,3.52
2025,1941816,São Pedro do Sul,Concelho,1.º quartil,4.17
2025,1941810,Oliveira de Frades,Concelho,1.º quartil,2.99
2025,1941811,Penalva do Castelo,Concelho,1.º quartil,3.01
2025,1941814,Santa Comba Dão,Concelho,1.º quartil,3.46
2025,1941817,Sátão,Concelho,1.º quartil,2.92
2025,1941821,Tondela,Concelho,1.º quartil,4.09
2025,1941822,Vila Nova de Paiva,Concelho,1.º quartil,2.56
2025,1941823,Viseu,Concelho,1.º quartil,4.86
2025,1941824,Vouzela,Concelho,1.º quartil,4.07
2025,195,Beira Baixa,NUTS III,1.º quartil,3.23
2025,1950502,Castelo Branco,Concelho,1.º quartil,3.66
2025,1950505,Idanha-a-Nova,Concelho,1.º quartil,2.28
2025,1950506,Oleiros,Concelho,1.º quartil,
2025,1950507,Penamacor,Concelho,1.º quartil,
2025,1950508,Proença-a-Nova,Concelho,1.º quartil,2.3
2025,1950509,Sertã,Concelho,1.º quartil,3.04
2025,1950510,Vila de Rei,Concelho,1.º quartil,
2025,1950511,Vila Velha de Ródão,Concelho,1.º quartil,2.35
2025,196,Beiras e Serra da Estrela,NUTS III,1.º quartil,3.16
2025,1960501,Belmonte,Concelho,1.º quartil,2.35
2025,1960503,Covilhã,Concelho,1.º quartil,4.15
2025,1960504,Fundão,Concelho,1.º quartil,3.35
2025,1960902,Almeida,Concelho,1.º quartil,
2025,1960903,Celorico da Beira,Concelho,1.º quartil,2.47
2025,1960904,Figueira de Castelo Rodrigo,Concelho,1.º quartil,
2025,1960905,Fornos de Algodres,Concelho,1.º quartil,
2025,1960906,Gouveia,Concelho,1.º quartil,2.55
2025,1960907,Guarda,Concelho,1.º quartil,3.8
2025,1960908,Manteigas,Concelho,1.º quartil,2.17
2025,1960909,Mêda,Concelho,1.º quartil,1.85
2025,1960910,Pinhel,Concelho,1.º quartil,2.3
2025,1960911,Sabugal,Concelho,1.º quartil,2.2
2025,1960912,Seia,Concelho,1.º quartil,2.66
2025,1960913,Trancoso,Concelho,1.º quartil,2.06
2025,1A,Grande Lisboa,NUTS II,2.º quartil,14.19
2025,1A01107,Loures,Concelho,2.º quartil,11.57
2025,1A0,Grande Lisboa,NUTS III,2.º quartil,14.19
2025,1A01105,Cascais,Concelho,2.º quartil,16.2
2025,1A01106,Lisboa,Concelho,2.º quartil,16.88
2025,1A01109,Mafra,Concelho,2.º quartil,10.66
2025,1A01110,Oeiras,Concelho,2.º quartil,15.03
2025,1A01111,Sintra,Concelho,2.º quartil,11.07
2025,1111601,Arcos de Valdevez,Concelho,2.º quartil,5.05
2025,1,Continente,NUTS I,2.º quartil,9.32
2025,11,Norte,NUTS II,2.º quartil,8
2025,1120301,Amares,Concelho,2.º quartil,5.97
2025,1120302,Barcelos,Concelho,2.º quartil,6.41
2025,1120303,Braga,Concelho,2.º quartil,8.38
2025,1120306,Esposende,Concelho,2.º quartil,7.46
2025,1120310,Terras de Bouro,Concelho,2.º quartil,
2025,1120313,Vila Verde,Concelho,2.º quartil,5.85
2025,119,Ave,NUTS III,2.º quartil,5.98
2025,1190304,Cabeceiras de Basto,Concelho,2.º quartil,3.88
2025,1190307,Fafe,Concelho,2.º quartil,4.7
2025,1190312,Vila Nova de Famalicão,Concelho,2.º quartil,6.57
2025,1190308,Guimarães,Concelho,2.º quartil,6.45
2025,1190309,Póvoa de Lanhoso,Concelho,2.º quartil,4.63
2025,1190311,Vieira do Minho,Concelho,2.º quartil,5.47
2025,1190314,Vizela,Concelho,2.º quartil,5.46
2025,1191705,Mondim de Basto,Concelho,2.º quartil,4.05
2025,11A,Área Metropolitana do Porto,NUTS III,2.º quartil,10.17
2025,11A0104,Arouca,Concelho,2.º quartil,5.28
2025,11A0107,Espinho,Concelho,2.º quartil,9.87
2025,11A0109,Santa Maria da Feira,Concelho,2.º quartil,6.53
2025,11A0113,Oliveira de Azeméis,Concelho,2.º quartil,5.63
2025,11A0116,São João da Madeira,Concelho,2.º quartil,6.8
2025,11A0119,Vale de Cambra,Concelho,2.º quartil,5.72
2025,11A1304,Gondomar,Concelho,2.º quartil,8.57
2025,11A1306,Maia,Concelho,2.º quartil,9.59
2025,11A1308,Matosinhos,Concelho,2.º quartil,12.12
2025,11A1310,Paredes,Concelho,2.º quartil,5.73
2025,11A1312,Porto,Concelho,2.º quartil,14.13
2025,11A1313,Póvoa de Varzim,Concelho,2.º quartil,8.7
2025,11A1314,Santo Tirso,Concelho,2.º quartil,6.06
2025,11A1315,Valongo,Concelho,2.º quartil,8.04
2025,11A1316,Vila do Conde,Concelho,2.º quartil,8.04
2025,11A1317,Vila Nova de Gaia,Concelho,2.º quartil,10.63
2025,11A1318,Trofa,Concelho,2.º quartil,7.05
2025,11B,Alto Tâmega e Barroso,NUTS III,2.º quartil,4.72
2025,11B1702,Boticas,Concelho,2.º quartil,
2025,11B1703,Chaves,Concelho,2.º quartil,5.18
2025,11B1706,Montalegre,Concelho,2.º quartil,
2025,11B1709,Ribeira de Pena,Concelho,2.º quartil,
2025,11B1712,Valpaços,Concelho,2.º quartil,3.52
2025,111,Alto Minho,NUTS III,2.º quartil,6.5
2025,1111602,Caminha,Concelho,2.º quartil,6.14
2025,1111603,Melgaço,Concelho,2.º quartil,4.23
2025,1111604,Monção,Concelho,2.º quartil,6.25
2025,1111605,Paredes de Coura,Concelho,2.º quartil,4.55
2025,1111606,Ponte da Barca,Concelho,2.º quartil,4.29
2025,1111607,Ponte de Lima,Concelho,2.º quartil,5.91
2025,1111608,Valença,Concelho,2.º quartil,5.43
2025,1111609,Viana do Castelo,Concelho,2.º quartil,7.5
2025,1111610,Vila Nova de Cerveira,Concelho,2.º quartil,4.58
2025,112,Cávado,NUTS III,2.º quartil,7.82
2025,3003105,Ponta do Sol,Concelho,2.º quartil,
2025,3003106,Porto Moniz,Concelho,2.º quartil,
2025,3003107,Ribeira Brava,Concelho,2.º quartil,6.1
2025,3003108,Santa Cruz,Concelho,2.º quartil,10.49
2025,3003109,Santana,Concelho,2.º quartil,
2025,3003110,São Vicente,Concelho,2.º quartil,
2025,3003201,Porto Santo,Concelho,2.º quartil,
2025,PT,Portugal,Nacional,2.º quartil,9.29
2025,1D11014,Peniche,Concelho,2.º quartil,7.69
2025,1D11101,Alenquer,Concelho,2.º quartil,8.33
2025,1D11102,Arruda dos Vinhos,Concelho,2.º quartil,7.32
2025,1D11104,Cadaval,Concelho,2.º quartil,5.76
2025,1D11108,Lourinhã,Concelho,2.º quartil,7.14
2025,1D11112,Sobral de Monte Agraço,Concelho,2.º quartil,7.45
2025,1D11113,Torres Vedras,Concelho,2.º quartil,8.33
2025,1D2,Médio Tejo,NUTS III,2.º quartil,6.33
2025,1D21401,Abrantes,Concelho,2.º quartil,5.79
2025,1D21402,Alcanena,Concelho,2.º quartil,4.79
2025,1D21408,Constância,Concelho,2.º quartil,
2025,1D21410,Entroncamento,Concelho,2.º quartil,7.06
2025,1D21411,Ferreira do Zêzere,Concelho,2.º quartil,5.13
2025,1D21413,Mação,Concelho,2.º quartil,
2025,1D21417,Sardoal,Concelho,2.º quartil,
2025,1D21418,Tomar,Concelho,2.º quartil,6.85
2025,1D21419,Torres Novas,Concelho,2.º quartil,6.5
2025,1D21420,Vila Nova da Barquinha,Concelho,2.º quartil,5.6
2025,1D21421,Ourém,Concelho,2.º quartil,6.68
2025,1D3,Lezíria do Tejo,NUTS III,2.º quartil,6.57
2025,1D31103,Azambuja,Concelho,2.º quartil,7.53
2025,1D31403,Almeirim,Concelho,2.º quartil,6.48
2025,1D31404,Alpiarça,Concelho,2.º quartil,4.68
2025,1D31405,Benavente,Concelho,2.º quartil,7.56
2025,1D31406,Cartaxo,Concelho,2.º quartil,5.93
2025,1D31407,Chamusca,Concelho,2.º quartil,4.31
2025,1D31409,Coruche,Concelho,2.º quartil,5.64
2025,1C31209,Gavião,Concelho,2.º quartil,
2025,1C31210,Marvão,Concelho,2.º quartil,3.11
2025,1C31211,Monforte,Concelho,2.º quartil,
2025,1C31212,Nisa,Concelho,2.º quartil,
2025,1C31213,Ponte de Sor,Concelho,2.º quartil,5.51
2025,1C31214,Portalegre,Concelho,2.º quartil,4.37
2025,1C31215,Sousel,Concelho,2.º quartil,3.13
2025,1C4,Alentejo Central,NUTS III,2.º quartil,5.94
2025,1C40701,Alandroal,Concelho,2.º quartil,
2025,1C40702,Arraiolos,Concelho,2.º quartil,4.93
2025,1C40703,Borba,Concelho,2.º quartil,3.31
2025,1C40704,Estremoz,Concelho,2.º quartil,4.59
2025,1C40705,Évora,Concelho,2.º quartil,8.48
2025,1C40706,Montemor-o-Novo,Concelho,2.º quartil,5.65
2025,1C40707,Mora,Concelho,2.º quartil,3.97
2025,1C40708,Mourão,Concelho,2.º quartil,
2025,1C40709,Portel,Concelho,2.º quartil,
2025,1C40713,Viana do Alentejo,Concelho,2.º quartil,3.6
2025,1C40710,Redondo,Concelho,2.º quartil,4.07
2025,1C40711,Reguengos de Monsaraz,Concelho,2.º quartil,5.07
2025,1C40712,Vendas Novas,Concelho,2.º quartil,6.51
2025,1C40714,Vila Viçosa,Concelho,2.º quartil,3.59
2025,1D,Oeste e Vale do Tejo,NUTS II,2.º quartil,7
2025,1D1,Oeste,NUTS III,2.º quartil,7.69
2025,1D11001,Alcobaça,Concelho,2.º quartil,6.76
2025,1D11005,Bombarral,Concelho,2.º quartil,6.5
2025,1D11006,Caldas da Rainha,Concelho,2.º quartil,8.06
2025,1D11011,Nazaré,Concelho,2.º quartil,8.42
2025,1D11012,Óbidos,Concelho,2.º quartil,7.88
2025,2004205,Ribeira Grande,Concelho,2.º quartil,5.66
2025,2004206,Vila Franca do Campo,Concelho,2.º quartil,
2025,2004301,Angra do Heroísmo,Concelho,2.º quartil,5.56
2025,2004302,Vila da Praia da Vitória,Concelho,2.º quartil,6.62
2025,2004401,Santa Cruz da Graciosa,Concelho,2.º quartil,
2025,2004501,Calheta (R.A.A.),Concelho,2.º quartil,
2025,2004502,Velas,Concelho,2.º quartil,5.91
2025,2004601,Lajes do Pico,Concelho,2.º quartil,
2025,2004602,Madalena,Concelho,2.º quartil,4.87
2025,2004603,São Roque do Pico,Concelho,2.º quartil,
2025,2004701,Horta,Concelho,2.º quartil,4.84
2025,2004801,Lajes das Flores,Concelho,2.º quartil,
2025,2004802,Santa Cruz das Flores,Concelho,2.º quartil,
2025,2004901,Corvo,Concelho,2.º quartil,
2025,3,Região Autónoma da Madeira,NUTS I,2.º quartil,11.33
2025,30,Região Autónoma da Madeira,NUTS II,2.º quartil,11.33
2025,300,Região Autónoma da Madeira,NUTS III,2.º quartil,11.33
2025,3003101,Calheta (R.A.M.),Concelho,2.º quartil,6.41
2025,3003102,Câmara de Lobos,Concelho,2.º quartil,7.19
2025,3003103,Funchal,Concelho,2.º quartil,13.2
2025,3003104,Machico,Concelho,2.º quartil,5.92
2025,1A01114,Vila Franca de Xira,Concelho,2.º quartil,10.53
2025,1A01115,Amadora,Concelho,2.º quartil,12.77
2025,1C20214,Vidigueira,Concelho,2.º quartil,
2025,1C3,Alto Alentejo,NUTS III,2.º quartil,4.25
2025,1C31201,Alter do Chão,Concelho,2.º quartil,
2025,1C31202,Arronches,Concelho,2.º quartil,3.8
2025,1C31203,Avis,Concelho,2.º quartil,
2025,1C31204,Campo Maior,Concelho,2.º quartil,3.49
2025,1C31205,Castelo de Vide,Concelho,2.º quartil,
2025,1C31206,Crato,Concelho,2.º quartil,
2025,1C31207,Elvas,Concelho,2.º quartil,4.61
2025,1C31208,Fronteira,Concelho,2.º quartil,
2025,1D31412,Golegã,Concelho,2.º quartil,4.73
2025,1D31414,Rio Maior,Concelho,2.º quartil,5.6
2025,1D31415,Salvaterra de Magos,Concelho,2.º quartil,6.03
2025,1D31416,Santarém,Concelho,2.º quartil,7.2
2025,2,Região Autónoma dos Açores,NUTS I,2.º quartil,5.94
2025,20,Região Autónoma dos Açores,NUTS II,2.º quartil,5.94
2025,200,Região Autónoma dos Açores,NUTS III,2.º quartil,5.94
2025,2004101,Vila do Porto,Concelho,2.º quartil,
2025,2004201,Lagoa (R.A.A.),Concelho,2.º quartil,6.53
2025,2004202,Nordeste,Concelho,2.º quartil,
2025,2004203,Ponta Delgada,Concelho,2.º quartil,7.33
2025,2004204,Povoação,Concelho,2.º quartil,
2025,1A01116,Odivelas,Concelho,2.º quartil,12.5
2025,1B,Península de Setúbal,NUTS II,2.º quartil,11.05
2025,1B0,Península de Setúbal,NUTS III,2.º quartil,11.05
2025,1B01502,Alcochete,Concelho,2.º quartil,9.98
2025,1B01503,Almada,Concelho,2.º quartil,12.98
2025,1B01504,Barreiro,Concelho,2.º quartil,11.18
2025,1B01506,Moita,Concelho,2.º quartil,9.85
2025,1B01507,Montijo,Concelho,2.º quartil,9.92
2025,1B01508,Palmela,Concelho,2.º quartil,9.48
2025,1B01510,Seixal,Concelho,2.º quartil,11.01
2025,1B01511,Sesimbra,Concelho,2.º quartil,9.53
2025,1B01512,Setúbal,Concelho,2.º quartil,10.86
2025,1C,Alentejo,NUTS II,2.º quartil,5.68
2025,1C1,Alentejo Litoral,NUTS III,2.º quartil,8.33
2025,1C10211,Odemira,Concelho,2.º quartil,6.64
2025,1C11501,Alcácer do Sal,Concelho,2.º quartil,7.88
2025,1C11505,Grândola,Concelho,2.º quartil,10.81
2025,1C11509,Santiago do Cacém,Concelho,2.º quartil,9.01
2025,1C11513,Sines,Concelho,2.º quartil,12.95
2025,1C2,Baixo Alentejo,NUTS III,2.º quartil,5.58
2025,1C20201,Aljustrel,Concelho,2.º quartil,7.29
2025,1C20202,Almodôvar,Concelho,2.º quartil,5.03
2025,1C20203,Alvito,Concelho,2.º quartil,
2025,11B1713,Vila Pouca de Aguiar,Concelho,2.º quartil,3.77
2025,11C,Tâmega e Sousa,NUTS III,2.º quartil,4.65
2025,11C0106,Castelo de Paiva,Concelho,2.º quartil,4.06
2025,1C20204,Barrancos,Concelho,2.º quartil,
2025,1C20205,Beja,Concelho,2.º quartil,6.57
2025,1C20206,Castro Verde,Concelho,2.º quartil,5.62
2025,1C20207,Cuba,Concelho,2.º quartil,3.32
2025,1C20208,Ferreira do Alentejo,Concelho,2.º quartil,4.79
2025,1C20209,Mértola,Concelho,2.º quartil,
2025,1C20210,Moura,Concelho,2.º quartil,4.44
2025,1C20212,Ourique,Concelho,2.º quartil,
2025,1C20213,Serpa,Concelho,2.º quartil,4.48
2025,11C0305,Celorico de Basto,Concelho,2.º quartil,3.51
2025,11C1301,Amarante,Concelho,2.º quartil,4.45
2025,11C1307,Marco de Canaveses,Concelho,2.º quartil,4.6
2025,11C1302,Baião,Concelho,2.º quartil,3.89
2025,11C1303,Felgueiras,Concelho,2.º quartil,4.28
2025,11C1305,Lousada,Concelho,2.º quartil,4.84
2025,11C1309,Paços de Ferreira,Concelho,2.º quartil,5.39
2025,11C1311,Penafiel,Concelho,2.º quartil,5.6
2025,11C1804,Cinfães,Concelho,2.º quartil,4.14
2025,11C1813,Resende,Concelho,2.º quartil,2.73
2025,11D,Douro,NUTS III,2.º quartil,4.68
2025,11D0403,Carrazeda de Ansiães,Concelho,2.º quartil,
2025,11D0404,Freixo de Espada à Cinta,Concelho,2.º quartil,
2025,11D0409,Torre de Moncorvo,Concelho,2.º quartil,3.54
2025,11D0914,Vila Nova de Foz Côa,Concelho,2.º quartil,3.06
2025,11D1701,Alijó,Concelho,2.º quartil,3.16
2025,11D1704,Mesão Frio,Concelho,2.º quartil,
2025,11D1707,Murça,Concelho,2.º quartil,
2025,11D1708,Peso da Régua,Concelho,2.º quartil,4.79
2025,11D1710,Sabrosa,Concelho,2.º quartil,
2025,11D1711,Santa Marta de Penaguião,Concelho,2.º quartil,
2025,11D1714,Vila Real,Concelho,2.º quartil,5.83
2025,11D1801,Armamar,Concelho,2.º quartil,
2025,11D1805,Lamego,Concelho,2.º quartil,4.86
2025,11D1807,Moimenta da Beira,Concelho,2.º quartil,3.77
2025,11D1812,Penedono,Concelho,2.º quartil,
2025,11D1815,São João da Pesqueira,Concelho,2.º quartil,3.7
2025,11D1818,Sernancelhe,Concelho,2.º quartil,
2025,11D1819,Tabuaço,Concelho,2.º quartil,
2025,11D1820,Tarouca,Concelho,2.º quartil,3.17
2025,11E,Terras de Trás-os-Montes,NUTS III,2.º quartil,3.87
2025,11E0401,Alfândega da Fé,Concelho,2.º quartil,
2025,11E0402,Bragança,Concelho,2.º quartil,4.63
2025,11E0405,Macedo de Cavaleiros,Concelho,2.º quartil,3.35
2025,11E0406,Miranda do Douro,Concelho,2.º quartil,3.37
2025,11E0407,Mirandela,Concelho,2.º quartil,3.88
2025,11E0408,Mogadouro,Concelho,2.º quartil,2.92
2025,15,Algarve,NUTS II,2.º quartil,10.53
2025,11E0410,Vila Flor,Concelho,2.º quartil,2.55
2025,11E0411,Vimioso,Concelho,2.º quartil,
2025,11E0412,Vinhais,Concelho,2.º quartil,
2025,150,Algarve,NUTS III,2.º quartil,10.53
2025,1500801,Albufeira,Concelho,2.º quartil,11.44
2025,1500802,Alcoutim,Concelho,2.º quartil,
2025,1500803,Aljezur,Concelho,2.º quartil,7.79
2025,1500804,Castro Marim,Concelho,2.º quartil,8.71
2025,1500805,Faro,Concelho,2.º quartil,9.67
2025,1500806,Lagoa,Concelho,2.º quartil,9.34
2025,1500807,Lagos,Concelho,2.º quartil,12.34
2025,1500808,Loulé,Concelho,2.º quartil,11.95
2025,1500809,Monchique,Concelho,2.º quartil,7.49
2025,1500810,Olhão,Concelho,2.º quartil,8.5
2025,1500811,Portimão,Concelho,2.º quartil,11.36
2025,1500812,São Brás de Alportel,Concelho,2.º quartil,7.16
2025,1500813,Silves,Concelho,2.º quartil,9.3
2025,1500814,Tavira,Concelho,2.º quartil,11.31
2025,1500815,Vila do Bispo,Concelho,2.º quartil,8.89
2025,1500816,Vila Real de Santo António,Concelho,2.º quartil,9.53
2025,19,Centro,NUTS II,2.º quartil,6.42
2025,191,Região de Aveiro,NUTS III,2.º quartil,7.33
2025,1910101,Águeda,Concelho,2.º quartil,6.05
2025,1910102,Albergaria-a-Velha,Concelho,2.º quartil,6.24
2025,1910103,Anadia,Concelho,2.º quartil,5.96
2025,1910105,Aveiro,Concelho,2.º quartil,9.29
2025,1910108,Estarreja,Concelho,2.º quartil,6
2025,1910110,Ílhavo,Concelho,2.º quartil,8.18
2025,1910112,Murtosa,Concelho,2.º quartil,5.97
2025,1910114,Oliveira do Bairro,Concelho,2.º quartil,5.94
2025,1910115,Ovar,Concelho,2.º quartil,7.01
2025,1910117,Sever do Vouga,Concelho,2.º quartil,4.49
2025,1910118,Vagos,Concelho,2.º quartil,6.07
2025,192,Região de Coimbra,NUTS III,2.º quartil,7.32
2025,1920111,Mealhada,Concelho,2.º quartil,5.03
2025,1920604,Condeixa-a-Nova,Concelho,2.º quartil,5.8
2025,1920601,Arganil,Concelho,2.º quartil,4.56
2025,1920602,Cantanhede,Concelho,2.º quartil,5.65
2025,1920603,Coimbra,Concelho,2.º quartil,9.18
2025,1920605,Figueira da Foz,Concelho,2.º quartil,7.84
2025,1920606,Góis,Concelho,2.º quartil,
2025,1920607,Lousã,Concelho,2.º quartil,5.29
2025,1920608,Mira,Concelho,2.º quartil,5.66
2025,1920609,Miranda do Corvo,Concelho,2.º quartil,6.25
2025,1920610,Montemor-o-Velho,Concelho,2.º quartil,6.3
2025,1920611,Oliveira do Hospital,Concelho,2.º quartil,4.08
2025,1920612,Pampilhosa da Serra,Concelho,2.º quartil,
2025,1920613,Penacova,Concelho,2.º quartil,4.17
2025,1920614,Penela,Concelho,2.º quartil,5.01
2025,1920615,Soure,Concelho,2.º quartil,5.58
2025,1920616,Tábua,Concelho,2.º quartil,4.67
2025,1920617,Vila Nova de Poiares,Concelho,2.º quartil,4.73
2025,1921808,Mortágua,Concelho,2.º quartil,3.8
2025,193,Região de Leiria,NUTS III,2.º quartil,6.61
2025,1931002,Alvaiázere,Concelho,2.º quartil,4.18
2025,1931003,Ansião,Concelho,2.º quartil,4.44
2025,1931004,Batalha,Concelho,2.º quartil,6.36
2025,1931007,Castanheira de Pêra,Concelho,2.º quartil,4.63
2025,1931008,Figueiró dos Vinhos,Concelho,2.º quartil,3.92
2025,1931009,Leiria,Concelho,2.º quartil,7.59
2025,1931010,Marinha Grande,Concelho,2.º quartil,6.17
2025,1931013,Pedrógão Grande,Concelho,2.º quartil,4.35
2025,1931015,Pombal,Concelho,2.º quartil,5.42
2025,1931016,Porto de Mós,Concelho,2.º quartil,5.43
2025,194,Viseu Dão Lafões,NUTS III,2.º quartil,5.77
2025,1940901,Aguiar da Beira,Concelho,2.º quartil,3.15
2025,1941802,Carregal do Sal,Concelho,2.º quartil,4.78
2025,1941803,Castro Daire,Concelho,2.º quartil,4.37
2025,1941806,Mangualde,Concelho,2.º quartil,4.47
2025,1941809,Nelas,Concelho,2.º quartil,4.58
2025,1941816,São Pedro do Sul,Concelho,2.º quartil,5.61
2025,1941810,Oliveira de Frades,Concelho,2.º quartil,5.08
2025,1941811,Penalva do Castelo,Concelho,2.º quartil,4.15
2025,1941814,Santa Comba Dão,Concelho,2.º quartil,4.86
2025,1941817,Sátão,Concelho,2.º quartil,3.38
2025,1941821,Tondela,Concelho,2.º quartil,5.47
2025,1941822,Vila Nova de Paiva,Concelho,2.º quartil,3.35
2025,1941823,Viseu,Concelho,2.º quartil,6.64
2025,1941824,Vouzela,Concelho,2.º quartil,5.68
2025,195,Beira Baixa,NUTS III,2.º quartil,4.79
2025,1950502,Castelo Branco,Concelho,2.º quartil,5.17
2025,1950505,Idanha-a-Nova,Concelho,2.º quartil,3.21
2025,1950506,Oleiros,Concelho,2.º quartil,
2025,1950507,Penamacor,Concelho,2.º quartil,
2025,1950508,Proença-a-Nova,Concelho,2.º quartil,3.64
2025,1950509,Sertã,Concelho,2.º quartil,4.36
2025,1950510,Vila de Rei,Concelho,2.º quartil,
2025,1950511,Vila Velha de Ródão,Concelho,2.º quartil,3.5
2025,196,Beiras e Serra da Estrela,NUTS III,2.º quartil,4.81
2025,1960501,Belmonte,Concelho,2.º quartil,3.37
2025,1960503,Covilhã,Concelho,2.º quartil,6.18
2025,1960504,Fundão,Concelho,2.º quartil,4.79
2025,1960902,Almeida,Concelho,2.º quartil,
2025,1960903,Celorico da Beira,Concelho,2.º quartil,3.1
2025,1960904,Figueira de Castelo Rodrigo,Concelho,2.º quartil,
2025,1960905,Fornos de Algodres,Concelho,2.º quartil,
2025,1960906,Gouveia,Concelho,2.º quartil,3.6
2025,1960907,Guarda,Concelho,2.º quartil,5.11
2025,1960908,Manteigas,Concelho,2.º quartil,3.52
2025,1960909,Mêda,Concelho,2.º quartil,2.7
2025,1960910,Pinhel,Concelho,2.º quartil,3.18
2025,1960911,Sabugal,Concelho,2.º quartil,3.19
2025,1960912,Seia,Concelho,2.º quartil,3.96
2025,1960913,Trancoso,Concelho,2.º quartil,3.35
2025,1A,Grande Lisboa,NUTS II,3.º quartil,18.55
2025,1A01107,Loures,Concelho,3.º quartil,14.76
2025,1A0,Grande Lisboa,NUTS III,3.º quartil,18.55
2025,1A01105,Cascais,Concelho,3.º quartil,20.88
2025,1A01106,Lisboa,Concelho,3.º quartil,21.29
2025,1A01109,Mafra,Concelho,3.º quartil,14.06
2025,1A01110,Oeiras,Concelho,3.º quartil,18.73
2025,1A01111,Sintra,Concelho,3.º quartil,13.85
2025,1111601,Arcos de Valdevez,Concelho,3.º quartil,6.38
2025,1,Continente,NUTS I,3.º quartil,13.89
2025,11,Norte,NUTS II,3.º quartil,11.72
2025,1120301,Amares,Concelho,3.º quartil,8
2025,1120302,Barcelos,Concelho,3.º quartil,8.62
2025,1120303,Braga,Concelho,3.º quartil,10.73
2025,1120306,Esposende,Concelho,3.º quartil,9.47
2025,1120310,Terras de Bouro,Concelho,3.º quartil,
2025,1120313,Vila Verde,Concelho,3.º quartil,7.31
2025,119,Ave,NUTS III,3.º quartil,8.33
2025,1190304,Cabeceiras de Basto,Concelho,3.º quartil,5.33
2025,1190307,Fafe,Concelho,3.º quartil,6.18
2025,1190312,Vila Nova de Famalicão,Concelho,3.º quartil,8.63
2025,1190308,Guimarães,Concelho,3.º quartil,9.15
2025,1190309,Póvoa de Lanhoso,Concelho,3.º quartil,6.42
2025,1190311,Vieira do Minho,Concelho,3.º quartil,7.07
2025,1190314,Vizela,Concelho,3.º quartil,7.45
2025,1191705,Mondim de Basto,Concelho,3.º quartil,5.17
2025,11A,Área Metropolitana do Porto,NUTS III,3.º quartil,14.17
2025,11A0104,Arouca,Concelho,3.º quartil,7.1
2025,11A0107,Espinho,Concelho,3.º quartil,13.01
2025,11A0109,Santa Maria da Feira,Concelho,3.º quartil,8.26
2025,11A0113,Oliveira de Azeméis,Concelho,3.º quartil,7.41
2025,11A0116,São João da Madeira,Concelho,3.º quartil,8.23
2025,11A0119,Vale de Cambra,Concelho,3.º quartil,7.34
2025,11A1304,Gondomar,Concelho,3.º quartil,10.8
2025,11A1306,Maia,Concelho,3.º quartil,11.69
2025,11A1308,Matosinhos,Concelho,3.º quartil,15.92
2025,11A1310,Paredes,Concelho,3.º quartil,7.69
2025,11A1312,Porto,Concelho,3.º quartil,18.18
2025,11A1313,Póvoa de Varzim,Concelho,3.º quartil,10.87
2025,11A1314,Santo Tirso,Concelho,3.º quartil,8.78
2025,11A1315,Valongo,Concelho,3.º quartil,10.11
2025,11A1316,Vila do Conde,Concelho,3.º quartil,10.47
2025,11A1317,Vila Nova de Gaia,Concelho,3.º quartil,13.64
2025,11A1318,Trofa,Concelho,3.º quartil,9.39
2025,11B,Alto Tâmega e Barroso,NUTS III,3.º quartil,6.17
2025,11B1702,Boticas,Concelho,3.º quartil,
2025,11B1703,Chaves,Concelho,3.º quartil,6.65
2025,11B1706,Montalegre,Concelho,3.º quartil,
2025,11B1709,Ribeira de Pena,Concelho,3.º quartil,
2025,11B1712,Valpaços,Concelho,3.º quartil,4.52
2025,111,Alto Minho,NUTS III,3.º quartil,8.58
2025,1111602,Caminha,Concelho,3.º quartil,8.11
2025,1111603,Melgaço,Concelho,3.º quartil,5.13
2025,1111604,Monção,Concelho,3.º quartil,9.25
2025,1111605,Paredes de Coura,Concelho,3.º quartil,5.95
2025,1111606,Ponte da Barca,Concelho,3.º quartil,5.92
2025,1111607,Ponte de Lima,Concelho,3.º quartil,7.84
2025,1111608,Valença,Concelho,3.º quartil,7.45
2025,1111609,Viana do Castelo,Concelho,3.º quartil,9.45
2025,1111610,Vila Nova de Cerveira,Concelho,3.º quartil,6
2025,112,Cávado,NUTS III,3.º quartil,10.12
2025,3003105,Ponta do Sol,Concelho,3.º quartil,
2025,3003106,Porto Moniz,Concelho,3.º quartil,
2025,3003107,Ribeira Brava,Concelho,3.º quartil,10.3
2025,3003108,Santa Cruz,Concelho,3.º quartil,13.5
2025,3003109,Santana,Concelho,3.º quartil,
2025,3003110,São Vicente,Concelho,3.º quartil,
2025,3003201,Porto Santo,Concelho,3.º quartil,
2025,PT,Portugal,Nacional,3.º quartil,13.87
2025,1D11014,Peniche,Concelho,3.º quartil,9.79
2025,1D11101,Alenquer,Concelho,3.º quartil,10.51
2025,1D11102,Arruda dos Vinhos,Concelho,3.º quartil,9.46
2025,1D11104,Cadaval,Concelho,3.º quartil,7.48
2025,1D11108,Lourinhã,Concelho,3.º quartil,9.52
2025,1D11112,Sobral de Monte Agraço,Concelho,3.º quartil,9.14
2025,1D11113,Torres Vedras,Concelho,3.º quartil,10.86
2025,1D2,Médio Tejo,NUTS III,3.º quartil,8.25
2025,1D21401,Abrantes,Concelho,3.º quartil,7.41
2025,1D21402,Alcanena,Concelho,3.º quartil,6.25
2025,1D21408,Constância,Concelho,3.º quartil,
2025,1D21410,Entroncamento,Concelho,3.º quartil,8.32
2025,1D21411,Ferreira do Zêzere,Concelho,3.º quartil,6.34
2025,1D21413,Mação,Concelho,3.º quartil,
2025,1D21417,Sardoal,Concelho,3.º quartil,
2025,1D21418,Tomar,Concelho,3.º quartil,8.66
2025,1D21419,Torres Novas,Concelho,3.º quartil,8.33
2025,1D21420,Vila Nova da Barquinha,Concelho,3.º quartil,7.02
2025,1D21421,Ourém,Concelho,3.º quartil,9
2025,1D3,Lezíria do Tejo,NUTS III,3.º quartil,8.86
2025,1D31103,Azambuja,Concelho,3.º quartil,9.85
2025,1D31403,Almeirim,Concelho,3.º quartil,8.33
2025,1D31404,Alpiarça,Concelho,3.º quartil,6.96
2025,1D31405,Benavente,Concelho,3.º quartil,9.81
2025,1D31406,Cartaxo,Concelho,3.º quartil,7.58
2025,1D31407,Chamusca,Concelho,3.º quartil,5.63
2025,1D31409,Coruche,Concelho,3.º quartil,8.25
2025,1C31209,Gavião,Concelho,3.º quartil,
2025,1C31210,Marvão,Concelho,3.º quartil,4.49
2025,1C31211,Monforte,Concelho,3.º quartil,
2025,1C31212,Nisa,Concelho,3.º quartil,
2025,1C31213,Ponte de Sor,Concelho,3.º quartil,6.98
2025,1C31214,Portalegre,Concelho,3.º quartil,6.37
2025,1C31215,Sousel,Concelho,3.º quartil,5.43
2025,1C4,Alentejo Central,NUTS III,3.º quartil,9.02
2025,1C40701,Alandroal,Concelho,3.º quartil,
2025,1C40702,Arraiolos,Concelho,3.º quartil,8.13
2025,1C40703,Borba,Concelho,3.º quartil,4.8
2025,1C40704,Estremoz,Concelho,3.º quartil,6.25
2025,1C40705,Évora,Concelho,3.º quartil,10.91
2025,1C40706,Montemor-o-Novo,Concelho,3.º quartil,7.61
2025,1C40707,Mora,Concelho,3.º quartil,6.5
2025,1C40708,Mourão,Concelho,3.º quartil,
2025,1C40709,Portel,Concelho,3.º quartil,
2025,1C40713,Viana do Alentejo,Concelho,3.º quartil,4.93
2025,1C40710,Redondo,Concelho,3.º quartil,5.22
2025,1C40711,Reguengos de Monsaraz,Concelho,3.º quartil,6.36
2025,1C40712,Vendas Novas,Concelho,3.º quartil,8.53
2025,1C40714,Vila Viçosa,Concelho,3.º quartil,4.85
2025,1D,Oeste e Vale do Tejo,NUTS II,3.º quartil,9.32
2025,1D1,Oeste,NUTS III,3.º quartil,10.1
2025,1D11001,Alcobaça,Concelho,3.º quartil,9.09
2025,1D11005,Bombarral,Concelho,3.º quartil,8.27
2025,1D11006,Caldas da Rainha,Concelho,3.º quartil,10.3
2025,1D11011,Nazaré,Concelho,3.º quartil,11.36
2025,1D11012,Óbidos,Concelho,3.º quartil,11.36
2025,2004205,Ribeira Grande,Concelho,3.º quartil,7.47
2025,2004206,Vila Franca do Campo,Concelho,3.º quartil,
2025,2004301,Angra do Heroísmo,Concelho,3.º quartil,7.43
2025,2004302,Vila da Praia da Vitória,Concelho,3.º quartil,8.6
2025,2004401,Santa Cruz da Graciosa,Concelho,3.º quartil,
2025,2004501,Calheta (R.A.A.),Concelho,3.º quartil,
2025,2004502,Velas,Concelho,3.º quartil,7.44
2025,2004601,Lajes do Pico,Concelho,3.º quartil,
2025,2004602,Madalena,Concelho,3.º quartil,6.84
2025,2004603,São Roque do Pico,Concelho,3.º quartil,
2025,2004701,Horta,Concelho,3.º quartil,5.94
2025,2004801,Lajes das Flores,Concelho,3.º quartil,
2025,2004802,Santa Cruz das Flores,Concelho,3.º quartil,
2025,2004901,Corvo,Concelho,3.º quartil,
2025,3,Região Autónoma da Madeira,NUTS I,3.º quartil,15.63
2025,30,Região Autónoma da Madeira,NUTS II,3.º quartil,15.63
2025,300,Região Autónoma da Madeira,NUTS III,3.º quartil,15.63
2025,3003101,Calheta (R.A.M.),Concelho,3.º quartil,9.29
2025,3003102,Câmara de Lobos,Concelho,3.º quartil,10.57
2025,3003103,Funchal,Concelho,3.º quartil,17.14
2025,3003104,Machico,Concelho,3.º quartil,10.19
2025,1A01114,Vila Franca de Xira,Concelho,3.º quartil,13.01
2025,1A01115,Amadora,Concelho,3.º quartil,15.96
2025,1C20214,Vidigueira,Concelho,3.º quartil,
2025,1C3,Alto Alentejo,NUTS III,3.º quartil,6.11
2025,1C31201,Alter do Chão,Concelho,3.º quartil,
2025,1C31202,Arronches,Concelho,3.º quartil,5.83
2025,1C31203,Avis,Concelho,3.º quartil,
2025,1C31204,Campo Maior,Concelho,3.º quartil,4.59
2025,1C31205,Castelo de Vide,Concelho,3.º quartil,
2025,1C31206,Crato,Concelho,3.º quartil,
2025,1C31207,Elvas,Concelho,3.º quartil,6.67
2025,1C31208,Fronteira,Concelho,3.º quartil,
2025,1D31412,Golegã,Concelho,3.º quartil,6.08
2025,1D31414,Rio Maior,Concelho,3.º quartil,7.45
2025,1D31415,Salvaterra de Magos,Concelho,3.º quartil,8.64
2025,1D31416,Santarém,Concelho,3.º quartil,9.46
2025,2,Região Autónoma dos Açores,NUTS I,3.º quartil,8.33
2025,20,Região Autónoma dos Açores,NUTS II,3.º quartil,8.33
2025,200,Região Autónoma dos Açores,NUTS III,3.º quartil,8.33
2025,2004101,Vila do Porto,Concelho,3.º quartil,
2025,2004201,Lagoa (R.A.A.),Concelho,3.º quartil,9.47
2025,2004202,Nordeste,Concelho,3.º quartil,
2025,2004203,Ponta Delgada,Concelho,3.º quartil,9.84
2025,2004204,Povoação,Concelho,3.º quartil,
2025,1A01116,Odivelas,Concelho,3.º quartil,15.27
2025,1B,Península de Setúbal,NUTS II,3.º quartil,14.02
2025,1B0,Península de Setúbal,NUTS III,3.º quartil,14.02
2025,1B01502,Alcochete,Concelho,3.º quartil,13.12
2025,1B01503,Almada,Concelho,3.º quartil,16.24
2025,1B01504,Barreiro,Concelho,3.º quartil,13.76
2025,1B01506,Moita,Concelho,3.º quartil,12.58
2025,1B01507,Montijo,Concelho,3.º quartil,12.06
2025,1B01508,Palmela,Concelho,3.º quartil,12.26
2025,1B01510,Seixal,Concelho,3.º quartil,13.52
2025,1B01511,Sesimbra,Concelho,3.º quartil,12.32
2025,1B01512,Setúbal,Concelho,3.º quartil,13.3
2025,1C,Alentejo,NUTS II,3.º quartil,8.58
2025,1C1,Alentejo Litoral,NUTS III,3.º quartil,12.84
2025,1C10211,Odemira,Concelho,3.º quartil,9.72
2025,1C11501,Alcácer do Sal,Concelho,3.º quartil,12.62
2025,1C11505,Grândola,Concelho,3.º quartil,13.99
2025,1C11509,Santiago do Cacém,Concelho,3.º quartil,13.1
2025,1C11513,Sines,Concelho,3.º quartil,16.94
2025,1C2,Baixo Alentejo,NUTS III,3.º quartil,7.5
2025,1C20201,Aljustrel,Concelho,3.º quartil,9.7
2025,1C20202,Almodôvar,Concelho,3.º quartil,6.61
2025,1C20203,Alvito,Concelho,3.º quartil,
2025,11B1713,Vila Pouca de Aguiar,Concelho,3.º quartil,5.68
2025,11C,Tâmega e Sousa,NUTS III,3.º quartil,6.4
2025,11C0106,Castelo de Paiva,Concelho,3.º quartil,6.25
2025,1C20204,Barrancos,Concelho,3.º quartil,
2025,1C20205,Beja,Concelho,3.º quartil,7.98
2025,1C20206,Castro Verde,Concelho,3.º quartil,6.94
2025,1C20207,Cuba,Concelho,3.º quartil,4.51
2025,1C20208,Ferreira do Alentejo,Concelho,3.º quartil,7.14
2025,1C20209,Mértola,Concelho,3.º quartil,
2025,1C20210,Moura,Concelho,3.º quartil,6.22
2025,1C20212,Ourique,Concelho,3.º quartil,
2025,1C20213,Serpa,Concelho,3.º quartil,6.19
2025,11C0305,Celorico de Basto,Concelho,3.º quartil,5.02
2025,11C1301,Amarante,Concelho,3.º quartil,6.12
2025,11C1307,Marco de Canaveses,Concelho,3.º quartil,6.25
2025,11C1302,Baião,Concelho,3.º quartil,5.18
2025,11C1303,Felgueiras,Concelho,3.º quartil,5.78
2025,11C1305,Lousada,Concelho,3.º quartil,6.3
2025,11C1309,Paços de Ferreira,Concelho,3.º quartil,7.37
2025,11C1311,Penafiel,Concelho,3.º quartil,7.5
2025,11C1804,Cinfães,Concelho,3.º quartil,5.49
2025,11C1813,Resende,Concelho,3.º quartil,4.48
2025,11D,Douro,NUTS III,3.º quartil,6.65
2025,11D0403,Carrazeda de Ansiães,Concelho,3.º quartil,
2025,11D0404,Freixo de Espada à Cinta,Concelho,3.º quartil,
2025,11D0409,Torre de Moncorvo,Concelho,3.º quartil,5
2025,11D0914,Vila Nova de Foz Côa,Concelho,3.º quartil,4.17
2025,11D1701,Alijó,Concelho,3.º quartil,4.24
2025,11D1704,Mesão Frio,Concelho,3.º quartil,
2025,11D1707,Murça,Concelho,3.º quartil,
2025,11D1708,Peso da Régua,Concelho,3.º quartil,6
2025,11D1710,Sabrosa,Concelho,3.º quartil,
2025,11D1711,Santa Marta de Penaguião,Concelho,3.º quartil,
2025,11D1714,Vila Real,Concelho,3.º quartil,8.03
2025,11D1801,Armamar,Concelho,3.º quartil,
2025,11D1805,Lamego,Concelho,3.º quartil,6.25
2025,11D1807,Moimenta da Beira,Concelho,3.º quartil,4.65
2025,11D1812,Penedono,Concelho,3.º quartil,
2025,11D1815,São João da Pesqueira,Concelho,3.º quartil,5.49
2025,11D1818,Sernancelhe,Concelho,3.º quartil,
2025,11D1819,Tabuaço,Concelho,3.º quartil,
2025,11D1820,Tarouca,Concelho,3.º quartil,4
2025,11E,Terras de Trás-os-Montes,NUTS III,3.º quartil,5.45
2025,11E0401,Alfândega da Fé,Concelho,3.º quartil,
2025,11E0402,Bragança,Concelho,3.º quartil,6.67
2025,11E0405,Macedo de Cavaleiros,Concelho,3.º quartil,4.61
2025,11E0406,Miranda do Douro,Concelho,3.º quartil,4.45
2025,11E0407,Mirandela,Concelho,3.º quartil,5
2025,11E0408,Mogadouro,Concelho,3.º quartil,3.59
2025,15,Algarve,NUTS II,3.º quartil,14.3
2025,11E0410,Vila Flor,Concelho,3.º quartil,3.74
2025,11E0411,Vimioso,Concelho,3.º quartil,
2025,11E0412,Vinhais,Concelho,3.º quartil,
2025,150,Algarve,NUTS III,3.º quartil,14.3
2025,1500801,Albufeira,Concelho,3.º quartil,15.13
2025,1500802,Alcoutim,Concelho,3.º quartil,
2025,1500803,Aljezur,Concelho,3.º quartil,11.2
2025,1500804,Castro Marim,Concelho,3.º quartil,12.01
2025,1500805,Faro,Concelho,3.º quartil,13.16
2025,1500806,Lagoa,Concelho,3.º quartil,13.49
2025,1500807,Lagos,Concelho,3.º quartil,16.27
2025,1500808,Loulé,Concelho,3.º quartil,16.42
2025,1500809,Monchique,Concelho,3.º quartil,9.74
2025,1500810,Olhão,Concelho,3.º quartil,11.74
2025,1500811,Portimão,Concelho,3.º quartil,14.72
2025,1500812,São Brás de Alportel,Concelho,3.º quartil,9.69
2025,1500813,Silves,Concelho,3.º quartil,12.73
2025,1500814,Tavira,Concelho,3.º quartil,13.72
2025,1500815,Vila do Bispo,Concelho,3.º quartil,11.46
2025,1500816,Vila Real de Santo António,Concelho,3.º quartil,11.97
2025,19,Centro,NUTS II,3.º quartil,9.04
2025,191,Região de Aveiro,NUTS III,3.º quartil,9.98
2025,1910101,Águeda,Concelho,3.º quartil,7.69
2025,1910102,Albergaria-a-Velha,Concelho,3.º quartil,7.96
2025,1910103,Anadia,Concelho,3.º quartil,8.1
2025,1910105,Aveiro,Concelho,3.º quartil,12.69
2025,1910108,Estarreja,Concelho,3.º quartil,8.38
2025,1910110,Ílhavo,Concelho,3.º quartil,10.77
2025,1910112,Murtosa,Concelho,3.º quartil,8.31
2025,1910114,Oliveira do Bairro,Concelho,3.º quartil,7.6
2025,1910115,Ovar,Concelho,3.º quartil,9
2025,1910117,Sever do Vouga,Concelho,3.º quartil,6.52
2025,1910118,Vagos,Concelho,3.º quartil,8.48
2025,192,Região de Coimbra,NUTS III,3.º quartil,10.14
2025,1920111,Mealhada,Concelho,3.º quartil,6.43
2025,1920604,Condeixa-a-Nova,Concelho,3.º quartil,7.05
2025,1920601,Arganil,Concelho,3.º quartil,6.11
2025,1920602,Cantanhede,Concelho,3.º quartil,7.67
2025,1920603,Coimbra,Concelho,3.º quartil,11.67
2025,1920605,Figueira da Foz,Concelho,3.º quartil,9.89
2025,1920606,Góis,Concelho,3.º quartil,
2025,1920607,Lousã,Concelho,3.º quartil,6.52
2025,1920608,Mira,Concelho,3.º quartil,8.33
2025,1920609,Miranda do Corvo,Concelho,3.º quartil,7.49
2025,1920610,Montemor-o-Velho,Concelho,3.º quartil,7.79
2025,1920611,Oliveira do Hospital,Concelho,3.º quartil,5.61
2025,1920612,Pampilhosa da Serra,Concelho,3.º quartil,
2025,1920613,Penacova,Concelho,3.º quartil,5.83
2025,1920614,Penela,Concelho,3.º quartil,7.83
2025,1920615,Soure,Concelho,3.º quartil,7.36
2025,1920616,Tábua,Concelho,3.º quartil,5.95
2025,1920617,Vila Nova de Poiares,Concelho,3.º quartil,5.83
2025,1921808,Mortágua,Concelho,3.º quartil,5.63
2025,193,Região de Leiria,NUTS III,3.º quartil,8.96
2025,1931002,Alvaiázere,Concelho,3.º quartil,5.33
2025,1931003,Ansião,Concelho,3.º quartil,5.81
2025,1931004,Batalha,Concelho,3.º quartil,8.04
2025,1931007,Castanheira de Pêra,Concelho,3.º quartil,5.71
2025,1931008,Figueiró dos Vinhos,Concelho,3.º quartil,6.25
2025,1931009,Leiria,Concelho,3.º quartil,10
2025,1931010,Marinha Grande,Concelho,3.º quartil,7.97
2025,1931013,Pedrógão Grande,Concelho,3.º quartil,6.16
2025,1931015,Pombal,Concelho,3.º quartil,7.29
2025,1931016,Porto de Mós,Concelho,3.º quartil,6.86
2025,194,Viseu Dão Lafões,NUTS III,3.º quartil,7.86
2025,1940901,Aguiar da Beira,Concelho,3.º quartil,4.55
2025,1941802,Carregal do Sal,Concelho,3.º quartil,6.08
2025,1941803,Castro Daire,Concelho,3.º quartil,6.03
2025,1941806,Mangualde,Concelho,3.º quartil,5.93
2025,1941809,Nelas,Concelho,3.º quartil,5.84
2025,1941816,São Pedro do Sul,Concelho,3.º quartil,7.39
2025,1941810,Oliveira de Frades,Concelho,3.º quartil,6.92
2025,1941811,Penalva do Castelo,Concelho,3.º quartil,5.83
2025,1941814,Santa Comba Dão,Concelho,3.º quartil,6.41
2025,1941817,Sátão,Concelho,3.º quartil,4.14
2025,1941821,Tondela,Concelho,3.º quartil,7.14
2025,1941822,Vila Nova de Paiva,Concelho,3.º quartil,5
2025,1941823,Viseu,Concelho,3.º quartil,8.68
2025,1941824,Vouzela,Concelho,3.º quartil,7.69
2025,195,Beira Baixa,NUTS III,3.º quartil,6.5
2025,1950502,Castelo Branco,Concelho,3.º quartil,6.91
2025,1950505,Idanha-a-Nova,Concelho,3.º quartil,4.35
2025,1950506,Oleiros,Concelho,3.º quartil,
2025,1950507,Penamacor,Concelho,3.º quartil,
2025,1950508,Proença-a-Nova,Concelho,3.º quartil,5.43
2025,1950509,Sertã,Concelho,3.º quartil,5.99
2025,1950510,Vila de Rei,Concelho,3.º quartil,
2025,1950511,Vila Velha de Ródão,Concelho,3.º quartil,5.45
2025,196,Beiras e Serra da Estrela,NUTS III,3.º quartil,6.76
2025,1960501,Belmonte,Concelho,3.º quartil,4.62
2025,1960503,Covilhã,Concelho,3.º quartil,8.1
2025,1960504,Fundão,Concelho,3.º quartil,5.99
2025,1960902,Almeida,Concelho,3.º quartil,
2025,1960903,Celorico da Beira,Concelho,3.º quartil,4.17
2025,1960904,Figueira de Castelo Rodrigo,Concelho,3.º quartil,
2025,1960905,Fornos de Algodres,Concelho,3.º quartil,
2025,1960906,Gouveia,Concelho,3.º quartil,4.57
2025,1960907,Guarda,Concelho,3.º quartil,6.61
2025,1960908,Manteigas,Concelho,3.º quartil,4.93
2025,1960909,Mêda,Concelho,3.º quartil,3.43
2025,1960910,Pinhel,Concelho,3.º quartil,3.83
2025,1960911,Sabugal,Concelho,3.º quartil,4.36
2025,1960912,Seia,Concelho,3.º quartil,5.33
2025,1960913,Trancoso,Concelho,3.º quartil,4.13
